season,club,player,height,minutes,height_match
2021-22,Arsenal,Bernd Leno,189,360,full
2021-22,Arsenal,Rúnar Alex Rúnarsson,186,0,full
2021-22,Arsenal,Willian Borges Da Silva,175,0,full
2021-22,Arsenal,Pierre-Emerick Aubameyang,187,1036,full
2021-22,Arsenal,Cédric Soares,171,1481,full
2021-22,Arsenal,Alexandre Lacazette,175,1773,full
2021-22,Arsenal,Granit Xhaka,185,2327,full
2021-22,Arsenal,Pablo Marí,193,180,full
2021-22,Arsenal,Héctor Bellerín,178,0,full
2021-22,Arsenal,Sead Kolasinac,183,91,full
2021-22,Arsenal,Mohamed Naser El Sayed Elneny,179,801,initial+lasttoken
2021-22,Arsenal,Ainsley Maitland-Niles,177,263,surname+initial
2021-22,Arsenal,Rob Holding,189,840,full
2021-22,Arsenal,Thomas Partey,185,2027,full
2021-22,Arsenal,Kieran Tierney,180,1916,full
2021-22,Arsenal,Nicolas Pépé,183,681,full
2021-22,Arsenal,Lucas Torreira,166,0,surname+initial
2021-22,Arsenal,Edward Nketiah,180,823,full
2021-22,Arsenal,Emile Smith Rowe,182,1909,full
2021-22,Arsenal,Bukayo Saka,178,2978,full
2021-22,Arsenal,Gabriel Magalhães,190,3063,full
2021-22,Arsenal,Konstantinos Mavropanos,194,0,full
2021-22,Arsenal,Mattéo Guendouzi,185,0,surname+initial
2021-22,Arsenal,Gabriel Teodoro Martinelli Silva,178,1855,full
2021-22,Arsenal,William Saliba,192,0,full
2021-22,Arsenal,Ben White,186,2880,full
2021-22,Arsenal,Nuno Varela Tavares,184,1169,initial+lasttoken
2021-22,Arsenal,Albert Sambi Lokonga,183,1129,full
2021-22,Arsenal,Folarin Balogun,178,69,full
2021-22,Arsenal,Reiss Nelson,175,19,full
2021-22,Arsenal,Karl Hein,193,0,surname+initial
2021-22,Arsenal,Martin Ødegaard,178,2782,full
2021-22,Arsenal,Aaron Ramsdale,191,3060,full
2021-22,Arsenal,Arthur Okonkwo,196,0,full
2021-22,Arsenal,Takehiro Tomiyasu,188,1680,full
2021-22,Arsenal,Charlie Patino,182,0,full
2021-22,Arsenal,Omari Hutchinson,174,0,full
2021-22,Arsenal,Salah-Eddine Oulad M'hand,177,0,full
2021-22,Arsenal,Mika Biereth,187,0,full
2021-22,Arsenal,Ryan Alebiosu,188,0,surname+initial
2021-22,Arsenal,Zach Awe,,0,UNMATCHED
2021-22,Arsenal,Zak Swanson,189,0,surname+initial
2021-22,Arsenal,Mazeed Ogungbo,188,0,full
2021-22,Arsenal,Marcelo Flores,163,0,full
2021-22,Arsenal,Miguel Azeez,180,0,full
2021-22,Arsenal,Alex Kirk,,0,UNMATCHED
2021-22,Aston Villa,Calum Chambers,182,999,full
2021-22,Aston Villa,Jed Steer,183,90,full
2021-22,Aston Villa,Conor Hourihane,180,0,full
2021-22,Aston Villa,Emiliano Martínez,195,3240,full
2021-22,Aston Villa,Björn Engels,195,0,full
2021-22,Aston Villa,Bertrand Traoré,181,212,surname+initial
2021-22,Aston Villa,Morgan Sanson,180,349,full
2021-22,Aston Villa,John McGinn,178,3090,full
2021-22,Aston Villa,Kortney Hause,191,397,full
2021-22,Aston Villa,Mahmoud Ahmed Ibrahim Hassan,180,10,full
2021-22,Aston Villa,Tyrone Mings,196,3188,full
2021-22,Aston Villa,Ollie Watkins,180,2950,full
2021-22,Aston Villa,Marvelous Nakamba,178,899,full
2021-22,Aston Villa,Emiliano Buendía Stati,172,1887,alias
2021-22,Aston Villa,Matthew Cash,185,3377,surname+initial
2021-22,Aston Villa,Ezri Konsa Ngoyo,183,2477,full
2021-22,Aston Villa,Frédéric Guilbert,178,0,full
2021-22,Aston Villa,Wesley Moraes,191,1,full
2021-22,Aston Villa,Mbwana Ally Samatta,183,0,full
2021-22,Aston Villa,Keinan Davis,191,11,full
2021-22,Aston Villa,Douglas Luiz Soares de Paulo,175,2715,full
2021-22,Aston Villa,Jacob Ramsey,180,2465,full
2021-22,Aston Villa,Ashley Young,175,1234,full
2021-22,Aston Villa,Lucas Digne,178,2440,full
2021-22,Aston Villa,Danny Ings,177,1891,full
2021-22,Aston Villa,Leon Bailey,178,750,full
2021-22,Aston Villa,Aaron Ramsey,183,0,surname+initial
2021-22,Aston Villa,Jaden Philogene-Bidace,179,4,full
2021-22,Aston Villa,Carney Chukwuemeka,188,291,full
2021-22,Aston Villa,Cameron Archer,176,24,full
2021-22,Aston Villa,Viljami Sinisalo,196,0,full
2021-22,Aston Villa,Lamare Bogarde,183,0,full
2021-22,Aston Villa,Tim Iroegbunam,183,90,full
2021-22,Aston Villa,Filip Marschall,195,0,full
2021-22,Aston Villa,Josh Feeney,194,0,surname+initial
2021-22,Aston Villa,Philippe Coutinho Correia,172,1327,full
2021-22,Aston Villa,Kaine Hayden,175,0,initial+lasttoken
2021-22,Aston Villa,Robin Olsen,198,90,surname+initial
2021-22,Aston Villa,Benjamin Chrisene,183,0,full
2021-22,Aston Villa,Tommi O'Reilly,170,0,full
2021-22,Brentford,Pontus Jansson,194,3321,full
2021-22,Brentford,Christian Nørgaard,187,3054,full
2021-22,Brentford,Ivan Toney,187,2908,full
2021-22,Brentford,Tariqe Fosu-Henry,,16,UNMATCHED
2021-22,Brentford,David Raya Martin,183,2160,full
2021-22,Brentford,Sergi Canós,177,2077,full
2021-22,Brentford,Pelenda Joshua Dasilva,184,250,initial+lasttoken
2021-22,Brentford,Rico Henry,170,2775,full
2021-22,Brentford,Vitaly Janelt,184,2295,full
2021-22,Brentford,Saman Ghoddos,175,524,full
2021-22,Brentford,Mathias Jensen,180,1590,full
2021-22,Brentford,Charlie Goode,196,448,full
2021-22,Brentford,Marcus Forss,182,203,full
2021-22,Brentford,Mads Roerslev Rasmussen,184,1232,full
2021-22,Brentford,Mads Bech Sørensen,193,833,full
2021-22,Brentford,Ethan Pinnock,194,2694,full
2021-22,Brentford,Ellery Balcombe,190,0,surname+initial
2021-22,Brentford,Jan Zamburek,182,0,full
2021-22,Brentford,Patrik Gunnarsson,190,0,surname+initial
2021-22,Brentford,Halil Dervişoğlu,183,0,surname+initial
2021-22,Brentford,Bryan Mbeumo,171,2905,full
2021-22,Brentford,Mads Bidstrup,175,36,full
2021-22,Brentford,Frank Onyeka,183,1040,full
2021-22,Brentford,Kristoffer Ajer,198,1995,full
2021-22,Brentford,Dominic Thompson,183,146,full
2021-22,Brentford,Shandon Baptiste,175,898,surname+initial
2021-22,Brentford,Yoane Wissa,176,1268,full
2021-22,Brentford,Álvaro Fernández,176,1080,surname+initial
2021-22,Brentford,Finley Stevens,179,14,full
2021-22,Brentford,Mathias Jorgensen,185,516,full
2021-22,Brentford,Paris Maghoma,178,0,surname+initial
2021-22,Brentford,Matthew Cox,182,0,full
2021-22,Brentford,Maxwell Haygarth,176,0,full
2021-22,Brentford,Nathan Young-Coombes,175,3,full
2021-22,Brentford,Myles Peart-Harris,187,0,full
2021-22,Brentford,Jonas Lössl,195,180,surname+initial
2021-22,Brentford,Christian Eriksen,182,938,full
2021-22,Brentford,Julian Jeanvier,185,0,full
2021-22,Brighton,Adam Lallana,172,1559,full
2021-22,Brighton,Jason Steele,188,90,full
2021-22,Brighton,Pascal Groß,181,2033,full
2021-22,Brighton,Shane Duffy,193,1434,full
2021-22,Brighton,Davy Pröpper,185,0,surname+initial
2021-22,Brighton,Lewis Dunk,192,2573,full
2021-22,Brighton,Solomon March,180,1733,full
2021-22,Brighton,Adam Webster,191,1429,full
2021-22,Brighton,Joël Veltman,184,2874,full
2021-22,Brighton,Neal Maupay,173,2269,full
2021-22,Brighton,Leandro Trossard,171,2803,full
2021-22,Brighton,Mathew Ryan,182,0,surname+initial
2021-22,Brighton,Alireza Jahanbakhsh,181,0,full
2021-22,Brighton,Bernardo Fernandes Da Silva Junior,186,0,full
2021-22,Brighton,Robert Sánchez,175,3330,surname+initial
2021-22,Brighton,Yves Bissouma,182,2110,full
2021-22,Brighton,Tariq Lamptey,163,1547,full
2021-22,Brighton,Aaron Connolly,175,154,surname+initial
2021-22,Brighton,Steven Alzate,180,401,full
2021-22,Brighton,Alexis Mac Allister,176,2112,full
2021-22,Brighton,Jakub Moder,191,1694,full
2021-22,Brighton,Danny Welbeck,185,1469,full
2021-22,Brighton,Enock Mwepu,184,990,full
2021-22,Brighton,Kjell Scherpen,202,0,full
2021-22,Brighton,Florin Andone,180,0,full
2021-22,Brighton,Andi Zeqiri,185,0,surname+initial
2021-22,Brighton,Michal Karbownik,175,0,full
2021-22,Brighton,Taylor Richards,180,23,full
2021-22,Brighton,Moisés Caicedo,178,660,full
2021-22,Brighton,Haydon Roberts,175,0,full
2021-22,Brighton,Marc Cucurella,173,3089,alias
2021-22,Brighton,Jürgen Locadia,185,22,surname+initial
2021-22,Brighton,Jeremy Sarmiento,178,44,full
2021-22,Brighton,Ed Turns,182,0,full
2021-22,Brighton,Marc Leonard,180,0,full
2021-22,Brighton,Evan Ferguson,188,22,full
2021-22,Brighton,Thomas McGill,185,0,full
2021-22,Brighton,Odeluga Offiah,181,0,full
2021-22,Burnley,James Tarkowski,188,3106,surname+initial
2021-22,Burnley,Phil Bardsley,180,0,full
2021-22,Burnley,Erik Pieters,183,726,full
2021-22,Burnley,Jack Cork,184,1670,full
2021-22,Burnley,Dale Stephens,185,123,full
2021-22,Burnley,Kevin Long,188,408,full
2021-22,Burnley,Jay Rodriguez,185,1365,full
2021-22,Burnley,Ashley Barnes,185,793,full
2021-22,Burnley,Ben Mee,180,1839,full
2021-22,Burnley,Ashley Westwood,175,2286,full
2021-22,Burnley,Johann Berg Gudmundsson,179,1097,alias
2021-22,Burnley,Matthew Lowton,181,1771,full
2021-22,Burnley,Matej Vydra,180,665,full
2021-22,Burnley,Nick Pope,199,3240,full
2021-22,Burnley,Charlie Taylor,185,2730,full
2021-22,Burnley,Will Norris,195,0,full
2021-22,Burnley,Josh Brownhill,180,2952,full
2021-22,Burnley,Josh Benson,178,0,full
2021-22,Burnley,Bailey Peacock-Farrell,193,0,full
2021-22,Burnley,Dwight McNeil,183,3104,full
2021-22,Burnley,Nathan Collins,193,1670,full
2021-22,Burnley,Wayne Hennessey,198,180,surname+initial
2021-22,Burnley,Lewis Richardson,179,0,full
2021-22,Burnley,Bobby Thomas,193,0,full
2021-22,Burnley,Owen Dodgson,178,0,full
2021-22,Burnley,Aaron Lennon,165,1541,full
2021-22,Burnley,Maxwel Cornet,179,1764,surname+initial
2021-22,Burnley,Connor Roberts,175,1689,surname+initial
2021-22,Burnley,Wout Weghorst,197,1448,full
2021-22,Burnley,Sam Waller,,0,UNMATCHED
2021-22,Burnley,Dara Costelloe,181,0,full
2021-22,Burnley,Joseph McGlynn,180,0,surname+initial
2021-22,Burnley,Anthony Mancini,179,0,surname+initial
2021-22,Chelsea,César Azpilicueta,178,2067,full
2021-22,Chelsea,Olivier Giroud,193,0,full
2021-22,Chelsea,Thiago Emiliano da Silva,183,2649,full
2021-22,Chelsea,Marcos Alonso,166,2164,surname+initial
2021-22,Chelsea,Jorge Luiz Frello Filho,178,2271,tokens
2021-22,Chelsea,Ross Barkley,186,174,surname+initial
2021-22,Chelsea,Mateo Kovacic,177,1552,full
2021-22,Chelsea,Michy Batshuayi,185,0,full
2021-22,Chelsea,Antonio Rüdiger,190,3035,full
2021-22,Chelsea,Kepa Arrizabalaga,189,360,alias
2021-22,Chelsea,N'Golo Kanté,168,1769,surname+initial
2021-22,Chelsea,Hakim Ziyech,181,1311,full
2021-22,Chelsea,Ruben Loftus-Cheek,191,1384,full
2021-22,Chelsea,Andreas Christensen,187,1494,full
2021-22,Chelsea,Timo Werner,180,1278,full
2021-22,Chelsea,Benjamin Chilwell,180,541,surname+initial
2021-22,Chelsea,Tammy Abraham,194,0,full
2021-22,Chelsea,Christian Pulisic,177,1282,full
2021-22,Chelsea,Mason Mount,181,2358,full
2021-22,Chelsea,Ethan Ampadu,182,0,full
2021-22,Chelsea,Callum Hudson-Odoi,182,958,surname+initial
2021-22,Chelsea,Kai Havertz,193,1802,full
2021-22,Chelsea,Reece James,178,1863,surname+initial
2021-22,Chelsea,Edouard Mendy,197,3060,full
2021-22,Chelsea,Malang Sarr,183,544,full
2021-22,Chelsea,Trevoh Chalobah,191,1447,full
2021-22,Chelsea,Romelu Lukaku,191,1583,full
2021-22,Chelsea,Emerson Palmieri dos Santos,176,4,full
2021-22,Chelsea,Saúl Ñíguez,184,478,full
2021-22,Chelsea,Marcus Bettinelli,193,0,full
2021-22,Chelsea,Lewis Hall,179,0,full
2021-22,Chelsea,Harvey Vale,181,0,full
2021-22,Chelsea,Robert Kenedy Nunes do Nascimento,182,58,full
2021-22,Crystal Palace,Conor Gallagher,182,2843,full
2021-22,Crystal Palace,Vicente Guaita,190,2655,alias
2021-22,Crystal Palace,James Tomkins,192,545,full
2021-22,Crystal Palace,James McArthur,178,1434,full
2021-22,Crystal Palace,Christian Benteke,190,1132,full
2021-22,Crystal Palace,Cheikhou Kouyaté,189,1970,full
2021-22,Crystal Palace,Martin Kelly,191,0,full
2021-22,Crystal Palace,Luka Milivojevic,186,767,full
2021-22,Crystal Palace,Jordan Ayew,182,2012,full
2021-22,Crystal Palace,Wilfried Zaha,180,2759,full
2021-22,Crystal Palace,Jeffrey Schlupp,178,1840,full
2021-22,Crystal Palace,Jack Butland,196,765,full
2021-22,Crystal Palace,Jairo Riedewald,182,116,full
2021-22,Crystal Palace,Jarosław Jach,189,0,surname+initial
2021-22,Crystal Palace,Jean-Philippe Mateta,192,1138,full
2021-22,Crystal Palace,Eberechi Eze,178,599,full
2021-22,Crystal Palace,Nathan Ferguson,178,8,full
2021-22,Crystal Palace,Tyrick Mitchell,175,3101,surname+initial
2021-22,Crystal Palace,Will Hughes,185,1050,full
2021-22,Crystal Palace,Michael Olise,189,1127,surname+initial
2021-22,Crystal Palace,Joel Ward,188,2486,full
2021-22,Crystal Palace,Marc Guéhi,182,3222,surname+initial
2021-22,Crystal Palace,Joachim Andersen,192,2914,full
2021-22,Crystal Palace,Nathaniel Clyne,175,1351,full
2021-22,Crystal Palace,Reece Hannam,178,0,full
2021-22,Crystal Palace,Jesurun Rak-Sakyi,178,79,full
2021-22,Crystal Palace,Robert Street,188,0,full
2021-22,Crystal Palace,Scott Banks,183,0,full
2021-22,Crystal Palace,Remi Matthews,192,0,full
2021-22,Crystal Palace,Odsonne Edouard,187,1554,full
2021-22,Crystal Palace,Tayo Adaramola,177,0,full
2021-22,Everton,Anwar El Ghazi,188,392,full
2021-22,Everton,Fabian Delph,174,660,full
2021-22,Everton,Gylfi Sigurdsson,186,0,surname+initial
2021-22,Everton,Seamus Coleman,177,2656,full
2021-22,Everton,James Rodríguez,179,0,surname+initial
2021-22,Everton,Bernard Anício Caldeira Duarte,164,0,full
2021-22,Everton,Michael Keane,191,2791,full
2021-22,Everton,Jordan Pickford,185,3150,full
2021-22,Everton,Allan Marques Loureiro,175,2181,full
2021-22,Everton,André Filipe Tavares Gomes,188,614,full
2021-22,Everton,Abdoulaye Doucouré,184,2536,full
2021-22,Everton,Alex Iwobi,185,2029,full
2021-22,Everton,Yerry Mina,195,844,full
2021-22,Everton,Tom Davies,180,230,full
2021-22,Everton,Dominic Calvert-Lewin,187,1281,full
2021-22,Everton,Mason Holgate,184,2133,full
2021-22,Everton,Ben Godfrey,183,2029,full
2021-22,Everton,Richarlison de Andrade,184,2522,full
2021-22,Everton,João Virgínia,192,0,initial+lasttoken
2021-22,Everton,Donny van de Beek,184,550,full
2021-22,Everton,Bamidele Alli,188,985,full
2021-22,Everton,Asmir Begović,199,270,full
2021-22,Everton,Andros Townsend,175,1452,full
2021-22,Everton,Demarai Gray,183,2336,full
2021-22,Everton,Jonjoe Kenny,176,1015,full
2021-22,Everton,Anthony Gordon,183,2277,full
2021-22,Everton,Jean-Philippe Gbamin,186,65,full
2021-22,Everton,Jarrad Branthwaite,195,387,full
2021-22,Everton,Nathan Broadhead,178,0,full
2021-22,Everton,Moise Kean,183,1,full
2021-22,Everton,Niels Nkounkou,180,0,full
2021-22,Everton,Andy Lonergan,192,0,surname+initial
2021-22,Everton,Salomón Rondón,186,779,full
2021-22,Everton,Ellis Simms,191,61,full
2021-22,Everton,Lewis Dobbin,175,30,full
2021-22,Everton,Charlie Whitaker,,0,UNMATCHED
2021-22,Everton,Harry Tyrer,,0,UNMATCHED
2021-22,Everton,Cenk Tosun,183,5,full
2021-22,Everton,Reece Welch,197,0,full
2021-22,Everton,Tyler Onyango,196,27,full
2021-22,Everton,Nathan Patterson,189,0,full
2021-22,Everton,Vitalii Mykolenko,180,1054,surname+initial
2021-22,Everton,Isaac Price,184,13,full
2021-22,Leicester,Kasper Schmeichel,189,3330,full
2021-22,Leicester,Jonny Evans,188,1346,full
2021-22,Leicester,Marc Albrighton,175,1127,full
2021-22,Leicester,Nampalys Mendy,167,1032,full
2021-22,Leicester,Danny Ward,191,90,surname+initial
2021-22,Leicester,Jamie Vardy,179,1801,full
2021-22,Leicester,Dennis Praet,181,0,full
2021-22,Leicester,Ricardo Domingos Barbosa Pereira,175,990,full
2021-22,Leicester,Daniel Amartey,186,2118,full
2021-22,Leicester,Timothy Castagne,185,2124,full
2021-22,Leicester,Youri Tielemans,176,2629,full
2021-22,Leicester,Ayoze Pérez,178,438,full
2021-22,Leicester,James Maddison,175,2454,full
2021-22,Leicester,Kelechi Iheanacho,185,1253,full
2021-22,Leicester,Hamza Choudhury,178,284,full
2021-22,Leicester,Harvey Barnes,182,2095,full
2021-22,Leicester,Wilfred Ndidi,183,1617,full
2021-22,Leicester,Çaglar Söyüncü,185,2497,full
2021-22,Leicester,James Justin,183,996,full
2021-22,Leicester,Luke Thomas,177,1911,surname+initial
2021-22,Leicester,Wesley Fofana,190,630,surname+initial
2021-22,Leicester,Jannik Vestergaard,199,563,full
2021-22,Leicester,Patson Daka,183,1152,full
2021-22,Leicester,Boubakary Soumaré,188,1095,full
2021-22,Leicester,Ryan Bertrand,179,337,full
2021-22,Leicester,Kiernan Dewsbury-Hall,180,2101,surname+initial
2021-22,Leicester,Eldin Jakupovic,191,0,full
2021-22,Leicester,Ademola Lookman,174,1446,full
2021-22,Leicester,Vontae Daley-Campbell,183,0,full
2021-22,Leicester,Ben Nelson,187,0,full
2021-22,Leicester,Lewis Brunt,187,23,full
2021-22,Leicester,Kasey McAteer,177,2,full
2021-22,Leeds,Pablo Hernández Domínguez,173,0,full
2021-22,Leeds,Francisco Casilla Cortés,190,0,full
2021-22,Leeds,Liam Cooper,187,1814,full
2021-22,Leeds,Luke Ayling,185,2272,full
2021-22,Leeds,Mateusz Klich,183,2071,surname+initial
2021-22,Leeds,Rodrigo Moreno,181,2263,initial+lasttoken
2021-22,Leeds,Stuart Dallas,180,2920,surname+initial
2021-22,Leeds,Patrick Bamford,185,557,full
2021-22,Leeds,Diego Llorente,186,2341,surname+initial
2021-22,Leeds,Kalvin Phillips,178,1594,full
2021-22,Leeds,Hélder Wander Sousa de Azevedo e Costa,179,21,initial+lasttoken
2021-22,Leeds,Tyler Roberts,180,976,surname+initial
2021-22,Leeds,Robin Koch,192,1572,full
2021-22,Leeds,Ian Carlo Poveda-Ocampo,167,0,full
2021-22,Leeds,Raphael Dias Belloli,176,2916,full
2021-22,Leeds,Jamie Shackleton,168,704,full
2021-22,Leeds,Pascal Struijk,190,2050,full
2021-22,Leeds,Illan Meslier,196,3384,full
2021-22,Leeds,Jack Harrison,175,2638,full
2021-22,Leeds,Daniel James,171,2489,full
2021-22,Leeds,Héctor Junior Firpo Adames,184,1709,full
2021-22,Leeds,Kristoffer Klaesson,189,35,surname+initial
2021-22,Leeds,Sam Greenwood,180,231,full
2021-22,Leeds,Crysencio Summerville,174,126,full
2021-22,Leeds,Adam Forshaw,174,1526,full
2021-22,Leeds,Cody Drameh,184,126,surname+initial
2021-22,Leeds,Charlie Cresswell,191,140,full
2021-22,Leeds,Liam McCarron,176,9,full
2021-22,Leeds,Joe Gelhardt,179,733,full
2021-22,Leeds,Nohan Kenneh,190,0,full
2021-22,Leeds,Stuart McKinstry,179,3,full
2021-22,Leeds,Leo Fuhr Hjelde,188,148,full
2021-22,Leeds,Lewis Bate,172,145,full
2021-22,Leeds,Jack Jenkins,176,0,full
2021-22,Leeds,Kris Moore,196,0,surname+initial
2021-22,Leeds,Archie Gray,187,0,full
2021-22,Liverpool,James Milner,175,844,full
2021-22,Liverpool,Jordan Henderson,187,2592,full
2021-22,Liverpool,Adrián San Miguel del Castillo,190,0,full
2021-22,Liverpool,Joel Matip,194,2790,surname+initial
2021-22,Liverpool,Thiago Alcántara do Nascimento,174,1527,full
2021-22,Liverpool,Xherdan Shaqiri,169,0,full
2021-22,Liverpool,Alex Oxlade-Chamberlain,175,777,full
2021-22,Liverpool,Roberto Firmino,181,980,initial+lasttoken
2021-22,Liverpool,Virgil van Dijk,193,3060,full
2021-22,Liverpool,Sadio Mané,174,2818,full
2021-22,Liverpool,Alisson Ramses Becker,193,3240,full
2021-22,Liverpool,Fabio Henrique Tavares,188,2311,full
2021-22,Liverpool,Mohamed Salah,175,2758,full
2021-22,Liverpool,Andrew Robertson,178,2537,full
2021-22,Liverpool,Divock Origi,189,126,full
2021-22,Liverpool,Takumi Minamino,172,178,full
2021-22,Liverpool,Trent Alexander-Arnold,180,2853,surname+initial
2021-22,Liverpool,Joseph Gomez,188,330,surname+initial
2021-22,Liverpool,Naby Keita,172,1169,full
2021-22,Liverpool,Diogo Jota,178,2357,full
2021-22,Liverpool,Nathaniel Phillips,190,0,full
2021-22,Liverpool,Caoimhin Kelleher,188,180,full
2021-22,Liverpool,Ibrahima Konaté,194,990,full
2021-22,Liverpool,Curtis Jones,185,849,full
2021-22,Liverpool,Konstantinos Tsimikas,179,874,full
2021-22,Liverpool,Neco Williams,183,7,full
2021-22,Liverpool,Rhys Williams,195,0,surname+initial
2021-22,Liverpool,Ben Davies,181,0,surname+initial
2021-22,Liverpool,Harvey Elliott,168,344,full
2021-22,Liverpool,Ben Woodburn,174,0,surname+initial
2021-22,Liverpool,Tyler Morton,178,65,surname+initial
2021-22,Liverpool,Kaide Gordon,173,8,full
2021-22,Liverpool,Conor Bradley,181,0,full
2021-22,Liverpool,Owen Beck,181,0,full
2021-22,Liverpool,Marcelo de Araújo Pitaluga Filho,191,0,full
2021-22,Liverpool,Jarell Quansah,190,0,full
2021-22,Liverpool,Luis Díaz,180,957,full
2021-22,Man City,Jack Grealish,180,1910,full
2021-22,Man City,Kyle Walker,183,1755,full
2021-22,Man City,Ilkay Gündogan,180,1851,full
2021-22,Man City,Kevin De Bruyne,181,2196,full
2021-22,Man City,John Stones,188,1117,full
2021-22,Man City,Benjamin Mendy,185,78,full
2021-22,Man City,Riyad Mahrez,179,1485,full
2021-22,Man City,Raheem Sterling,170,2121,full
2021-22,Man City,João Pedro Cavaco Cancelo,182,3227,full
2021-22,Man City,Ederson Santana de Moraes,188,3330,full
2021-22,Man City,Nathan Aké,180,919,full
2021-22,Man City,Aymeric Laporte,191,2830,full
2021-22,Man City,Zack Steffen,191,90,full
2021-22,Man City,Bernardo Mota Veiga de Carvalho e Silva,173,2856,full
2021-22,Man City,Rúben Santos Gato Alves Dias,187,2401,alias
2021-22,Man City,Gabriel Fernando de Jesus,175,1871,full
2021-22,Man City,Oleksandr Zinchenko,175,1044,full
2021-22,Man City,Phil Foden,171,2125,full
2021-22,Man City,Rodrigo Hernandez,170,2884,surname+initial
2021-22,Man City,Ferran Torres,182,303,full
2021-22,Man City,Fernando Luiz Rosa,179,956,full
2021-22,Man City,Cole Palmer,189,121,surname+initial
2021-22,Man City,Samuel Edozie,181,0,full
2021-22,Man City,Tommy Doyle,172,0,full
2021-22,Man City,Scott Carson,188,0,full
2021-22,Man City,Luke Mbete,185,0,surname+initial
2021-22,Man City,Joshua Wilson-Esbrand,176,0,full
2021-22,Man City,Romeo Lavia,181,0,full
2021-22,Man City,Cieran Slicker,191,0,full
2021-22,Man City,James McAtee,180,18,full
2021-22,Man City,Conrad Egan-Riley,183,3,surname+initial
2021-22,Man City,Kayky da Silva Chagas,175,6,full
2021-22,Man City,Liam Delap,186,8,full
2021-22,Man Utd,Edinson Cavani,184,760,full
2021-22,Man Utd,David de Gea,192,3420,initial+lasttoken
2021-22,Man Utd,Nemanja Matic,194,1375,full
2021-22,Man Utd,Paul Pogba,191,1347,full
2021-22,Man Utd,Harry Maguire,193,2513,full
2021-22,Man Utd,Frederico Rodrigues de Paula Santos,169,2026,full
2021-22,Man Utd,Luke Shaw,181,1600,surname+initial
2021-22,Man Utd,Jesse Lingard,175,354,full
2021-22,Man Utd,Bruno Miguel Borges Fernandes,179,3110,full
2021-22,Man Utd,Anthony Martial,184,207,full
2021-22,Man Utd,Alex Nicolao Telles,181,1658,full
2021-22,Man Utd,Dean Henderson,188,0,full
2021-22,Man Utd,Marcus Rashford,186,1224,full
2021-22,Man Utd,Axel Tuanzebe,185,505,full
2021-22,Man Utd,Victor Lindelöf,187,2353,full
2021-22,Man Utd,Scott McTominay,193,2386,full
2021-22,Man Utd,Eric Bailly,187,216,full
2021-22,Man Utd,Aaron Wan-Bissaka,183,1793,full
2021-22,Man Utd,Mason Greenwood,181,1269,full
2021-22,Man Utd,Juan Mata,186,230,surname+initial
2021-22,Man Utd,Jadon Sancho,180,1894,full
2021-22,Man Utd,Tom Heaton,188,0,full
2021-22,Man Utd,José Diogo Dalot Teixeira,184,1797,full
2021-22,Man Utd,Andreas Pereira,178,0,full
2021-22,Man Utd,Anthony Elanga,178,1208,full
2021-22,Man Utd,Raphaël Varane,191,1829,full
2021-22,Man Utd,Cristiano Ronaldo dos Santos Aveiro,187,2454,full
2021-22,Man Utd,Phil Jones,185,161,full
2021-22,Man Utd,Amad Diallo,173,0,full
2021-22,Man Utd,Hannibal Mejbri,182,67,full
2021-22,Man Utd,Alejandro Garnacho Ferreyra,180,12,full
2021-22,Man Utd,Shola Shoretire,175,15,surname+initial
2021-22,Man Utd,Álvaro Fernández,176,0,surname+initial
2021-22,Man Utd,Charlie Savage,182,0,full
2021-22,Newcastle,Joseph Willock,186,2037,full
2021-22,Newcastle,Matt Targett,183,2871,full
2021-22,Newcastle,Dan Burn,198,2461,surname+initial
2021-22,Newcastle,Chris Wood,191,2694,full
2021-22,Newcastle,Jonjo Shelvey,184,1981,full
2021-22,Newcastle,Matt Ritchie,172,1333,full
2021-22,Newcastle,Ciaran Clark,185,1012,full
2021-22,Newcastle,Karl Darlow,190,720,full
2021-22,Newcastle,Martin Dubravka,190,2340,full
2021-22,Newcastle,Callum Wilson,180,1386,surname+initial
2021-22,Newcastle,Jeff Hendrick,185,69,full
2021-22,Newcastle,Ryan Fraser,163,1459,full
2021-22,Newcastle,Jamaal Lascelles,188,2055,full
2021-22,Newcastle,Dwight Gayle,174,34,full
2021-22,Newcastle,Paul Dummett,183,197,full
2021-22,Newcastle,Javier Manquillo,178,1258,full
2021-22,Newcastle,Emil Krafth,184,1636,full
2021-22,Newcastle,Jacob Murphy,179,1457,full
2021-22,Newcastle,Fabian Schär,186,2158,full
2021-22,Newcastle,Isaac Hayden,185,1000,full
2021-22,Newcastle,Allan Saint-Maximin,173,2804,full
2021-22,Newcastle,Miguel Almirón,174,1706,surname+initial
2021-22,Newcastle,Sean Longstaff,180,1458,surname+initial
2021-22,Newcastle,Joelinton Cássio Apolinário de Lira,186,2554,full
2021-22,Newcastle,Jamal Lewis,178,261,full
2021-22,Newcastle,Matthew Longstaff,171,0,surname+initial
2021-22,Newcastle,Federico Fernández,190,521,full
2021-22,Newcastle,Freddie Woodman,188,360,full
2021-22,Newcastle,Mark Gillespie,192,0,full
2021-22,Newcastle,Joe White,186,0,full
2021-22,Newcastle,Elliot Anderson,179,0,full
2021-22,Newcastle,Kieran Trippier,173,429,full
2021-22,Newcastle,Bruno Guimarães Rodriguez Moura,182,1031,full
2021-22,Newcastle,Lucas De Bolle,,0,UNMATCHED
2021-22,Norwich,Billy Gilmour,170,1852,full
2021-22,Norwich,Brandon Williams,182,2119,full
2021-22,Norwich,Michael McGovern,191,0,full
2021-22,Norwich,Tim Krul,188,2610,full
2021-22,Norwich,Teemu Pukki,180,3253,full
2021-22,Norwich,Marco Stiepermann,190,0,full
2021-22,Norwich,Lukas Rupp,178,759,full
2021-22,Norwich,Kenny McLean,183,2707,surname+initial
2021-22,Norwich,Grant Hanley,187,2897,full
2021-22,Norwich,Onel Hernández,172,0,full
2021-22,Norwich,Sam Byram,183,1023,full
2021-22,Norwich,Jordan Hugill,183,0,full
2021-22,Norwich,Kieran Dowell,185,905,full
2021-22,Norwich,Christoph Zimmermann,194,156,full
2021-22,Norwich,Todd Cantwell,177,438,full
2021-22,Norwich,Max Aarons,171,2879,surname+initial
2021-22,Norwich,Jacob Sørensen,184,600,surname+initial
2021-22,Norwich,Przemyslaw Placheta,178,499,full
2021-22,Norwich,Adam Idah,190,617,full
2021-22,Norwich,Josh Martin,185,0,full
2021-22,Norwich,Andrew Omobamidele,190,381,surname+initial
2021-22,Norwich,Angus Gunn,196,810,full
2021-22,Norwich,Milot Rashica,177,2228,full
2021-22,Norwich,Ben Gibson,185,2494,full
2021-22,Norwich,Dimitris Giannoulis,175,1165,full
2021-22,Norwich,Pierre Lees-Melou,186,2261,full
2021-22,Norwich,Bali Mumba,168,45,full
2021-22,Norwich,Joshua Sargent,185,1566,surname+initial
2021-22,Norwich,Christos Tzolis,184,326,surname+initial
2021-22,Norwich,Ozan Kabak,187,923,full
2021-22,Norwich,Mathias Normann,179,1643,surname+initial
2021-22,Norwich,Jonathan Tomkinson,192,0,full
2021-22,Norwich,Jonathan Rowe,178,208,full
2021-22,Norwich,Thomas Dickson-Peters,180,0,full
2021-22,Norwich,Jon McCracken,185,0,full
2021-22,Norwich,Liam Gibbs,178,0,full
2021-22,Norwich,Abu Kamara,185,0,full
2021-22,Norwich,Tony Springett,174,140,full
2021-22,Southampton,Theo Walcott,176,376,full
2021-22,Southampton,Fraser Forster,201,1710,full
2021-22,Southampton,Alex McCarthy,193,1530,full
2021-22,Southampton,Oriol Romeu Vidal,183,2890,full
2021-22,Southampton,Nathan Redmond,173,1827,full
2021-22,Southampton,Jack Stephens,185,810,full
2021-22,Southampton,Stuart Armstrong,183,1465,full
2021-22,Southampton,James Ward-Prowse,173,3215,surname+initial
2021-22,Southampton,Kyle Walker-Peters,173,2630,full
2021-22,Southampton,Jan Bednarek,189,2629,full
2021-22,Southampton,Daniel N'Lundulu,,0,UNMATCHED
2021-22,Southampton,Che Adams,178,2034,full
2021-22,Southampton,Nathan Tella,173,802,full
2021-22,Southampton,William Smallbone,173,132,surname+initial
2021-22,Southampton,Michael Obafemi,169,0,full
2021-22,Southampton,Ibrahima Diallo,179,1016,full
2021-22,Southampton,Moussa Djenepo,177,452,full
2021-22,Southampton,Mohammed Salisu,188,2971,full
2021-22,Southampton,Romain Perraud,173,1621,full
2021-22,Southampton,Tino Livramento,181,2200,surname+initial
2021-22,Southampton,Mohamed Elyounoussi,178,2039,surname+initial
2021-22,Southampton,Armando Broja,191,1969,full
2021-22,Southampton,Shane Long,180,300,full
2021-22,Southampton,Adam Armstrong,172,1409,full
2021-22,Southampton,Yan Valery,180,369,surname+initial
2021-22,Southampton,Lyanco Evangelista Silveira Neves Vojnovic,187,906,full
2021-22,Southampton,Harry Lewis,191,0,full
2021-22,Southampton,Willy Caballero,186,180,surname+initial
2021-22,Southampton,Dynel Simeu,187,0,surname+initial
2021-22,Southampton,Thierry Small,177,0,full
2021-22,Southampton,Kgaogelo Chauke,177,0,surname+initial
2021-22,Southampton,Tyler Dibling,178,0,full
2021-22,Spurs,Joe Hart,196,0,surname+initial
2021-22,Spurs,Hugo Lloris,188,3420,full
2021-22,Spurs,Toby Alderweireld,186,0,surname+initial
2021-22,Spurs,Erik Lamela,181,0,full
2021-22,Spurs,Harry Kane,188,3231,full
2021-22,Spurs,Serge Aurier,176,0,full
2021-22,Spurs,Heung-Min Son,178,3009,webname-full
2021-22,Spurs,Matt Doherty,182,871,surname+initial
2021-22,Spurs,Eric Dier,188,3071,surname+initial
2021-22,Spurs,Lucas Rodrigues Moura da Silva,174,1763,full
2021-22,Spurs,Ben Davies,181,2537,surname+initial
2021-22,Spurs,Pierre-Emile Højbjerg,187,3196,initial+lasttoken
2021-22,Spurs,Harry Winks,176,904,full
2021-22,Spurs,Davinson Sánchez,187,1626,surname+initial
2021-22,Spurs,Ryan Sessegnon,178,1046,full
2021-22,Spurs,Steven Bergwijn,178,548,surname+initial
2021-22,Spurs,Sergio Reguilón,178,1914,full
2021-22,Spurs,Japhet Tanganga,180,735,surname+initial
2021-22,Spurs,Giovani Lo Celso,177,231,full
2021-22,Spurs,Oliver Skipp,175,1346,full
2021-22,Spurs,Joe Rodon,193,87,full
2021-22,Spurs,Tanguy Ndombele,181,481,surname+initial
2021-22,Spurs,Pierluigi Gollini,194,0,full
2021-22,Spurs,Bryan Gil Salvatierra,175,86,full
2021-22,Spurs,Cristian Romero,185,1844,full
2021-22,Spurs,Dane Scarlett,179,3,surname+initial
2021-22,Spurs,Emerson Aparecido Leite de Souza Junior,181,2282,full
2021-22,Spurs,Dilan Markanday,175,0,surname+initial
2021-22,Spurs,Tobi Omole,187,0,full
2021-22,Spurs,Brandon Austin,188,0,surname+initial
2021-22,Spurs,Harvey White,178,0,surname+initial
2021-22,Spurs,Dejan Kulusevski,186,1259,full
2021-22,Spurs,Rodrigo Bentancur,187,1360,surname+initial
2021-22,Spurs,Alfie Devine,180,0,full
2021-22,Spurs,Jamie Bowden,183,0,full
2021-22,Spurs,Marcel Lavinier,180,0,surname+initial
2021-22,Spurs,Matthew Craig,184,0,full
2021-22,Watford,Moussa Sissoko,187,3220,full
2021-22,Watford,Ben Foster,193,2340,full
2021-22,Watford,Danny Rose,174,688,full
2021-22,Watford,Dan Gosling,183,164,surname+initial
2021-22,Watford,Craig Cathcart,189,2394,full
2021-22,Watford,Troy Deeney,183,23,full
2021-22,Watford,Tom Cleverley,175,1611,full
2021-22,Watford,Francisco Femenía Far,174,2143,full
2021-22,Watford,Andre Gray,180,0,full
2021-22,Watford,Christian Kabasele,187,1190,full
2021-22,Watford,Nathaniel Chalobah,187,0,full
2021-22,Watford,William Troost-Ekong,191,1388,full
2021-22,Watford,Stipe Perica,193,0,full
2021-22,Watford,Daniel Bachmann,191,1080,full
2021-22,Watford,Adam Masina,191,1075,full
2021-22,Watford,Ken Sema,180,844,full
2021-22,Watford,Philip Zinckernagel,175,0,surname+initial
2021-22,Watford,Isaac Success Ajayi,182,0,tokens
2021-22,Watford,Ayotomiwa Dele-Bashiru,178,0,full
2021-22,Watford,Ashley Fletcher,188,28,full
2021-22,Watford,Francisco Sierralta,192,427,full
2021-22,Watford,Domingos Quina,173,0,full
2021-22,Watford,Marc Navarro,173,0,surname+initial
2021-22,Watford,Ismaila Sarr,185,1862,full
2021-22,Watford,Jeremy Ngakia,178,896,full
2021-22,Watford,Ben Wilmot,188,0,full
2021-22,Watford,Joseph Hungbo,173,0,full
2021-22,Watford,Imrân Louza,178,1415,full
2021-22,Watford,João Pedro Junqueira de Jesus,182,1634,full
2021-22,Watford,Kwadwo Baah,183,0,surname+initial
2021-22,Watford,Emmanuel Dennis,175,2579,full
2021-22,Watford,Matthew Pollock,190,0,full
2021-22,Watford,Oghenekaro Peter Etebo,176,396,full
2021-22,Watford,Joshua King,180,2244,full
2021-22,Watford,Adedapo Awokoya-Mebude,189,0,initial+lasttoken
2021-22,Watford,Juan Camilo Hernández Suárez,176,1138,full
2021-22,Watford,Juraj Kucka,186,1917,full
2021-22,Watford,Ozan Tufan,184,334,full
2021-22,Watford,Robert Elliot,190,0,surname+initial
2021-22,Watford,Nicolas Nkoulou,184,167,surname+initial
2021-22,Watford,James Morris,183,0,surname+initial
2021-22,Watford,Vincent Angelini,186,0,full
2021-22,Watford,Kamil Conteh,177,0,full
2021-22,Watford,Hassane Kamara,168,1622,full
2021-22,Watford,Samir Caetano de Souza Santos,188,1674,full
2021-22,Watford,Edo Kayembe,183,795,full
2021-22,Watford,Samuel Kalu,177,221,full
2021-22,Watford,Shaqai Forde,174,0,full
2021-22,Watford,Tiago Çukur,196,0,full
2021-22,Watford,Adrian Blake,170,0,full
2021-22,Watford,Jack Grieves,,0,UNMATCHED
2021-22,West Ham,Kurt Zouma,190,2078,full
2021-22,West Ham,Mark Noble,177,325,full
2021-22,West Ham,Darren Randolph,188,0,full
2021-22,West Ham,Lukasz Fabianski,190,3330,full
2021-22,West Ham,Angelo Ogbonna,191,921,full
2021-22,West Ham,Winston Reid,190,0,surname+initial
2021-22,West Ham,Aaron Cresswell,175,2726,full
2021-22,West Ham,Andriy Yarmolenko,189,303,full
2021-22,West Ham,Michail Antonio,180,2975,full
2021-22,West Ham,Craig Dawson,188,2752,full
2021-22,West Ham,Ryan Fredericks,181,303,full
2021-22,West Ham,Manuel Lanzini,167,1777,full
2021-22,West Ham,Arthur Masuaku,179,645,full
2021-22,West Ham,Vladimir Coufal,175,2207,full
2021-22,West Ham,Saïd Benrahma,172,2162,full
2021-22,West Ham,Jarrod Bowen,175,2987,full
2021-22,West Ham,Declan Rice,185,3178,surname+initial
2021-22,West Ham,Tomas Soucek,192,3061,full
2021-22,West Ham,Pablo Fornals,178,2795,full
2021-22,West Ham,Issa Diop,194,961,full
2021-22,West Ham,Ben Johnson,184,1397,full
2021-22,West Ham,Alphonse Areola,195,90,full
2021-22,West Ham,Frederik Alves,195,0,surname+initial
2021-22,West Ham,Conor Coventry,175,0,full
2021-22,West Ham,Jamal Baptiste,183,0,full
2021-22,West Ham,Nikola Vlasic,178,549,full
2021-22,West Ham,Alex Kral,186,1,full
2021-22,West Ham,Harrison Ashby,180,6,full
2021-22,West Ham,Sonny Perkins,178,3,full
2021-22,West Ham,Ajibola Alese,192,0,full
2021-22,West Ham,Armstrong Oko-Flex,180,0,surname+initial
2021-22,West Ham,Pierre Ekwah,189,0,surname+initial
2021-22,West Ham,Daniel Chesters,177,1,full
2021-22,Wolves,João Filipe Iria Santos Moutinho,170,2970,full
2021-22,Wolves,Rui Pedro dos Santos Patrício,190,0,full
2021-22,Wolves,Willy Boly,195,900,full
2021-22,Wolves,Conor Coady,186,3361,full
2021-22,Wolves,Raúl Jiménez,188,2630,surname+initial
2021-22,Wolves,Romain Saïss,190,2706,full
2021-22,Wolves,Fernando Marçal,178,1448,alias
2021-22,Wolves,Jonathan Castro Otto,170,1022,full
2021-22,Wolves,Leander Dendoncker,188,1945,full
2021-22,Wolves,Adama Traoré,177,1069,surname+initial
2021-22,Wolves,Rúben Diogo da Silva Neves,183,2659,full
2021-22,Wolves,Nélson Cabral Semedo,177,2131,full
2021-22,Wolves,Daniel Castelo Podence,165,1475,full
2021-22,Wolves,Max Kilman,194,2688,surname+initial
2021-22,Wolves,Morgan Gibbs-White,171,7,full
2021-22,Wolves,Pedro Lomba Neto,172,459,full
2021-22,Wolves,Owen Otasowie,191,0,surname+initial
2021-22,Wolves,Ki-Jana Hoever,183,306,full
2021-22,Wolves,Andreas Söndergaard,188,0,full
2021-22,Wolves,Fabio Silva,185,562,full
2021-22,Wolves,Yerson Mosquera Valdelamar,188,0,full
2021-22,Wolves,John Ruddy,193,135,full
2021-22,Wolves,Francisco Machado Mota de Castro Trincão,184,1328,initial+lasttoken
2021-22,Wolves,Rayan Ait Nouri,180,1826,full
2021-22,Wolves,José Malheiro de Sá,192,3285,alias
2021-22,Wolves,Patrick Cutrone,183,0,full
2021-22,Wolves,Luke Cundle,170,179,surname+initial
2021-22,Wolves,Chem Campbell,180,12,full
2021-22,Wolves,Christian Marques,187,0,initial+lasttoken
2021-22,Wolves,Hee-Chan Hwang,177,1811,alias
2021-22,Wolves,Louie Moulden,,0,UNMATCHED
2021-22,Wolves,James Storer,185,0,surname+initial
2021-22,Wolves,Hugo Bueno,180,0,full
2021-22,Wolves,Bruno André Cavaco Jordão,180,0,full
2021-22,Wolves,Toti António Gomes,187,360,surname+initial
2021-22,Wolves,Dion Sanderson,188,0,full
2021-22,Wolves,Ryan Giles,183,0,full
2021-22,Wolves,Francisco Jorge Tomás Oliveira,,203,UNMATCHED
2022-23,Arsenal,Granit Xhaka,185,2992,full
2022-23,Arsenal,Mohamed Elneny,179,111,full
2022-23,Arsenal,Rob Holding,189,562,full
2022-23,Arsenal,Thomas Partey,185,2480,full
2022-23,Arsenal,Martin Ødegaard,178,3132,full
2022-23,Arsenal,Kieran Tierney,180,774,full
2022-23,Arsenal,Nicolas Pépé,183,0,full
2022-23,Arsenal,Benjamin White,185,3054,full
2022-23,Arsenal,Eddie Nketiah,175,1071,full
2022-23,Arsenal,Emile Smith Rowe,182,161,full
2022-23,Arsenal,Bukayo Saka,178,3183,full
2022-23,Arsenal,Takehiro Tomiyasu,188,651,full
2022-23,Arsenal,Aaron Ramsdale,191,3420,full
2022-23,Arsenal,Gabriel dos Santos Magalhães,190,3409,full
2022-23,Arsenal,Nuno Varela Tavares,184,0,initial+lasttoken
2022-23,Arsenal,Gabriel Martinelli Silva,178,2789,alias
2022-23,Arsenal,Pablo Marí Villar,193,0,full
2022-23,Arsenal,Lucas Torreira di Pascua,166,0,full
2022-23,Arsenal,Reiss Nelson,175,202,full
2022-23,Arsenal,Matt Turner,190,0,surname+initial
2022-23,Arsenal,Fábio Ferreira Vieira,177,500,initial+lasttoken
2022-23,Arsenal,William Saliba,192,2415,full
2022-23,Arsenal,Marcus Oliveira Alencar,174,1,initial+lasttoken
2022-23,Arsenal,Gabriel Fernando de Jesus,175,2064,full
2022-23,Arsenal,Leandro Trossard,171,2237,full
2022-23,Arsenal,Jorge Luiz Frello Filho,178,2127,tokens
2022-23,Arsenal,Oleksandr Zinchenko,175,2122,full
2022-23,Arsenal,Matthew Smith,180,0,full
2022-23,Arsenal,Ethan Nwaneri,176,1,full
2022-23,Arsenal,Lino Sousa,185,0,full
2022-23,Arsenal,Karl Hein,193,0,surname+initial
2022-23,Arsenal,Amario Cozier-Duberry,170,0,full
2022-23,Arsenal,Nathan Butler-Oyedeji,177,0,full
2022-23,Arsenal,Jakub Kiwior,189,425,full
2022-23,Arsenal,Reuell Walters,183,0,full
2022-23,Arsenal,Mauro Bandeira,178,0,initial+lasttoken
2022-23,Aston Villa,Philippe Coutinho Correia,172,777,full
2022-23,Aston Villa,Emiliano Martínez Romero,180,3139,initial+lasttoken
2022-23,Aston Villa,Calum Chambers,182,345,full
2022-23,Aston Villa,Lucas Digne,178,1492,full
2022-23,Aston Villa,Bertrand Traoré,181,226,surname+initial
2022-23,Aston Villa,Robin Olsen,198,280,surname+initial
2022-23,Aston Villa,Morgan Sanson,180,10,full
2022-23,Aston Villa,John McGinn,178,2692,full
2022-23,Aston Villa,Kortney Hause,191,0,full
2022-23,Aston Villa,Tyrone Mings,196,3150,full
2022-23,Aston Villa,Ollie Watkins,180,3129,full
2022-23,Aston Villa,Marvelous Nakamba,178,0,full
2022-23,Aston Villa,Emiliano Buendía Stati,172,2404,alias
2022-23,Aston Villa,Matty Cash,185,1817,full
2022-23,Aston Villa,Ezri Konsa Ngoyo,183,3322,full
2022-23,Aston Villa,Leon Bailey,178,1964,full
2022-23,Aston Villa,Douglas Luiz Soares de Paulo,175,2922,full
2022-23,Aston Villa,Jacob Ramsey,180,2634,full
2022-23,Aston Villa,Tim Iroegbunam,183,0,full
2022-23,Aston Villa,Diego Carlos Santos Silva,186,205,full
2022-23,Aston Villa,Anwar El Ghazi,188,0,full
2022-23,Aston Villa,Keinan Davis,191,0,full
2022-23,Aston Villa,Boubacar Kamara,184,1773,full
2022-23,Aston Villa,Cameron Archer,176,43,full
2022-23,Aston Villa,Jaden Philogene-Bidace,179,0,full
2022-23,Aston Villa,Frédéric Guilbert,178,0,full
2022-23,Aston Villa,Leander Dendoncker,188,897,full
2022-23,Aston Villa,Ludwig Augustinsson,181,76,surname+initial
2022-23,Aston Villa,Kaine Kesler Hayden,175,0,surname+initial
2022-23,Aston Villa,Ashley Young,175,2031,full
2022-23,Aston Villa,Lamare Bogarde,183,0,full
2022-23,Aston Villa,Filip Marschall,195,0,full
2022-23,Aston Villa,Kadan Young,,0,UNMATCHED
2022-23,Aston Villa,Alexandre Moreno Lopera,179,1325,full
2022-23,Aston Villa,Viljami Sinisalo,196,0,full
2022-23,Aston Villa,Jhon Durán,185,126,full
2022-23,Aston Villa,Sil Swinkels,190,0,full
2022-23,Aston Villa,Oliwier Zych,193,0,full
2022-23,Aston Villa,James Wright,193,0,surname+initial
2022-23,Aston Villa,Sebastian Revan,181,0,full
2022-23,Aston Villa,Travis Patterson,,0,UNMATCHED
2022-23,Aston Villa,Tommi O'Reilly,170,0,full
2022-23,Bournemouth,Adam Smith,180,2940,surname+initial
2022-23,Bournemouth,Junior Stanislas,183,58,full
2022-23,Bournemouth,Ryan Fredericks,181,527,full
2022-23,Bournemouth,David Brooks,173,170,full
2022-23,Bournemouth,Jamal Lowe,183,11,full
2022-23,Bournemouth,Kieffer Moore,196,1269,full
2022-23,Bournemouth,Emiliano Marcondes,182,8,surname+initial
2022-23,Bournemouth,Jefferson Lerma Solís,179,3252,alias
2022-23,Bournemouth,Jack Stacey,180,293,full
2022-23,Bournemouth,Dominic Solanke,187,2865,full
2022-23,Bournemouth,Lewis Cook,175,1712,full
2022-23,Bournemouth,Ben Pearson,176,282,full
2022-23,Bournemouth,Ryan Christie,178,1825,full
2022-23,Bournemouth,Philip Billing,197,2766,surname+initial
2022-23,Bournemouth,Chris Mepham,190,2197,full
2022-23,Bournemouth,Mark Travers,191,1035,full
2022-23,Bournemouth,Lloyd Kelly,190,2040,full
2022-23,Bournemouth,Siriki Dembélé,173,104,full
2022-23,Bournemouth,Jaidon Anthony,183,1241,full
2022-23,Bournemouth,Jordan Zemura,173,1452,full
2022-23,Bournemouth,Will Dennis,188,0,full
2022-23,Bournemouth,Jack Stephens,185,1218,full
2022-23,Bournemouth,Joe Rothwell,183,1010,full
2022-23,Bournemouth,Marcus Tavernier,177,1740,full
2022-23,Bournemouth,James Hill,184,0,surname+initial
2022-23,Bournemouth,Darren Randolph,188,0,full
2022-23,Bournemouth,Norberto Murara Neto,190,2385,full
2022-23,Bournemouth,Marcos Senesi,183,2489,surname+initial
2022-23,Bournemouth,Christian Saydee,184,0,full
2022-23,Bournemouth,Owen Bevan,186,8,full
2022-23,Bournemouth,Cameron Plain,,0,UNMATCHED
2022-23,Bournemouth,Daniel Adu-Adjei,,0,UNMATCHED
2022-23,Bournemouth,Michael Dacosta Gonzalez,,0,UNMATCHED
2022-23,Bournemouth,Dominic Sadi,174,0,full
2022-23,Bournemouth,Dango Ouattara,177,1239,full
2022-23,Bournemouth,Euan Pollock,,0,UNMATCHED
2022-23,Bournemouth,Antoine Semenyo,180,250,surname+initial
2022-23,Bournemouth,Matías Viña,181,452,surname+initial
2022-23,Bournemouth,Illia Zabarnyi,186,297,full
2022-23,Bournemouth,Hamed Traorè,175,425,surname+initial
2022-23,Bournemouth,Ben Greenwood,184,0,full
2022-23,Bournemouth,Max Kinsey-Wellings,,0,UNMATCHED
2022-23,Brentford,Pontus Jansson,194,722,full
2022-23,Brentford,Christian Nørgaard,187,1763,full
2022-23,Brentford,Ivan Toney,187,2953,full
2022-23,Brentford,David Raya Martin,183,3420,full
2022-23,Brentford,Sergi Canós Tenés,175,73,full
2022-23,Brentford,Josh Dasilva,184,1371,full
2022-23,Brentford,Kristoffer Ajer,198,763,full
2022-23,Brentford,Rico Henry,170,3240,full
2022-23,Brentford,Vitaly Janelt,184,2201,full
2022-23,Brentford,Saman Ghoddos,175,124,full
2022-23,Brentford,Mathias Jensen,180,2805,full
2022-23,Brentford,Yoane Wissa,176,1587,full
2022-23,Brentford,Mads Roerslev Rasmussen,184,1101,full
2022-23,Brentford,Mads Bech Sørensen,193,18,full
2022-23,Brentford,Ethan Pinnock,194,2700,full
2022-23,Brentford,Frank Onyeka,183,837,full
2022-23,Brentford,Shandon Baptiste,175,600,surname+initial
2022-23,Brentford,Bryan Mbeumo,171,2905,full
2022-23,Brentford,Charlie Goode,196,0,full
2022-23,Brentford,Marcus Forss,182,0,full
2022-23,Brentford,Dominic Thompson,183,0,full
2022-23,Brentford,Mads Bidstrup,175,0,full
2022-23,Brentford,Ellery Balcombe,190,0,surname+initial
2022-23,Brentford,Aaron Hickey,185,1918,full
2022-23,Brentford,Keane Lewis-Potter,170,313,full
2022-23,Brentford,Thomas Strakosha,193,0,full
2022-23,Brentford,Ben Mee,180,3269,full
2022-23,Brentford,Fin Stevens,179,0,full
2022-23,Brentford,Halil Dervişoğlu,183,6,surname+initial
2022-23,Brentford,Mikkel Damsgaard,180,970,surname+initial
2022-23,Brentford,Mathias Jorgensen,185,1097,full
2022-23,Brentford,Ryan Trevitt,170,0,full
2022-23,Brentford,Matthew Cox,182,0,full
2022-23,Brentford,Tristan Crama,192,0,full
2022-23,Brentford,Yegor Yarmolyuk,,0,UNMATCHED
2022-23,Brentford,Kevin Schade,185,723,full
2022-23,Brentford,Michael Olakigbe,180,0,full
2022-23,Brighton,Adam Lallana,172,717,full
2022-23,Brighton,Jason Steele,188,1350,full
2022-23,Brighton,Danny Welbeck,185,1844,full
2022-23,Brighton,Pascal Groß,181,3240,full
2022-23,Brighton,Lewis Dunk,192,3240,full
2022-23,Brighton,Solly March,180,2719,full
2022-23,Brighton,Adam Webster,191,1983,full
2022-23,Brighton,Joël Veltman,184,2183,full
2022-23,Brighton,Robert Sánchez,175,2070,surname+initial
2022-23,Brighton,Tariq Lamptey,163,439,full
2022-23,Brighton,Steven Alzate,180,0,full
2022-23,Brighton,Alexis Mac Allister,176,2882,full
2022-23,Brighton,Jakub Moder,191,0,full
2022-23,Brighton,Enock Mwepu,184,209,full
2022-23,Brighton,Jeremy Sarmiento Morante,,168,UNMATCHED
2022-23,Brighton,Moisés Caicedo Corozo,178,3138,initial+lasttoken
2022-23,Brighton,Taylor Richards,180,0,full
2022-23,Brighton,Haydon Roberts,175,0,full
2022-23,Brighton,Deniz Undav,179,614,full
2022-23,Brighton,Kaoru Mitoma,178,2311,full
2022-23,Brighton,Julio Enciso,173,794,full
2022-23,Brighton,Kacper Kozłowski,182,0,full
2022-23,Brighton,Billy Gilmour,170,502,full
2022-23,Brighton,Kjell Scherpen,202,0,full
2022-23,Brighton,Matt Clarke,185,0,full
2022-23,Brighton,Jan Paul van Hecke,185,291,surname+initial
2022-23,Brighton,Levi Colwill,187,1218,full
2022-23,Brighton,Pervis Estupiñán,175,2674,full
2022-23,Brighton,Evan Ferguson,188,942,full
2022-23,Brighton,Ed Turns,182,0,full
2022-23,Brighton,Andrew Moran,177,11,full
2022-23,Brighton,James Furlong,178,0,full
2022-23,Brighton,Jack Hinshelwood,178,1,surname+initial
2022-23,Brighton,Facundo Buonanotte,174,558,full
2022-23,Brighton,Yasin Ayari,172,65,full
2022-23,Brighton,Odeluga Offiah,181,23,full
2022-23,Brighton,Tom McGill,185,0,surname+initial
2022-23,Brighton,Cameron Peupion,170,5,full
2022-23,Brighton,Imari Samuels,187,0,surname+initial
2022-23,Chelsea,Carney Chukwuemeka,188,342,full
2022-23,Chelsea,Marc Cucurella Saseta,173,1669,full
2022-23,Chelsea,César Azpilicueta,178,1521,full
2022-23,Chelsea,Thiago Emiliano da Silva,183,2351,full
2022-23,Chelsea,Marcos Alonso,166,0,surname+initial
2022-23,Chelsea,Ross Barkley,186,0,surname+initial
2022-23,Chelsea,Mateo Kovacic,177,1699,full
2022-23,Chelsea,Kepa Arrizabalaga,189,2565,alias
2022-23,Chelsea,N'Golo Kanté,168,517,surname+initial
2022-23,Chelsea,Hakim Ziyech,181,649,full
2022-23,Chelsea,Ruben Loftus-Cheek,191,1530,full
2022-23,Chelsea,Timo Werner,180,0,full
2022-23,Chelsea,Robert Kenedy Nunes do Nascimento,182,0,full
2022-23,Chelsea,Ben Chilwell,180,1402,full
2022-23,Chelsea,Christian Pulisic,177,805,full
2022-23,Chelsea,Trevoh Chalobah,191,1601,full
2022-23,Chelsea,Mason Mount,181,1644,full
2022-23,Chelsea,Malang Sarr,183,0,full
2022-23,Chelsea,Callum Hudson-Odoi,182,0,surname+initial
2022-23,Chelsea,Kai Havertz,193,2565,full
2022-23,Chelsea,Reece James,178,1242,surname+initial
2022-23,Chelsea,Edouard Mendy,197,855,full
2022-23,Chelsea,Conor Gallagher,182,1608,full
2022-23,Chelsea,Armando Broja,191,285,full
2022-23,Chelsea,Ethan Ampadu,182,0,full
2022-23,Chelsea,Wesley Fofana,190,1362,surname+initial
2022-23,Chelsea,Raheem Sterling,170,1886,full
2022-23,Chelsea,Kalidou Koulibaly,186,1798,full
2022-23,Chelsea,Harvey Vale,181,0,full
2022-23,Chelsea,Denis Zakaria,190,409,full
2022-23,Chelsea,Pierre-Emerick Aubameyang,187,546,full
2022-23,Chelsea,Marcus Bettinelli,193,0,full
2022-23,Chelsea,Omari Hutchinson,174,22,full
2022-23,Chelsea,Lewis Hall,179,653,full
2022-23,Chelsea,Bashir Humphreys,187,0,full
2022-23,Chelsea,David Datro Fofana,181,68,full
2022-23,Chelsea,Benoît Badiashile,194,904,full
2022-23,Chelsea,João Félix Sequeira,181,936,full
2022-23,Chelsea,Mykhailo Mudryk,175,650,full
2022-23,Chelsea,Andrey Nascimento dos Santos,176,0,full
2022-23,Chelsea,Noni Madueke,182,639,full
2022-23,Chelsea,Enzo Fernández,178,1547,full
2022-23,Chelsea,Ethan Wady,,0,UNMATCHED
2022-23,Chelsea,Alfie Gilchrist,183,0,full
2022-23,Crystal Palace,Albert Sambi Lokonga,183,728,full
2022-23,Crystal Palace,Vicente Guaita,190,2430,alias
2022-23,Crystal Palace,James Tomkins,192,335,full
2022-23,Crystal Palace,James McArthur,178,50,full
2022-23,Crystal Palace,Christian Benteke,190,0,full
2022-23,Crystal Palace,Joel Ward,188,2253,full
2022-23,Crystal Palace,Nathaniel Clyne,175,1638,full
2022-23,Crystal Palace,Luka Milivojevic,186,500,full
2022-23,Crystal Palace,Jordan Ayew,182,2708,full
2022-23,Crystal Palace,Wilfried Zaha,180,2289,full
2022-23,Crystal Palace,Jeffrey Schlupp,178,2528,full
2022-23,Crystal Palace,Will Hughes,185,822,full
2022-23,Crystal Palace,Jairo Riedewald,182,60,full
2022-23,Crystal Palace,Joachim Andersen,192,2782,full
2022-23,Crystal Palace,Odsonne Edouard,187,1788,full
2022-23,Crystal Palace,Marc Guéhi,182,3330,surname+initial
2022-23,Crystal Palace,Jean-Philippe Mateta,192,748,full
2022-23,Crystal Palace,Eberechi Eze,178,2631,full
2022-23,Crystal Palace,Tyrick Mitchell,175,2889,surname+initial
2022-23,Crystal Palace,Michael Olise,189,2743,surname+initial
2022-23,Crystal Palace,Jesurun Rak-Sakyi,178,0,full
2022-23,Crystal Palace,Malcolm Ebiowei,185,31,full
2022-23,Crystal Palace,Nathan Ferguson,178,0,full
2022-23,Crystal Palace,Sam Johnstone,193,810,full
2022-23,Crystal Palace,Remi Matthews,192,0,full
2022-23,Crystal Palace,Luke Plange,178,0,full
2022-23,Crystal Palace,Cheick Doucouré,180,2770,full
2022-23,Crystal Palace,Chris Richards,188,443,full
2022-23,Crystal Palace,Joseph Whitworth,183,180,full
2022-23,Crystal Palace,Kaden Rodney,186,0,full
2022-23,Crystal Palace,Killian Phillips,190,0,full
2022-23,Crystal Palace,John-Kymani Gordon,181,0,full
2022-23,Crystal Palace,Kofi Balmer,183,0,full
2022-23,Crystal Palace,Owen Goodman,193,0,full
2022-23,Crystal Palace,Jack Wells-Morrison,180,0,full
2022-23,Crystal Palace,David Ozoh,189,1,full
2022-23,Crystal Palace,Naouirou Ahamada,183,87,full
2022-23,Crystal Palace,Tayo Adaramola,177,0,full
2022-23,Everton,Neal Maupay,173,1104,full
2022-23,Everton,Asmir Begović,199,90,full
2022-23,Everton,Salomón Rondón,186,103,full
2022-23,Everton,Seamus Coleman,177,1654,full
2022-23,Everton,Andros Townsend,175,0,full
2022-23,Everton,Michael Keane,191,983,full
2022-23,Everton,Dele Alli,188,38,full
2022-23,Everton,Jordan Pickford,185,3330,full
2022-23,Everton,Allan Marques Loureiro,175,0,full
2022-23,Everton,André Tavares Gomes,,0,UNMATCHED
2022-23,Everton,Abdoulaye Doucouré,184,1527,full
2022-23,Everton,Alex Iwobi,185,3379,full
2022-23,Everton,Jean-Philippe Gbamin,186,0,full
2022-23,Everton,Yerry Mina,195,594,full
2022-23,Everton,Demarai Gray,183,2501,full
2022-23,Everton,Tom Davies,180,524,full
2022-23,Everton,Dominic Calvert-Lewin,187,1166,full
2022-23,Everton,Mason Holgate,184,506,full
2022-23,Everton,Ben Godfrey,183,801,full
2022-23,Everton,Vitalii Mykolenko,180,2653,surname+initial
2022-23,Everton,Jarrad Branthwaite,195,0,full
2022-23,Everton,Nathan Patterson,189,1274,full
2022-23,Everton,Niels Nkounkou,180,0,full
2022-23,Everton,James Tarkowski,188,3420,surname+initial
2022-23,Everton,Conor Coady,186,2094,full
2022-23,Everton,Rúben Nascimento Vinagre,174,24,initial+lasttoken
2022-23,Everton,Dwight McNeil,183,2490,full
2022-23,Everton,Stanley Mills,180,0,full
2022-23,Everton,Lewis Warrington,175,0,full
2022-23,Everton,James Garner,182,796,full
2022-23,Everton,Amadou Onana,195,2486,full
2022-23,Everton,Reece Welch,197,0,full
2022-23,Everton,Idrissa Gueye,174,2577,surname+initial
2022-23,Everton,Eldin Jakupovic,191,0,full
2022-23,Everton,Kyle John,176,0,surname+initial
2022-23,Everton,Thomas Cannon,180,23,surname+initial
2022-23,Everton,Isaac Price,184,32,full
2022-23,Everton,Ellis Simms,191,219,full
2022-23,Everton,Ishé Samuels-Smith,,0,UNMATCHED
2022-23,Everton,Andy Lonergan,192,0,surname+initial
2022-23,Everton,Sean McAllister,173,0,surname+initial
2022-23,Fulham,Cédric Alves Soares,172,223,initial+lasttoken
2022-23,Fulham,Bernd Leno,189,3240,full
2022-23,Fulham,Shane Duffy,193,17,full
2022-23,Fulham,Tom Cairney,186,968,full
2022-23,Fulham,Tim Ream,186,2898,full
2022-23,Fulham,Anthony Knockaert,172,0,full
2022-23,Fulham,Nathaniel Chalobah,187,11,full
2022-23,Fulham,Neeskens Kebano,170,758,full
2022-23,Fulham,Bobby De Cordova-Reid,170,2473,full
2022-23,Fulham,Joe Bryan,173,0,surname+initial
2022-23,Fulham,Paulo Gazzaniga Farias,,0,UNMATCHED
2022-23,Fulham,Terence Kongolo,188,0,full
2022-23,Fulham,Tosin Adarabioyo,197,2084,full
2022-23,Fulham,Aleksandar Mitrović,189,2010,full
2022-23,Fulham,Harrison Reed,175,2868,surname+initial
2022-23,Fulham,Harry Wilson,173,1085,full
2022-23,Fulham,Marek Rodák,194,180,full
2022-23,Fulham,Ivan Neves Abreu Cavaleiro,175,0,initial+lasttoken
2022-23,Fulham,Kenny Tete,180,2569,full
2022-23,Fulham,Josh Onomah,185,14,full
2022-23,Fulham,Antonee Robinson,182,3088,full
2022-23,Fulham,Rodrigo Muniz Carvalho,185,0,full
2022-23,Fulham,Jay Stansfield,187,85,full
2022-23,Fulham,João Palhinha Gonçalves,190,3108,alias
2022-23,Fulham,Daniel James,171,802,full
2022-23,Fulham,Andreas Hoelgebaum Pereira,178,2696,alias
2022-23,Fulham,Issa Diop,194,2008,full
2022-23,Fulham,Tyrese Francois,173,1,surname+initial
2022-23,Fulham,Kevin Mbabu,184,141,surname+initial
2022-23,Fulham,Luke Harris,168,10,full
2022-23,Fulham,Manor Solomon,170,560,full
2022-23,Fulham,Terry Ablade,181,0,full
2022-23,Fulham,Layvin Kurzawa,182,136,full
2022-23,Fulham,Willian Borges da Silva,175,2127,full
2022-23,Fulham,Carlos Vinícius Alves Morais,190,1098,full
2022-23,Fulham,Stefan Parkes,182,0,full
2022-23,Fulham,Martial Godo,169,0,full
2022-23,Fulham,Kristian Sekularac,185,0,full
2022-23,Fulham,Sasa Lukic,183,406,full
2022-23,Fulham,George Wickens,194,0,full
2022-23,Fulham,Charlie Robinson,178,0,surname+initial
2022-23,Fulham,Matthew Dibley-Dias,189,0,initial+lasttoken
2022-23,Leicester,Kasper Schmeichel,189,0,full
2022-23,Leicester,Jonny Evans,188,1051,full
2022-23,Leicester,Ryan Bertrand,179,0,full
2022-23,Leicester,Marc Albrighton,175,232,full
2022-23,Leicester,Nampalys Mendy,167,746,full
2022-23,Leicester,Jannik Vestergaard,199,0,full
2022-23,Leicester,Danny Ward,191,2340,surname+initial
2022-23,Leicester,Jamie Vardy,179,1841,full
2022-23,Leicester,Ricardo Barbosa Pereira,187,451,webname-full
2022-23,Leicester,Daniel Amartey,186,1608,full
2022-23,Leicester,Timothy Castagne,185,3255,full
2022-23,Leicester,Youri Tielemans,176,2341,full
2022-23,Leicester,Ayoze Pérez,178,378,full
2022-23,Leicester,James Maddison,175,2479,full
2022-23,Leicester,Kelechi Iheanacho,185,1112,full
2022-23,Leicester,Hamza Choudhury,178,0,full
2022-23,Leicester,Harvey Barnes,182,2709,full
2022-23,Leicester,Wilfred Ndidi,183,1672,full
2022-23,Leicester,Kiernan Dewsbury-Hall,180,2305,surname+initial
2022-23,Leicester,Çaglar Söyüncü,185,528,full
2022-23,Leicester,James Justin,183,1252,full
2022-23,Leicester,Boubakary Soumaré,188,1624,full
2022-23,Leicester,Luke Thomas,177,1068,surname+initial
2022-23,Leicester,Patson Daka,183,1169,full
2022-23,Leicester,Lewis Brunt,187,22,full
2022-23,Leicester,Daniel Iversen,193,1080,surname+initial
2022-23,Leicester,Dennis Praet,181,635,full
2022-23,Leicester,Alex Smithies,189,0,full
2022-23,Leicester,Wout Faes,187,2786,full
2022-23,Leicester,Sammy Braybrooke,170,0,full
2022-23,Leicester,Joe Wormleighton,,0,UNMATCHED
2022-23,Leicester,Kasey McAteer,177,0,full
2022-23,Leicester,Victor Kristiansen,181,891,surname+initial
2022-23,Leicester,Mateus Cardoso Lemos Martins,175,732,full
2022-23,Leicester,Harry Souttar,198,991,full
2022-23,Leicester,Wanya Marçal-Madivadua,181,0,full
2022-23,Leeds,Liam Cooper,187,1425,full
2022-23,Leeds,Luke Ayling,185,2048,full
2022-23,Leeds,Mateusz Klich,183,266,surname+initial
2022-23,Leeds,Adam Forshaw,174,473,full
2022-23,Leeds,Rodrigo Moreno,181,1928,initial+lasttoken
2022-23,Leeds,Stuart Dallas,180,0,surname+initial
2022-23,Leeds,Patrick Bamford,185,1510,full
2022-23,Leeds,Diego Llorente,186,648,surname+initial
2022-23,Leeds,Tyler Roberts,180,0,surname+initial
2022-23,Leeds,Robin Koch,192,3175,full
2022-23,Leeds,Raphael Dias Belloli,176,0,full
2022-23,Leeds,Jack Harrison,175,2707,full
2022-23,Leeds,Jamie Shackleton,168,0,full
2022-23,Leeds,Pascal Struijk,190,2198,full
2022-23,Leeds,Kristoffer Klaesson,189,0,surname+initial
2022-23,Leeds,Sam Greenwood,180,410,full
2022-23,Leeds,Illan Meslier,196,3060,full
2022-23,Leeds,Junior Firpo Adames,184,1364,alias
2022-23,Leeds,Crysencio Summerville,174,1411,full
2022-23,Leeds,Lewis Bate,172,0,full
2022-23,Leeds,Joe Gelhardt,179,201,full
2022-23,Leeds,Leo Fuhr Hjelde,188,0,full
2022-23,Leeds,Rasmus Kristensen,187,1957,full
2022-23,Leeds,Marc Roca Junqué,184,2316,full
2022-23,Leeds,Brenden Aaronson,177,2365,full
2022-23,Leeds,Darko Gyabi,192,7,full
2022-23,Leeds,Tyler Adams,175,2156,full
2022-23,Leeds,Luis Sinisterra Lucumí,172,863,initial+lasttoken
2022-23,Leeds,Cody Drameh,184,70,surname+initial
2022-23,Leeds,Archie Gray,187,0,full
2022-23,Leeds,Joel Robles,174,360,surname+initial
2022-23,Leeds,Wilfried Gnonto,170,1346,full
2022-23,Leeds,Mateo Joseph Fernández,,24,UNMATCHED
2022-23,Leeds,Sonny Perkins,178,0,full
2022-23,Leeds,Maximilian Wöber,188,1264,full
2022-23,Leeds,Georginio Rutter,182,263,full
2022-23,Leeds,Weston McKennie,185,1434,full
2022-23,Leeds,Jeremiah Chilokoa-Mullen,,0,UNMATCHED
2022-23,Leeds,Diogo Pinheiro Monteiro,184,0,full
2022-23,Liverpool,James Milner,175,889,full
2022-23,Liverpool,Jordan Henderson,187,2060,full
2022-23,Liverpool,Joel Matip,194,1091,surname+initial
2022-23,Liverpool,Thiago Alcántara do Nascimento,174,1252,full
2022-23,Liverpool,Alex Oxlade-Chamberlain,175,332,full
2022-23,Liverpool,Roberto Firmino,181,1202,initial+lasttoken
2022-23,Liverpool,Virgil van Dijk,193,2835,full
2022-23,Liverpool,Alisson Ramses Becker,193,3330,full
2022-23,Liverpool,Fabio Henrique Tavares,188,2666,full
2022-23,Liverpool,Mohamed Salah,175,3290,full
2022-23,Liverpool,Andrew Robertson,178,2579,full
2022-23,Liverpool,Trent Alexander-Arnold,180,2922,surname+initial
2022-23,Liverpool,Joseph Gomez,188,1461,surname+initial
2022-23,Liverpool,Naby Keita,172,290,full
2022-23,Liverpool,Diogo Teixeira da Silva,178,1125,alias
2022-23,Liverpool,Caoimhin Kelleher,188,90,full
2022-23,Liverpool,Ibrahima Konaté,194,1551,full
2022-23,Liverpool,Curtis Jones,185,1029,full
2022-23,Liverpool,Konstantinos Tsimikas,179,762,full
2022-23,Liverpool,Luis Díaz,180,991,full
2022-23,Liverpool,Harvey Elliott,168,1600,full
2022-23,Liverpool,Fábio Freitas Gouveia Carvalho,,339,UNMATCHED
2022-23,Liverpool,Darwin Núñez Ribeiro,187,1684,initial+lasttoken
2022-23,Liverpool,Calvin Ramsay,177,0,surname+initial
2022-23,Liverpool,Adrián San Miguel del Castillo,190,0,full
2022-23,Liverpool,Rhys Williams,195,0,surname+initial
2022-23,Liverpool,Ben Davies,181,0,surname+initial
2022-23,Liverpool,Sepp van den Berg,192,0,full
2022-23,Liverpool,Nathaniel Phillips,190,65,full
2022-23,Liverpool,Luke Chambers,185,0,full
2022-23,Liverpool,Stefan Bajcetic,185,522,full
2022-23,Liverpool,Bobby Clark,178,7,full
2022-23,Liverpool,Harvey Davies,190,0,full
2022-23,Liverpool,Arthur Henrique Ramos de Oliveira Melo,171,0,full
2022-23,Liverpool,Ben Doak,176,23,full
2022-23,Liverpool,Cody Gakpo,193,1455,full
2022-23,Man City,Kyle Walker,183,1953,full
2022-23,Man City,Ilkay Gündogan,180,2351,full
2022-23,Man City,Kevin De Bruyne,181,2413,full
2022-23,Man City,John Stones,188,1844,full
2022-23,Man City,Riyad Mahrez,179,1913,full
2022-23,Man City,Jack Grealish,180,2051,full
2022-23,Man City,João Cancelo,182,1273,full
2022-23,Man City,Ederson Santana de Moraes,188,3150,full
2022-23,Man City,Nathan Aké,180,1871,full
2022-23,Man City,Aymeric Laporte,191,992,full
2022-23,Man City,Zack Steffen,191,0,full
2022-23,Man City,Bernardo Veiga de Carvalho e Silva,173,2196,alias
2022-23,Man City,Rúben Gato Alves Dias,187,1997,alias
2022-23,Man City,Phil Foden,171,1832,full
2022-23,Man City,Rodrigo Hernandez,170,2911,surname+initial
2022-23,Man City,Cole Palmer,189,358,surname+initial
2022-23,Man City,James McAtee,180,0,full
2022-23,Man City,Erling Haaland,195,2767,full
2022-23,Man City,Julián Álvarez,170,1448,full
2022-23,Man City,Luke Mbete-Tabu,,0,UNMATCHED
2022-23,Man City,Josh Wilson-Esbrand,176,0,full
2022-23,Man City,Liam Delap,186,0,full
2022-23,Man City,Stefan Ortega Moreno,185,270,full
2022-23,Man City,Kalvin Phillips,178,291,full
2022-23,Man City,Scott Carson,188,0,full
2022-23,Man City,Rico Lewis,169,900,full
2022-23,Man City,Sergio Gómez,171,340,full
2022-23,Man City,Claudio Gomes,175,0,full
2022-23,Man City,Ben Knight,170,0,full
2022-23,Man City,Manuel Akanji,188,2284,full
2022-23,Man City,Máximo Perrone,178,18,full
2022-23,Man City,Alex Robertson,178,0,surname+initial
2022-23,Man City,Shea Charles,189,27,full
2022-23,Man City,Nico O'Reilly,193,0,full
2022-23,Man Utd,Jack Butland,196,0,full
2022-23,Man Utd,Cristiano Ronaldo dos Santos Aveiro,187,519,full
2022-23,Man Utd,David De Gea Quintana,192,3420,full
2022-23,Man Utd,Phil Jones,185,0,full
2022-23,Man Utd,Raphaël Varane,191,1912,full
2022-23,Man Utd,Harry Maguire,193,762,full
2022-23,Man Utd,Frederico Rodrigues de Paula Santos,169,1228,full
2022-23,Man Utd,Luke Shaw,181,2552,surname+initial
2022-23,Man Utd,Bruno Borges Fernandes,179,3317,alias
2022-23,Man Utd,Alex Telles,181,0,full
2022-23,Man Utd,Marcus Rashford,186,2880,full
2022-23,Man Utd,Donny van de Beek,184,162,full
2022-23,Man Utd,Victor Lindelöf,187,1359,full
2022-23,Man Utd,Scott McTominay,193,1149,full
2022-23,Man Utd,Eric Bailly,187,0,full
2022-23,Man Utd,Jadon Sancho,180,1683,full
2022-23,Man Utd,Aaron Wan-Bissaka,183,1432,full
2022-23,Man Utd,Diogo Dalot Teixeira,183,2152,alias
2022-23,Man Utd,Brandon Williams,182,0,full
2022-23,Man Utd,Anthony Elanga,178,417,full
2022-23,Man Utd,Anthony Martial,184,970,full
2022-23,Man Utd,Facundo Pellistri Rebollo,175,60,full
2022-23,Man Utd,Tom Heaton,188,0,full
2022-23,Man Utd,Tyrell Malacia,169,1391,full
2022-23,Man Utd,Christian Eriksen,182,2046,full
2022-23,Man Utd,Lisandro Martínez,174,2113,surname+initial
2022-23,Man Utd,Amad Diallo,173,0,full
2022-23,Man Utd,Zidane Iqbal,181,0,full
2022-23,Man Utd,Alejandro Garnacho,180,557,full
2022-23,Man Utd,Carlos Henrique Casimiro,185,2122,initial+lasttoken
2022-23,Man Utd,Antony Matheus dos Santos,172,1803,full
2022-23,Man Utd,Matej Kovár,196,0,full
2022-23,Man Utd,Kobbie Mainoo,175,10,surname+initial
2022-23,Man Utd,Nathan Bishop,185,0,full
2022-23,Man Utd,Shola Shoretire,175,0,surname+initial
2022-23,Man Utd,Rhys Bennett,187,0,full
2022-23,Man Utd,Wout Weghorst,197,790,full
2022-23,Man Utd,Marcel Sabitzer,178,622,full
2022-23,Man Utd,Marc Jurado Gomez,,0,UNMATCHED
2022-23,Newcastle,Anthony Gordon,183,1574,full
2022-23,Newcastle,Matt Ritchie,172,35,full
2022-23,Newcastle,Federico Fernández,190,0,full
2022-23,Newcastle,Ciaran Clark,185,0,full
2022-23,Newcastle,Karl Darlow,190,0,full
2022-23,Newcastle,Martin Dubravka,190,156,full
2022-23,Newcastle,Callum Wilson,180,1870,surname+initial
2022-23,Newcastle,Kieran Trippier,173,3342,full
2022-23,Newcastle,Dan Burn,198,3109,surname+initial
2022-23,Newcastle,Ryan Fraser,163,308,full
2022-23,Newcastle,Jamaal Lascelles,188,214,full
2022-23,Newcastle,Dwight Gayle,174,0,full
2022-23,Newcastle,Paul Dummett,183,0,full
2022-23,Newcastle,Javier Manquillo Gaitán,178,34,full
2022-23,Newcastle,Emil Krafth,184,1,full
2022-23,Newcastle,Jacob Murphy,179,1230,full
2022-23,Newcastle,Fabian Schär,186,3207,full
2022-23,Newcastle,Matt Targett,183,600,full
2022-23,Newcastle,Allan Saint-Maximin,173,1109,full
2022-23,Newcastle,Miguel Almirón Rejala,174,2487,initial+lasttoken
2022-23,Newcastle,Sean Longstaff,180,2514,surname+initial
2022-23,Newcastle,Joelinton Cássio Apolinário de Lira,186,2660,full
2022-23,Newcastle,Jamal Lewis,178,9,full
2022-23,Newcastle,Joe Willock,186,2556,full
2022-23,Newcastle,Bruno Guimarães Rodriguez Moura,182,2727,full
2022-23,Newcastle,Jeff Hendrick,185,0,full
2022-23,Newcastle,Nick Pope,199,3261,full
2022-23,Newcastle,Sven Botman,193,3127,full
2022-23,Newcastle,Elliot Anderson,179,395,full
2022-23,Newcastle,Harrison Ashby,180,0,full
2022-23,Newcastle,Alexander Isak,192,1520,full
2022-23,Newcastle,Loris Karius,189,0,full
2022-23,Newcastle,Garang Kuol,175,0,full
2022-23,Newcastle,Lewis Miley,189,14,full
2022-23,Newcastle,Mark Gillespie,192,0,full
2022-23,Nott'm Forest,Neco Williams,183,1872,full
2022-23,Nott'm Forest,Jonjo Shelvey,184,573,full
2022-23,Nott'm Forest,Chris Wood,191,807,full
2022-23,Nott'm Forest,Harry Arter,177,0,full
2022-23,Nott'm Forest,Steve Cook,185,956,full
2022-23,Nott'm Forest,Lyle Taylor,188,0,surname+initial
2022-23,Nott'm Forest,Jack Colback,177,492,full
2022-23,Nott'm Forest,Brice Samba,187,0,full
2022-23,Nott'm Forest,Carlos Ribeiro Dias,186,6,initial+lasttoken
2022-23,Nott'm Forest,Joe Lolley,178,0,full
2022-23,Nott'm Forest,Scott McKenna,189,1570,full
2022-23,Nott'm Forest,Mohamed Dräger,180,0,full
2022-23,Nott'm Forest,Ryan Yates,190,1833,full
2022-23,Nott'm Forest,Joe Worrall,190,2215,full
2022-23,Nott'm Forest,Jonathan Panzo,185,0,full
2022-23,Nott'm Forest,Xande Nascimento da Costa Silva,177,0,initial+lasttoken
2022-23,Nott'm Forest,Sam Surridge,191,306,full
2022-23,Nott'm Forest,Richie Laryea,175,0,surname+initial
2022-23,Nott'm Forest,Loïc Mbe Soh,187,0,full
2022-23,Nott'm Forest,Brennan Johnson,186,2930,full
2022-23,Nott'm Forest,Alex Mighten,172,7,full
2022-23,Nott'm Forest,Braian Ojeda Rodríguez,,0,UNMATCHED
2022-23,Nott'm Forest,Taiwo Awoniyi,183,1395,full
2022-23,Nott'm Forest,Dean Henderson,188,1620,full
2022-23,Nott'm Forest,Giulian Biancone,187,15,full
2022-23,Nott'm Forest,Willy Boly,195,684,full
2022-23,Nott'm Forest,Morgan Gibbs-White,171,3151,full
2022-23,Nott'm Forest,Moussa Niakhaté,190,1163,full
2022-23,Nott'm Forest,Omar Richards,174,0,surname+initial
2022-23,Nott'm Forest,Wayne Hennessey,198,271,surname+initial
2022-23,Nott'm Forest,Harry Toffolo,183,933,full
2022-23,Nott'm Forest,Lewis O'Brien,173,578,full
2022-23,Nott'm Forest,Jesse Lingard,175,918,full
2022-23,Nott'm Forest,Orel Mangala,178,1543,full
2022-23,Nott'm Forest,Oliver Hammond,179,0,full
2022-23,Nott'm Forest,Remo Freuler,180,2157,full
2022-23,Nott'm Forest,Cheikhou Kouyaté,189,871,full
2022-23,Nott'm Forest,Emmanuel Dennis,175,709,full
2022-23,Nott'm Forest,Renan Augusto Lodi dos Santos,173,2211,full
2022-23,Nott'm Forest,Loïc Badé,191,0,full
2022-23,Nott'm Forest,Serge Aurier,176,1943,full
2022-23,Nott'm Forest,Dale Taylor,177,0,full
2022-23,Nott'm Forest,Jordan Smith,183,0,full
2022-23,Nott'm Forest,Gustavo Henrique Furtado Scarpa,177,177,full
2022-23,Nott'm Forest,Danilo dos Santos de Oliveira,176,976,full
2022-23,Nott'm Forest,Keylor Navas,185,1530,surname+initial
2022-23,Nott'm Forest,Felipe Augusto de Almeida Monteiro,190,1417,full
2022-23,Nott'm Forest,André Ayew,175,306,full
2022-23,Nott'm Forest,George Shelvey,188,0,full
2022-23,Southampton,Ainsley Maitland-Niles,177,1400,surname+initial
2022-23,Southampton,Roméo Lavia,181,2219,full
2022-23,Southampton,Theo Walcott,176,1123,full
2022-23,Southampton,Alex McCarthy,193,540,full
2022-23,Southampton,Oriol Romeu Vidal,183,74,full
2022-23,Southampton,Nathan Redmond,173,1,full
2022-23,Southampton,Stuart Armstrong,183,1391,full
2022-23,Southampton,Mohamed Elyounoussi,178,2162,surname+initial
2022-23,Southampton,James Ward-Prowse,173,3371,surname+initial
2022-23,Southampton,Adam Armstrong,172,1321,full
2022-23,Southampton,Kyle Walker-Peters,173,2650,full
2022-23,Southampton,Jan Bednarek,189,1770,full
2022-23,Southampton,Che Adams,178,1987,full
2022-23,Southampton,Nathan Tella,173,0,full
2022-23,Southampton,Lyanco Silveira Neves Vojnovic,187,1173,initial+lasttoken
2022-23,Southampton,Yan Valery,180,45,surname+initial
2022-23,Southampton,Will Smallbone,173,0,surname+initial
2022-23,Southampton,Ibrahima Diallo,179,813,full
2022-23,Southampton,Romain Perraud,173,1828,full
2022-23,Southampton,Moussa Djenepo,177,702,full
2022-23,Southampton,Tino Livramento,181,26,surname+initial
2022-23,Southampton,Mohammed Salisu,188,1971,full
2022-23,Southampton,Mateusz Lis,192,0,full
2022-23,Southampton,Gavin Bazunu,189,2880,surname+initial
2022-23,Southampton,Armel Bella-Kotchap,190,1881,full
2022-23,Southampton,Willy Caballero,186,0,surname+initial
2022-23,Southampton,Joe Ayodele-Aribo,183,1219,initial+lasttoken
2022-23,Southampton,Sékou Mara,183,538,full
2022-23,Southampton,Juan Larios López,170,150,full
2022-23,Southampton,Duje Caleta-Car,192,942,full
2022-23,Southampton,Samuel Edozie,181,554,full
2022-23,Southampton,Lewis Payne,178,0,full
2022-23,Southampton,Ryan Finnigan,178,0,full
2022-23,Southampton,Jimmy Morgan,,0,UNMATCHED
2022-23,Southampton,Mislav Orsic,179,6,full
2022-23,Southampton,Carlos Alcaraz,176,1024,full
2022-23,Southampton,James Bree,178,366,full
2022-23,Southampton,Kamaldeen Sulemana,175,959,full
2022-23,Southampton,Paul Onuachu,201,401,full
2022-23,Southampton,Kamari Doyle,175,6,full
2022-23,Southampton,Dominic Ballard,178,24,full
2022-23,Southampton,Samuel Amo-Ameyaw,176,3,full
2022-23,Spurs,Hugo Lloris,188,2205,full
2022-23,Spurs,Fraser Forster,201,1215,full
2022-23,Spurs,Harry Kane,188,3406,full
2022-23,Spurs,Son Heung-min,178,2886,webname-full
2022-23,Spurs,Matt Doherty,182,663,surname+initial
2022-23,Spurs,Eric Dier,188,2816,surname+initial
2022-23,Spurs,Lucas Rodrigues Moura da Silva,174,145,full
2022-23,Spurs,Ben Davies,181,2284,surname+initial
2022-23,Spurs,Pierre-Emile Højbjerg,187,3131,initial+lasttoken
2022-23,Spurs,Harry Winks,176,0,full
2022-23,Spurs,Davinson Sánchez,187,848,surname+initial
2022-23,Spurs,Ryan Sessegnon,178,805,full
2022-23,Spurs,Steven Bergwijn,178,0,surname+initial
2022-23,Spurs,Sergio Reguilón,178,0,full
2022-23,Spurs,Japhet Tanganga,180,145,surname+initial
2022-23,Spurs,Rodrigo Bentancur,187,1501,surname+initial
2022-23,Spurs,Oliver Skipp,175,1489,full
2022-23,Spurs,Joe Rodon,193,0,full
2022-23,Spurs,Cristian Romero,185,2363,full
2022-23,Spurs,Yves Bissouma,182,998,full
2022-23,Spurs,Emerson Leite de Souza Junior,183,1729,alias
2022-23,Spurs,Dejan Kulusevski,186,2062,full
2022-23,Spurs,Dane Scarlett,179,0,surname+initial
2022-23,Spurs,Ivan Perišić,186,2099,full
2022-23,Spurs,Harvey White,178,4,surname+initial
2022-23,Spurs,Pape Matar Sarr,184,211,full
2022-23,Spurs,Brandon Austin,188,0,surname+initial
2022-23,Spurs,Alfie Devine,180,0,full
2022-23,Spurs,Troy Parrott,185,0,surname+initial
2022-23,Spurs,Richarlison de Andrade,184,995,full
2022-23,Spurs,Clément Lenglet,186,2018,full
2022-23,Spurs,Djed Spence,185,5,full
2022-23,Spurs,Bryan Gil Salvatierra,175,146,full
2022-23,Spurs,Arnaut Danjuma,178,162,full
2022-23,Spurs,Pedro Porro,173,1132,full
2022-23,Spurs,Romaine Mundle,172,0,full
2022-23,Spurs,George Abbott,,1,UNMATCHED
2022-23,Spurs,Matthew Craig,184,13,full
2022-23,Spurs,Yago de Santiago Alonso,193,0,initial+lasttoken
2022-23,West Ham,Danny Ings,177,1579,full
2022-23,West Ham,Lukasz Fabianski,190,3111,full
2022-23,West Ham,Angelo Ogbonna,191,1234,full
2022-23,West Ham,Aaron Cresswell,175,2235,full
2022-23,West Ham,Michail Antonio,180,1822,full
2022-23,West Ham,Manuel Lanzini,167,243,full
2022-23,West Ham,Kurt Zouma,190,1988,full
2022-23,West Ham,Arthur Masuaku,179,0,full
2022-23,West Ham,Vladimir Coufal,175,2135,full
2022-23,West Ham,Saïd Benrahma,172,2059,full
2022-23,West Ham,Jarrod Bowen,175,3232,full
2022-23,West Ham,Nikola Vlasic,178,0,full
2022-23,West Ham,Declan Rice,185,3272,surname+initial
2022-23,West Ham,Tomas Soucek,192,2811,full
2022-23,West Ham,Pablo Fornals Malla,178,1493,full
2022-23,West Ham,Ben Johnson,184,860,full
2022-23,West Ham,Nayef Aguerd,190,1594,full
2022-23,West Ham,Alphonse Areola,195,307,full
2022-23,West Ham,Flynn Downes,173,752,surname+initial
2022-23,West Ham,Gianluca Scamacca,195,921,full
2022-23,West Ham,Emerson Palmieri dos Santos,176,1317,full
2022-23,West Ham,Conor Coventry,175,1,full
2022-23,West Ham,Armstrong Oko-Flex,180,0,surname+initial
2022-23,West Ham,Maxwel Cornet,179,232,surname+initial
2022-23,West Ham,Thilo Kehrer,186,2229,full
2022-23,West Ham,Lucas Tolentino Coelho de Lima,180,2154,full
2022-23,West Ham,Divin Mubama,183,36,full
2022-23,West Ham,Joseph Anang,190,0,surname+initial
2022-23,West Ham,Krisztián Hegyi,193,0,full
2022-23,West Ham,Kaelan Casey,186,0,surname+initial
2022-23,Wolves,Craig Dawson,188,2134,full
2022-23,Wolves,Raúl Jiménez,188,839,surname+initial
2022-23,Wolves,Jonathan Castro Otto,170,1257,full
2022-23,Wolves,José Malheiro de Sá,192,3240,alias
2022-23,Wolves,Rúben da Silva Neves,180,3020,alias
2022-23,Wolves,Hwang Hee-chan,177,1117,initial+lasttoken
2022-23,Wolves,Nélson Cabral Semedo,177,2633,full
2022-23,Wolves,Daniel Castelo Podence,165,1760,full
2022-23,Wolves,Max Kilman,194,3307,surname+initial
2022-23,Wolves,Luke Cundle,170,0,surname+initial
2022-23,Wolves,Pedro Lomba Neto,172,962,full
2022-23,Wolves,Rayan Aït-Nouri,180,1067,full
2022-23,Wolves,Fabio Silva,185,0,full
2022-23,Wolves,Toti António Gomes,187,978,surname+initial
2022-23,Wolves,Francisco Jorge Tomás Oliveira,,0,UNMATCHED
2022-23,Wolves,Adama Traoré Diarra,178,1477,full
2022-23,Wolves,Matija Šarkić,195,0,full
2022-23,Wolves,Yerson Mosquera Valdelamar,188,0,full
2022-23,Wolves,João Filipe Iria Santos Moutinho,170,1773,full
2022-23,Wolves,Nathan Collins,193,1811,full
2022-23,Wolves,Jackson Smith,187,0,full
2022-23,Wolves,Hugo Bueno López,180,1307,full
2022-23,Wolves,Joseph Hodge,172,172,surname+initial
2022-23,Wolves,Connor Ronan,170,1,surname+initial
2022-23,Wolves,Chem Campbell,180,68,full
2022-23,Wolves,Gonçalo Manuel Ganchinho Guedes,179,703,full
2022-23,Wolves,Matheus Luiz Nunes,183,2467,full
2022-23,Wolves,Sasa Kalajdzic,200,45,full
2022-23,Wolves,Diego Da Silva Costa,186,1235,full
2022-23,Wolves,Boubacar Traoré,183,405,full
2022-23,Wolves,Nathan Fraser,186,0,full
2022-23,Wolves,Harvey Griffiths,191,0,full
2022-23,Wolves,Dexter Lembikisa,177,22,full
2022-23,Wolves,Matheus Santos Carneiro Da Cunha,183,961,full
2022-23,Wolves,Mario Lemina,184,1297,surname+initial
2022-23,Wolves,Pablo Sarabia,174,764,full
2022-23,Wolves,Daniel Bentley,188,180,full
2022-23,Wolves,João Victor Gomes da Silva,176,649,full
2023-24,Arsenal,Folarin Balogun,178,0,full
2023-24,Arsenal,Cédric Alves Soares,172,59,initial+lasttoken
2023-24,Arsenal,Mohamed Elneny,179,25,full
2023-24,Arsenal,Fábio Ferreira Vieira,177,290,initial+lasttoken
2023-24,Arsenal,Gabriel dos Santos Magalhães,190,3042,full
2023-24,Arsenal,Kai Havertz,193,2627,full
2023-24,Arsenal,Gabriel Fernando de Jesus,175,1470,full
2023-24,Arsenal,Jorge Luiz Frello Filho,178,913,tokens
2023-24,Arsenal,Jakub Kiwior,189,942,full
2023-24,Arsenal,Marcus Oliveira Alencar,174,0,initial+lasttoken
2023-24,Arsenal,Gabriel Martinelli Silva,178,2010,alias
2023-24,Arsenal,Eddie Nketiah,175,1065,full
2023-24,Arsenal,Martin Ødegaard,178,3098,full
2023-24,Arsenal,Thomas Partey,185,785,full
2023-24,Arsenal,Nicolas Pépé,183,0,full
2023-24,Arsenal,Aaron Ramsdale,191,540,full
2023-24,Arsenal,Rúnar Alex Rúnarsson,186,0,full
2023-24,Arsenal,Bukayo Saka,178,2922,full
2023-24,Arsenal,William Saliba,192,3420,full
2023-24,Arsenal,Emile Smith Rowe,182,343,full
2023-24,Arsenal,Kieran Tierney,180,0,full
2023-24,Arsenal,Takehiro Tomiyasu,188,1140,full
2023-24,Arsenal,Leandro Trossard,171,1633,full
2023-24,Arsenal,Benjamin White,185,2987,full
2023-24,Arsenal,Granit Xhaka,185,0,full
2023-24,Arsenal,Oleksandr Zinchenko,175,1717,full
2023-24,Arsenal,David Raya Martin,183,2880,full
2023-24,Arsenal,Declan Rice,185,3225,surname+initial
2023-24,Arsenal,Reiss Nelson,175,256,full
2023-24,Arsenal,Jurriën Timber,179,70,full
2023-24,Arsenal,Karl Hein,193,0,surname+initial
2023-24,Arsenal,Charles Sagoe,,0,UNMATCHED
2023-24,Arsenal,Reuell Walters,183,0,full
2023-24,Arsenal,Bradley Ibrahim,190,0,surname+initial
2023-24,Arsenal,Myles Lewis-Skelly,178,0,full
2023-24,Arsenal,Ethan Nwaneri,176,13,full
2023-24,Arsenal,Mauro Bandeira,178,0,initial+lasttoken
2023-24,Arsenal,James Sweet,,0,UNMATCHED
2023-24,Aston Villa,Alexandre Moreno Lopera,179,1024,full
2023-24,Aston Villa,Leon Bailey,178,2063,full
2023-24,Aston Villa,Emiliano Buendía Stati,172,0,alias
2023-24,Aston Villa,Matty Cash,185,2138,full
2023-24,Aston Villa,Calum Chambers,182,149,full
2023-24,Aston Villa,Philippe Coutinho Correia,172,24,full
2023-24,Aston Villa,Keinan Davis,191,0,full
2023-24,Aston Villa,Leander Dendoncker,188,118,full
2023-24,Aston Villa,Diego Carlos Santos Silva,186,1809,full
2023-24,Aston Villa,Lucas Digne,178,2405,full
2023-24,Aston Villa,Douglas Luiz Soares de Paulo,175,2994,full
2023-24,Aston Villa,Jhon Durán,185,461,full
2023-24,Aston Villa,Kortney Hause,191,0,full
2023-24,Aston Villa,Tim Iroegbunam,183,157,full
2023-24,Aston Villa,Boubacar Kamara,184,1653,full
2023-24,Aston Villa,Ezri Konsa Ngoyo,183,3069,full
2023-24,Aston Villa,Emiliano Martínez Romero,180,3015,initial+lasttoken
2023-24,Aston Villa,John McGinn,178,3000,full
2023-24,Aston Villa,Tyrone Mings,196,30,full
2023-24,Aston Villa,Robin Olsen,198,405,surname+initial
2023-24,Aston Villa,Jaden Philogene-Bidace,179,3,full
2023-24,Aston Villa,Jacob Ramsey,180,848,full
2023-24,Aston Villa,Morgan Sanson,180,0,full
2023-24,Aston Villa,Viljami Sinisalo,196,0,full
2023-24,Aston Villa,Youri Tielemans,176,1613,full
2023-24,Aston Villa,Bertrand Traoré,181,10,surname+initial
2023-24,Aston Villa,Ollie Watkins,180,3222,full
2023-24,Aston Villa,Wesley Moraes Ferreira da Silva,191,0,full
2023-24,Aston Villa,Pau Torres,192,2462,full
2023-24,Aston Villa,Moussa Diaby,171,2168,full
2023-24,Aston Villa,Omari Kellyman,182,35,full
2023-24,Aston Villa,Filip Marschall,195,0,full
2023-24,Aston Villa,Nicolò Zaniolo,190,824,full
2023-24,Aston Villa,Oliwier Zych,193,0,full
2023-24,Aston Villa,Clément Lenglet,186,1153,full
2023-24,Aston Villa,Sam Proctor,,0,UNMATCHED
2023-24,Aston Villa,Tommi O'Reilly,170,0,full
2023-24,Aston Villa,James Wright,193,0,surname+initial
2023-24,Aston Villa,Kaine Kesler-Hayden,175,5,surname+initial
2023-24,Aston Villa,Morgan Rogers,187,636,full
2023-24,Aston Villa,Joe Gauci,193,0,full
2023-24,Aston Villa,Finley Munroe,,3,UNMATCHED
2023-24,Aston Villa,Kadan Young,,0,UNMATCHED
2023-24,Aston Villa,Lander Emery,,0,UNMATCHED
2023-24,Bournemouth,Jaidon Anthony,183,151,full
2023-24,Bournemouth,Philip Billing,197,1385,surname+initial
2023-24,Bournemouth,David Brooks,173,271,full
2023-24,Bournemouth,Ryan Christie,178,2908,full
2023-24,Bournemouth,Lewis Cook,175,2787,full
2023-24,Bournemouth,Siriki Dembélé,173,0,full
2023-24,Bournemouth,Ryan Fredericks,181,0,full
2023-24,Bournemouth,James Hill,184,74,surname+initial
2023-24,Bournemouth,Lloyd Kelly,190,1553,full
2023-24,Bournemouth,Gavin Kilkenny,170,0,full
2023-24,Bournemouth,Justin Kluivert,171,1910,full
2023-24,Bournemouth,Jamal Lowe,183,0,full
2023-24,Bournemouth,Emiliano Marcondes,182,0,surname+initial
2023-24,Bournemouth,Chris Mepham,190,613,full
2023-24,Bournemouth,Kieffer Moore,196,100,full
2023-24,Bournemouth,Norberto Murara Neto,190,2880,full
2023-24,Bournemouth,Dango Ouattara,177,1214,full
2023-24,Bournemouth,Ben Pearson,176,0,full
2023-24,Bournemouth,Darren Randolph,188,0,full
2023-24,Bournemouth,Joe Rothwell,183,380,full
2023-24,Bournemouth,Antoine Semenyo,180,2099,surname+initial
2023-24,Bournemouth,Marcos Senesi,183,2239,surname+initial
2023-24,Bournemouth,Adam Smith,180,2148,surname+initial
2023-24,Bournemouth,Dominic Solanke,187,3325,full
2023-24,Bournemouth,Marcus Tavernier,177,2118,full
2023-24,Bournemouth,Hamed Traorè,175,44,surname+initial
2023-24,Bournemouth,Mark Travers,191,360,full
2023-24,Bournemouth,Illia Zabarnyi,186,3330,full
2023-24,Bournemouth,Milos Kerkez,176,1966,full
2023-24,Bournemouth,Ionuț Radu,188,180,surname+initial
2023-24,Bournemouth,Ben Greenwood,184,0,full
2023-24,Bournemouth,Max Aarons,171,1233,surname+initial
2023-24,Bournemouth,Alex Scott,180,1003,full
2023-24,Bournemouth,Tyler Adams,175,118,full
2023-24,Bournemouth,Luis Sinisterra,172,685,full
2023-24,Bournemouth,Romain Faivre,180,37,full
2023-24,Bournemouth,Max Kinsey,,0,UNMATCHED
2023-24,Bournemouth,Enes Ünal,187,317,full
2023-24,Bournemouth,Dominic Sadi,174,1,full
2023-24,Bournemouth,Michael Dacosta Gonzalez,,0,UNMATCHED
2023-24,Bournemouth,Callan McKenna,193,0,surname+initial
2023-24,Brentford,Kristoffer Ajer,198,1826,full
2023-24,Brentford,Ellery Balcombe,190,0,surname+initial
2023-24,Brentford,Shandon Baptiste,175,222,surname+initial
2023-24,Brentford,Mads Bech Sørensen,193,0,full
2023-24,Brentford,Mads Bidstrup,175,0,full
2023-24,Brentford,Sergi Canós Tenés,175,0,full
2023-24,Brentford,Nathan Collins,193,2649,full
2023-24,Brentford,Matthew Cox,182,0,full
2023-24,Brentford,Mikkel Damsgaard,180,829,surname+initial
2023-24,Brentford,Josh Dasilva,184,22,full
2023-24,Brentford,Halil Dervişoğlu,183,0,surname+initial
2023-24,Brentford,Mark Flekken,195,3285,full
2023-24,Brentford,Charlie Goode,196,0,full
2023-24,Brentford,Rico Henry,170,401,full
2023-24,Brentford,Aaron Hickey,185,713,full
2023-24,Brentford,Vitaly Janelt,184,3054,full
2023-24,Brentford,Mathias Jensen,180,2201,full
2023-24,Brentford,Keane Lewis-Potter,170,1428,full
2023-24,Brentford,Bryan Mbeumo,171,1957,full
2023-24,Brentford,Ben Mee,180,1272,full
2023-24,Brentford,Christian Nørgaard,187,2504,full
2023-24,Brentford,Frank Onyeka,183,1147,full
2023-24,Brentford,Ethan Pinnock,194,2521,full
2023-24,Brentford,Mads Roerslev Rasmussen,184,1975,full
2023-24,Brentford,Kevin Schade,185,327,full
2023-24,Brentford,Thomas Strakosha,193,135,full
2023-24,Brentford,Ivan Toney,187,1449,full
2023-24,Brentford,Ryan Trevitt,170,0,full
2023-24,Brentford,Yoane Wissa,176,2488,full
2023-24,Brentford,Yegor Yarmoliuk,180,670,surname+initial
2023-24,Brentford,Mathias Jorgensen,185,1086,full
2023-24,Brentford,Neal Maupay,173,1417,full
2023-24,Brentford,Sergio Reguilón,178,1524,full
2023-24,Brentford,Michael Olakigbe,180,51,full
2023-24,Brentford,Ethan Brierley,173,0,surname+initial
2023-24,Brentford,Saman Ghoddos,175,728,full
2023-24,Brentford,Ji-Soo Kim,192,0,full
2023-24,Brentford,Valintino Adedokun,,0,UNMATCHED
2023-24,Brentford,Myles Peart-Harris,187,11,full
2023-24,Brentford,Vincent Angelini,186,0,full
2023-24,Brentford,Hákon Valdimarsson,196,0,surname+initial
2023-24,Brentford,Benjamin Fredrick,,0,UNMATCHED
2023-24,Brentford,Benjamin Arthur,,0,UNMATCHED
2023-24,Brentford,Yunus Konak,181,0,surname+initial
2023-24,Brighton,Simon Adingra,175,2220,full
2023-24,Brighton,Steven Alzate,180,0,full
2023-24,Brighton,Yasin Ayari,172,0,full
2023-24,Brighton,Facundo Buonanotte,174,1356,full
2023-24,Brighton,Aaron Connolly,175,0,surname+initial
2023-24,Brighton,Mahmoud Dahoud,178,449,full
2023-24,Brighton,Lewis Dunk,192,2869,full
2023-24,Brighton,Julio Enciso,173,468,full
2023-24,Brighton,Pervis Estupiñán,175,1242,full
2023-24,Brighton,Evan Ferguson,188,1356,full
2023-24,Brighton,Billy Gilmour,170,2116,full
2023-24,Brighton,Pascal Groß,181,3112,full
2023-24,Brighton,João Pedro Junqueira de Jesus,182,2037,full
2023-24,Brighton,Michał Karbownik,175,0,full
2023-24,Brighton,Kacper Kozłowski,182,0,full
2023-24,Brighton,Adam Lallana,172,839,full
2023-24,Brighton,Tariq Lamptey,163,908,full
2023-24,Brighton,Solly March,180,555,full
2023-24,Brighton,Tom McGill,185,0,surname+initial
2023-24,Brighton,James Milner,175,770,full
2023-24,Brighton,Kaoru Mitoma,178,1485,full
2023-24,Brighton,Jakub Moder,191,608,full
2023-24,Brighton,Jeremy Sarmiento Morante,,0,UNMATCHED
2023-24,Brighton,Kjell Scherpen,202,0,full
2023-24,Brighton,Jason Steele,188,1530,full
2023-24,Brighton,Deniz Undav,179,0,full
2023-24,Brighton,Jan Paul van Hecke,185,2368,surname+initial
2023-24,Brighton,Joël Veltman,184,1579,full
2023-24,Brighton,Bart Verbruggen,194,1890,full
2023-24,Brighton,Adam Webster,191,1142,full
2023-24,Brighton,Danny Welbeck,185,1687,full
2023-24,Brighton,Andi Zeqiri,185,0,surname+initial
2023-24,Brighton,Igor Julio dos Santos de Paulo,185,1631,full
2023-24,Brighton,Jack Hinshelwood,178,866,surname+initial
2023-24,Brighton,Carlos Baleba,179,1314,full
2023-24,Brighton,Anssumane Fati Vieira,178,509,webname-full
2023-24,Brighton,Mark O’Mahony,,61,UNMATCHED
2023-24,Brighton,Benicio Baker-Boaitey,,37,UNMATCHED
2023-24,Brighton,Ben Jackson,178,0,surname+initial
2023-24,Brighton,Joshua Duffus,,0,UNMATCHED
2023-24,Brighton,Leigh Kavanagh,,0,UNMATCHED
2023-24,Brighton,Luca Barrington,,0,UNMATCHED
2023-24,Brighton,Cameron Peupion,170,0,full
2023-24,Brighton,Valentín Barco,172,307,full
2023-24,Brighton,Samy Chouchane,,0,UNMATCHED
2023-24,Brighton,Odeluga Offiah,181,126,full
2023-24,Brighton,Noël Atom,,0,UNMATCHED
2023-24,Burnley,Enock Agyei,,0,UNMATCHED
2023-24,Burnley,Ameen Al-Dakhil,187,1055,full
2023-24,Burnley,Samuel Bastien,175,0,surname+initial
2023-24,Burnley,Manuel Benson Hedilazio,166,110,tokens
2023-24,Burnley,Jordan Beyer,187,1234,full
2023-24,Burnley,Josh Brownhill,180,2248,full
2023-24,Burnley,Darko Churlinov,180,0,full
2023-24,Burnley,Jack Cork,184,25,full
2023-24,Burnley,Dara Costelloe,181,0,full
2023-24,Burnley,Josh Cullen,175,2055,full
2023-24,Burnley,CJ Egan-Riley,183,0,surname+initial
2023-24,Burnley,Hjalmar Ekdal,188,436,full
2023-24,Burnley,Lyle Foster,185,1898,full
2023-24,Burnley,Denis Franchi,189,0,full
2023-24,Burnley,Jóhann Berg Gudmundsson,179,1185,alias
2023-24,Burnley,Luke McNally,193,0,full
2023-24,Burnley,Arijanet Muric,197,900,surname+initial
2023-24,Burnley,Dara O'Shea,189,2892,full
2023-24,Burnley,Michael Obafemi,169,19,full
2023-24,Burnley,Bailey Peacock-Farrell,193,0,full
2023-24,Burnley,Connor Roberts,175,817,surname+initial
2023-24,Burnley,Jay Rodriguez,185,811,full
2023-24,Burnley,Charlie Taylor,185,2329,full
2023-24,Burnley,Bobby Thomas,193,0,full
2023-24,Burnley,Scott Twine,174,0,surname+initial
2023-24,Burnley,Lawrence Vigouroux,194,0,surname+initial
2023-24,Burnley,Victor da Silva,182,2311,surname+initial
2023-24,Burnley,Wout Weghorst,197,0,full
2023-24,Burnley,Anass Zaroury,178,149,full
2023-24,Burnley,David Datro Fofana,181,876,full
2023-24,Burnley,Sander Berge,195,3002,full
2023-24,Burnley,Zeki Amdouni,185,1953,full
2023-24,Burnley,James Trafford,192,2520,full
2023-24,Burnley,Nathan Redmond,173,132,full
2023-24,Burnley,Luca Koleosho,175,972,full
2023-24,Burnley,Jacob Bruun Larsen,183,1235,full
2023-24,Burnley,Owen Dodgson,178,0,full
2023-24,Burnley,Wilson Odobert,182,2095,full
2023-24,Burnley,Hannes Delcroix,183,584,full
2023-24,Burnley,Aaron Ramsey,183,522,surname+initial
2023-24,Burnley,Han-Noah Massengo,175,14,surname+initial
2023-24,Burnley,Mike Trésor,172,410,surname+initial
2023-24,Burnley,Lorenz Assignon,181,1235,full
2023-24,Burnley,Maxime Esteve,193,1310,full
2023-24,Chelsea,Moisés Caicedo Corozo,178,2865,initial+lasttoken
2023-24,Chelsea,Robert Sánchez,175,1433,surname+initial
2023-24,Chelsea,Ethan Ampadu,182,0,full
2023-24,Chelsea,Andrey Nascimento dos Santos,176,7,full
2023-24,Chelsea,Kepa Arrizabalaga,189,0,alias
2023-24,Chelsea,Pierre-Emerick Aubameyang,187,0,full
2023-24,Chelsea,César Azpilicueta,178,0,full
2023-24,Chelsea,Abdul Rahman Baba,180,0,full
2023-24,Chelsea,Benoît Badiashile,194,1337,full
2023-24,Chelsea,Marcus Bettinelli,193,0,full
2023-24,Chelsea,Trevoh Chalobah,191,949,full
2023-24,Chelsea,Ben Chilwell,180,752,full
2023-24,Chelsea,Carney Chukwuemeka,188,222,full
2023-24,Chelsea,Levi Colwill,187,1794,full
2023-24,Chelsea,Marc Cucurella Saseta,173,1783,full
2023-24,Chelsea,Enzo Fernández,178,2208,full
2023-24,Chelsea,Wesley Fofana,190,0,surname+initial
2023-24,Chelsea,Conor Gallagher,182,3129,full
2023-24,Chelsea,Malo Gusto,179,1746,full
2023-24,Chelsea,Reece James,178,416,surname+initial
2023-24,Chelsea,Romelu Lukaku Bolingoli,,0,UNMATCHED
2023-24,Chelsea,Noni Madueke,182,1044,full
2023-24,Chelsea,Mykhailo Mudryk,175,1564,full
2023-24,Chelsea,Nicolas Jackson,186,2801,full
2023-24,Chelsea,Christopher Nkunku,175,437,full
2023-24,Chelsea,Christian Pulisic,177,0,full
2023-24,Chelsea,Malang Sarr,183,0,full
2023-24,Chelsea,Gabriel Słonina,193,0,full
2023-24,Chelsea,Raheem Sterling,170,1972,full
2023-24,Chelsea,Thiago Emiliano da Silva,183,2525,full
2023-24,Chelsea,Hakim Ziyech,181,0,full
2023-24,Chelsea,Cole Palmer,189,2617,surname+initial
2023-24,Chelsea,Ângelo Gabriel Borges Damaceno,180,0,full
2023-24,Chelsea,Ian Maatsen,178,200,full
2023-24,Chelsea,Axel Disasi,191,2579,full
2023-24,Chelsea,Lesley Ugochukwu,190,296,full
2023-24,Chelsea,Mason Burstow,187,8,full
2023-24,Chelsea,Lucas Bergström,200,0,full
2023-24,Chelsea,Roméo Lavia,181,32,full
2023-24,Chelsea,Bashir Humphreys,187,0,full
2023-24,Chelsea,Deivid Washington de Souza Eugênio,187,11,initial+lasttoken
2023-24,Chelsea,Eddie Beach,186,0,full
2023-24,Chelsea,Diego Manuel Jadon da Silva Moreira,179,0,full
2023-24,Chelsea,Đorđe Petrović,194,1986,full
2023-24,Chelsea,Alfie Gilchrist,183,200,full
2023-24,Chelsea,Ronnie Stutter,,0,UNMATCHED
2023-24,Chelsea,Alex Matos,183,1,surname+initial
2023-24,Chelsea,Josh Brooking,185,0,full
2023-24,Chelsea,Leo Castledine,,0,UNMATCHED
2023-24,Chelsea,Cesare Casadei,186,71,full
2023-24,Chelsea,Ishé Samuels-Smith,,0,UNMATCHED
2023-24,Chelsea,Ollie Harrison,,0,UNMATCHED
2023-24,Chelsea,Jimi Tauriainen,188,1,full
2023-24,Chelsea,Josh Acheampong,,5,UNMATCHED
2023-24,Chelsea,Teddy Sharman-Lowe,189,0,full
2023-24,Chelsea,Tyrique George,,0,UNMATCHED
2023-24,Chelsea,Kiano Dyer,170,0,surname+initial
2023-24,Chelsea,Ted Curd,,0,UNMATCHED
2023-24,Chelsea,Zak Sturge,188,0,full
2023-24,Crystal Palace,Rob Holding,189,0,full
2023-24,Crystal Palace,Naouirou Ahamada,183,332,full
2023-24,Crystal Palace,Joachim Andersen,192,3416,full
2023-24,Crystal Palace,Jordan Ayew,182,2540,full
2023-24,Crystal Palace,Nathaniel Clyne,175,1335,full
2023-24,Crystal Palace,Cheick Doucouré,180,920,full
2023-24,Crystal Palace,Malcolm Ebiowei,185,0,full
2023-24,Crystal Palace,Odsonne Edouard,187,1545,full
2023-24,Crystal Palace,Eberechi Eze,178,2054,full
2023-24,Crystal Palace,Vicente Guaita,190,0,alias
2023-24,Crystal Palace,Marc Guéhi,182,2020,surname+initial
2023-24,Crystal Palace,Will Hughes,185,1886,full
2023-24,Crystal Palace,Sam Johnstone,193,1796,full
2023-24,Crystal Palace,Jefferson Lerma Solís,179,2399,alias
2023-24,Crystal Palace,Jean-Philippe Mateta,192,2274,full
2023-24,Crystal Palace,Remi Matthews,192,3,full
2023-24,Crystal Palace,Tyrick Mitchell,175,3204,surname+initial
2023-24,Crystal Palace,Jake O'Brien,197,0,full
2023-24,Crystal Palace,Michael Olise,189,1272,surname+initial
2023-24,Crystal Palace,Luke Plange,178,0,full
2023-24,Crystal Palace,Chris Richards,188,2091,full
2023-24,Crystal Palace,Jairo Riedewald,182,228,full
2023-24,Crystal Palace,Jeffrey Schlupp,178,1340,full
2023-24,Crystal Palace,James Tomkins,192,8,full
2023-24,Crystal Palace,Joel Ward,188,1978,full
2023-24,Crystal Palace,Joe Whitworth,183,0,surname+initial
2023-24,Crystal Palace,Dean Henderson,188,1620,full
2023-24,Crystal Palace,Matheus França de Oliveira,184,224,full
2023-24,Crystal Palace,Jesurun Rak-Sakyi,178,132,full
2023-24,Crystal Palace,John-Kymani Gordon,181,0,full
2023-24,Crystal Palace,Ademola Ola-Adebomi,,0,UNMATCHED
2023-24,Crystal Palace,David Ozoh,189,148,full
2023-24,Crystal Palace,Jadan Raymond,,0,UNMATCHED
2023-24,Crystal Palace,Tayo Adaramola,177,0,full
2023-24,Crystal Palace,Daniel Muñoz,181,1440,full
2023-24,Crystal Palace,Adam Wharton,175,1296,surname+initial
2023-24,Crystal Palace,Franco Umeh-Chibueze,,0,UNMATCHED
2023-24,Crystal Palace,Kaden Rodney,186,0,full
2023-24,Crystal Palace,Roshaun Mathurin,,0,UNMATCHED
2023-24,Everton,André Tavares Gomes,,505,UNMATCHED
2023-24,Everton,Jarrad Branthwaite,195,3116,full
2023-24,Everton,Dominic Calvert-Lewin,187,2166,full
2023-24,Everton,Seamus Coleman,177,661,full
2023-24,Everton,Dele Alli,188,0,full
2023-24,Everton,Abdoulaye Doucouré,184,2632,full
2023-24,Everton,James Garner,182,3001,full
2023-24,Everton,Jean-Philippe Gbamin,186,0,full
2023-24,Everton,Ben Godfrey,183,1120,full
2023-24,Everton,Demarai Gray,183,0,full
2023-24,Everton,Idrissa Gueye,174,1885,surname+initial
2023-24,Everton,Michael Keane,191,437,full
2023-24,Everton,Dwight McNeil,183,2891,full
2023-24,Everton,Vitalii Mykolenko,180,2469,surname+initial
2023-24,Everton,Amadou Onana,195,2085,full
2023-24,Everton,Nathan Patterson,189,1000,full
2023-24,Everton,Jordan Pickford,185,3420,full
2023-24,Everton,Ellis Simms,191,0,full
2023-24,Everton,James Tarkowski,188,3420,surname+initial
2023-24,Everton,João Neves Virgínia,192,0,initial+lasttoken
2023-24,Everton,Andy Lonergan,192,0,surname+initial
2023-24,Everton,Ashley Young,175,2277,full
2023-24,Everton,Arnaut Danjuma Groeneveld,178,587,initial+lasttoken
2023-24,Everton,Lewis Dobbin,175,226,full
2023-24,Everton,Youssef Ramalho Chermiti,192,196,full
2023-24,Everton,Thomas Cannon,180,1,surname+initial
2023-24,Everton,Tyler Onyango,196,1,full
2023-24,Everton,Jack Harrison,175,2212,full
2023-24,Everton,Norberto Bercique Gomes Betuncal,194,943,full
2023-24,Everton,Mackenzie Hunt,176,0,full
2023-24,Everton,Jenson Metcalfe,,0,UNMATCHED
2023-24,Everton,Elijah Campbell,,0,UNMATCHED
2023-24,Everton,Lewis Warrington,175,1,full
2023-24,Everton,Billy Crellin,185,0,surname+initial
2023-24,Fulham,Armando Broja,191,529,full
2023-24,Fulham,Alex Iwobi,185,2331,full
2023-24,Fulham,Andreas Hoelgebaum Pereira,178,2611,alias
2023-24,Fulham,Tom Cairney,186,1472,full
2023-24,Fulham,Ivan Neves Abreu Cavaleiro,175,0,initial+lasttoken
2023-24,Fulham,Bobby De Cordova-Reid,170,1410,full
2023-24,Fulham,Issa Diop,194,1423,full
2023-24,Fulham,Tyrese Francois,173,0,surname+initial
2023-24,Fulham,Anthony Knockaert,172,0,full
2023-24,Fulham,Terence Kongolo,188,0,full
2023-24,Fulham,Bernd Leno,189,3420,full
2023-24,Fulham,Saša Lukić,183,1113,full
2023-24,Fulham,Kevin Mbabu,184,0,surname+initial
2023-24,Fulham,Aleksandar Mitrović,189,32,full
2023-24,Fulham,Rodrigo Muniz Carvalho,185,1589,full
2023-24,Fulham,João Palhinha Gonçalves,190,2698,alias
2023-24,Fulham,Tim Ream,186,1503,full
2023-24,Fulham,Harrison Reed,175,1317,surname+initial
2023-24,Fulham,Antonee Robinson,182,3266,full
2023-24,Fulham,Marek Rodák,194,0,full
2023-24,Fulham,Kenny Tete,180,863,full
2023-24,Fulham,Tosin Adarabioyo,197,1616,full
2023-24,Fulham,Carlos Vinícius Alves Morais,190,306,full
2023-24,Fulham,Harry Wilson,173,1603,full
2023-24,Fulham,Raúl Jiménez,188,1390,surname+initial
2023-24,Fulham,Willian Borges da Silva,175,2048,full
2023-24,Fulham,Calvin Bassey,185,2299,full
2023-24,Fulham,Luc De Fougerolles,,0,UNMATCHED
2023-24,Fulham,Jay Stansfield,187,0,full
2023-24,Fulham,Matthew Dibley-Dias,189,0,initial+lasttoken
2023-24,Fulham,Adama Traoré,177,363,surname+initial
2023-24,Fulham,Luke Harris,168,74,full
2023-24,Fulham,Timothy Castagne,185,2630,full
2023-24,Fulham,Steven Benda,193,0,full
2023-24,Fulham,Fodé Ballo-Touré,182,65,full
2023-24,Fulham,Devan Tanton,,0,UNMATCHED
2023-24,Fulham,Kristian Sekularac,185,0,full
2023-24,Fulham,Joshua King,180,0,full
2023-24,Liverpool,Adrián San Miguel del Castillo,190,0,full
2023-24,Liverpool,Trent Alexander-Arnold,180,2153,surname+initial
2023-24,Liverpool,Alisson Ramses Becker,193,2520,full
2023-24,Liverpool,Stefan Bajcetic,185,25,full
2023-24,Liverpool,Darwin Núñez Ribeiro,187,2033,initial+lasttoken
2023-24,Liverpool,Diogo Teixeira da Silva,178,1141,alias
2023-24,Liverpool,Harvey Elliott,168,1330,full
2023-24,Liverpool,Fabio Henrique Tavares,188,0,full
2023-24,Liverpool,Cody Gakpo,193,1633,full
2023-24,Liverpool,Joe Gomez,188,1772,full
2023-24,Liverpool,Jordan Henderson,187,0,full
2023-24,Liverpool,Curtis Jones,185,1156,full
2023-24,Liverpool,Caoimhin Kelleher,188,900,full
2023-24,Liverpool,Ibrahima Konaté,194,1570,full
2023-24,Liverpool,Luis Díaz,180,2625,full
2023-24,Liverpool,Alexis Mac Allister,176,2600,full
2023-24,Liverpool,Joel Matip,194,779,surname+initial
2023-24,Liverpool,Nathaniel Phillips,190,0,full
2023-24,Liverpool,Andrew Robertson,178,1689,full
2023-24,Liverpool,Mohamed Salah,175,2531,full
2023-24,Liverpool,Dominik Szoboszlai,186,2102,full
2023-24,Liverpool,Thiago Alcántara do Nascimento,174,5,full
2023-24,Liverpool,Konstantinos Tsimikas,179,675,full
2023-24,Liverpool,Sepp van den Berg,192,0,full
2023-24,Liverpool,Virgil van Dijk,193,3177,full
2023-24,Liverpool,Jarell Quansah,190,1188,full
2023-24,Liverpool,Bobby Clark,178,86,full
2023-24,Liverpool,Ben Doak,176,13,full
2023-24,Liverpool,James McConnell,180,3,full
2023-24,Liverpool,Wataru Endo,178,1714,full
2023-24,Liverpool,Ryan Gravenberch,190,1110,full
2023-24,Liverpool,Luke Chambers,185,0,full
2023-24,Liverpool,Callum Scanlon,,0,UNMATCHED
2023-24,Liverpool,Treymaurice Nyoni,180,0,surname+initial
2023-24,Liverpool,Marcelo de Araújo Pitaluga Filho,191,0,full
2023-24,Liverpool,Conor Bradley,181,752,full
2023-24,Liverpool,Owen Beck,181,7,full
2023-24,Liverpool,Kaide Gordon,173,1,full
2023-24,Liverpool,Lewis Koumas,,0,UNMATCHED
2023-24,Liverpool,Fabian Mrozek,,0,UNMATCHED
2023-24,Liverpool,Jayden Danns,183,7,full
2023-24,Liverpool,Amara Nallo,186,0,full
2023-24,Luton,Albert Sambi Lokonga,183,1304,full
2023-24,Luton,Marvelous Nakamba,178,1131,full
2023-24,Luton,Elijah Adebayo,193,1405,full
2023-24,Luton,Mads Juel Andersen,194,397,full
2023-24,Luton,Amari'i Bell,180,1720,full
2023-24,Luton,Luke Berry,177,309,full
2023-24,Luton,Reece Burke,189,1659,full
2023-24,Luton,Allan Campbell,174,0,full
2023-24,Luton,Jordan Clark,176,1297,surname+initial
2023-24,Luton,Alfie Doughty,183,2923,full
2023-24,Luton,Luke Freeman,172,0,surname+initial
2023-24,Luton,Matt Macey,201,0,surname+initial
2023-24,Luton,John McAtee,180,0,surname+initial
2023-24,Luton,Carlos Mendes Gomes,178,0,full
2023-24,Luton,Carlton Morris,185,2859,full
2023-24,Luton,Admiral Muskwe,188,0,surname+initial
2023-24,Luton,Chiedozie Ogbene,181,1987,full
2023-24,Luton,Fred Onyedinma,185,403,full
2023-24,Luton,Gabriel Osho,185,1846,full
2023-24,Luton,Aribim Pepple,185,0,full
2023-24,Luton,Dion Pereira,175,0,full
2023-24,Luton,Dan Potts,178,0,surname+initial
2023-24,Luton,Glen Rea,184,0,full
2023-24,Luton,James Shea,181,14,full
2023-24,Luton,Joe Taylor,182,0,full
2023-24,Luton,Elliot Thorpe,178,0,surname+initial
2023-24,Luton,Jack Walton,184,0,full
2023-24,Luton,Louie Watson,176,0,full
2023-24,Luton,Cauley Woodrow,184,406,full
2023-24,Luton,Teden Mengi,183,2467,surname+initial
2023-24,Luton,Ryan Giles,183,498,full
2023-24,Luton,Tom Lockyer,185,1169,full
2023-24,Luton,Pelly Ruddock Mpanzu,175,1085,full
2023-24,Luton,Tahith Chong,185,1972,full
2023-24,Luton,Issa Kaboré,180,1727,full
2023-24,Luton,Thomas Kaminski,190,3405,full
2023-24,Luton,Ross Barkley,186,2616,surname+initial
2023-24,Luton,Jacob Brown,184,1013,surname+initial
2023-24,Luton,Aidan Francis-Clarke,,0,UNMATCHED
2023-24,Luton,Tim Krul,188,0,full
2023-24,Luton,Joseph Johnson,180,75,surname+initial
2023-24,Luton,Andros Townsend,175,1197,full
2023-24,Luton,Jayden Luker,,0,UNMATCHED
2023-24,Luton,Zack Nelson,,4,UNMATCHED
2023-24,Luton,Daiki Hashioka,184,592,surname+initial
2023-24,Luton,Axel Piesold,,0,UNMATCHED
2023-24,Luton,Dominic Dos Santos Martins,,0,UNMATCHED
2023-24,Luton,Christian Chigozie,,0,UNMATCHED
2023-24,Luton,Taylan Harris,,0,UNMATCHED
2023-24,Man City,Manuel Akanji,188,2512,full
2023-24,Man City,Nathan Aké,180,2039,full
2023-24,Man City,Julián Álvarez,170,2644,full
2023-24,Man City,Bernardo Veiga de Carvalho e Silva,173,2576,alias
2023-24,Man City,Oscar Bobb,174,294,full
2023-24,Man City,João Cancelo,182,0,full
2023-24,Man City,Scott Carson,188,0,full
2023-24,Man City,Shea Charles,189,0,full
2023-24,Man City,Kevin De Bruyne,181,1219,full
2023-24,Man City,Rúben Gato Alves Dias,187,2557,alias
2023-24,Man City,Ederson Santana de Moraes,188,2785,full
2023-24,Man City,Phil Foden,171,2860,full
2023-24,Man City,Jack Grealish,180,998,full
2023-24,Man City,Erling Haaland,195,2553,full
2023-24,Man City,Mateo Kovačić,177,1539,full
2023-24,Man City,Aymeric Laporte,191,11,full
2023-24,Man City,Rico Lewis,169,804,full
2023-24,Man City,Riyad Mahrez,179,0,full
2023-24,Man City,Stefan Ortega Moreno,185,632,full
2023-24,Man City,Máximo Perrone,178,0,full
2023-24,Man City,Rodrigo Hernandez,170,2931,surname+initial
2023-24,Man City,Sergio Gómez,171,48,full
2023-24,Man City,Zack Steffen,191,0,full
2023-24,Man City,John Stones,188,1061,full
2023-24,Man City,Kyle Walker,183,2766,full
2023-24,Man City,Matheus Luiz Nunes,183,831,full
2023-24,Man City,Joško Gvardiol,185,2327,full
2023-24,Man City,Jérémy Doku,173,1585,full
2023-24,Man City,Mahamadou Susoho,,0,UNMATCHED
2023-24,Man City,Micah Hamilton,,0,UNMATCHED
2023-24,Man City,Jacob Wright,193,0,surname+initial
2023-24,Man Utd,Mason Mount,181,509,full
2023-24,Man Utd,Alex Telles,181,0,full
2023-24,Man Utd,Amad Diallo,173,385,full
2023-24,Man Utd,Antony Matheus dos Santos,172,1311,full
2023-24,Man Utd,Bruno Borges Fernandes,179,3118,alias
2023-24,Man Utd,Brandon Williams,182,0,full
2023-24,Man Utd,Eric Bailly,187,0,full
2023-24,Man Utd,Carlos Henrique Casimiro,185,1981,initial+lasttoken
2023-24,Man Utd,Diogo Dalot Teixeira,183,3174,alias
2023-24,Man Utd,Christian Eriksen,182,1134,full
2023-24,Man Utd,Álvaro Fernández Carreras,186,0,full
2023-24,Man Utd,Frederico Rodrigues de Paula Santos,169,0,full
2023-24,Man Utd,Alejandro Garnacho,180,2564,full
2023-24,Man Utd,Hannibal Mejbri,182,131,full
2023-24,Man Utd,Tom Heaton,188,0,full
2023-24,Man Utd,Victor Lindelöf,187,1328,full
2023-24,Man Utd,Harry Maguire,193,1650,full
2023-24,Man Utd,Kobbie Mainoo,175,1927,surname+initial
2023-24,Man Utd,Tyrell Malacia,169,0,full
2023-24,Man Utd,Anthony Martial,184,439,full
2023-24,Man Utd,Lisandro Martínez,174,643,surname+initial
2023-24,Man Utd,Scott McTominay,193,1891,full
2023-24,Man Utd,Facundo Pellistri Rebollo,175,164,full
2023-24,Man Utd,Raphaël Varane,191,1370,full
2023-24,Man Utd,Marcus Rashford,186,2264,full
2023-24,Man Utd,Jadon Sancho,180,76,full
2023-24,Man Utd,Luke Shaw,181,960,surname+initial
2023-24,Man Utd,Shola Shoretire,175,0,surname+initial
2023-24,Man Utd,Donny van de Beek,184,2,full
2023-24,Man Utd,Aaron Wan-Bissaka,183,1778,full
2023-24,Man Utd,André Onana,190,3420,full
2023-24,Man Utd,Rasmus Højlund,191,2156,surname+initial
2023-24,Man Utd,Omari Forson,,67,UNMATCHED
2023-24,Man Utd,Radek Vítek,,0,UNMATCHED
2023-24,Man Utd,Daniel Gore,173,1,full
2023-24,Man Utd,Altay Bayindir,198,0,full
2023-24,Man Utd,Jonny Evans,188,1389,full
2023-24,Man Utd,Sofyan Amrabat,185,929,full
2023-24,Man Utd,Joe Hugill,183,0,surname+initial
2023-24,Man Utd,Willy Kambwala,,325,UNMATCHED
2023-24,Man Utd,Rhys Bennett,187,0,full
2023-24,Man Utd,Toby Collyer,,0,UNMATCHED
2023-24,Man Utd,Habeeb Ogunneye,,0,UNMATCHED
2023-24,Man Utd,Dermot Mee,,0,UNMATCHED
2023-24,Man Utd,Harry Amass,,0,UNMATCHED
2023-24,Man Utd,Ethan Wheatley,,13,UNMATCHED
2023-24,Man Utd,Louis Jackson,196,0,surname+initial
2023-24,Newcastle,Lewis Hall,179,773,full
2023-24,Newcastle,Miguel Almirón Rejala,174,1930,initial+lasttoken
2023-24,Newcastle,Elliot Anderson,179,1018,full
2023-24,Newcastle,Harrison Ashby,180,0,full
2023-24,Newcastle,Sven Botman,193,1375,full
2023-24,Newcastle,Bruno Guimarães Rodriguez Moura,182,3264,full
2023-24,Newcastle,Dan Burn,198,2725,surname+initial
2023-24,Newcastle,Karl Darlow,190,0,full
2023-24,Newcastle,Martin Dubravka,190,1984,full
2023-24,Newcastle,Ryan Fraser,163,0,full
2023-24,Newcastle,Mark Gillespie,192,0,full
2023-24,Newcastle,Anthony Gordon,183,2896,full
2023-24,Newcastle,Isaac Hayden,185,0,full
2023-24,Newcastle,Jeff Hendrick,185,0,full
2023-24,Newcastle,Alexander Isak,192,2253,full
2023-24,Newcastle,Joelinton Cássio Apolinário de Lira,186,1276,full
2023-24,Newcastle,Emil Krafth,184,909,full
2023-24,Newcastle,Garang Kuol,175,0,full
2023-24,Newcastle,Jamaal Lascelles,188,1077,full
2023-24,Newcastle,Jamal Lewis,178,0,full
2023-24,Newcastle,Sean Longstaff,180,2742,surname+initial
2023-24,Newcastle,Javier Manquillo Gaitán,178,0,full
2023-24,Newcastle,Jacob Murphy,179,1184,full
2023-24,Newcastle,Nick Pope,199,1345,full
2023-24,Newcastle,Matt Ritchie,172,120,full
2023-24,Newcastle,Allan Saint-Maximin,173,0,full
2023-24,Newcastle,Fabian Schär,186,3055,full
2023-24,Newcastle,Matt Targett,183,77,full
2023-24,Newcastle,Sandro Tonali,181,437,full
2023-24,Newcastle,Kieran Trippier,173,2235,full
2023-24,Newcastle,Kell Watts,192,0,surname+initial
2023-24,Newcastle,Joe Willock,186,415,full
2023-24,Newcastle,Callum Wilson,180,981,surname+initial
2023-24,Newcastle,Loris Karius,189,90,full
2023-24,Newcastle,Paul Dummett,183,18,full
2023-24,Newcastle,Harvey Barnes,182,788,full
2023-24,Newcastle,Tino Livramento,181,1302,surname+initial
2023-24,Newcastle,Alex Murphy,188,11,full
2023-24,Newcastle,Lewis Miley,189,1203,full
2023-24,Newcastle,Amadou Diallo,173,1,surname+initial
2023-24,Newcastle,Ben Parkinson,183,24,full
2023-24,Newcastle,Michael Ndiweni,175,1,full
2023-24,Newcastle,Joe White,186,12,full
2023-24,Newcastle,Travis Hernes,,0,UNMATCHED
2023-24,Nott'm Forest,Nuno Varela Tavares,184,454,initial+lasttoken
2023-24,Nott'm Forest,Matt Turner,190,1530,surname+initial
2023-24,Nott'm Forest,Callum Hudson-Odoi,182,1846,surname+initial
2023-24,Nott'm Forest,Anthony Elanga,178,2424,full
2023-24,Nott'm Forest,Brandon Aguilera Zamora,,4,UNMATCHED
2023-24,Nott'm Forest,Harry Arter,177,0,full
2023-24,Nott'm Forest,Serge Aurier,176,831,full
2023-24,Nott'm Forest,Taiwo Awoniyi,183,1036,full
2023-24,Nott'm Forest,Giulian Biancone,187,0,full
2023-24,Nott'm Forest,Willy Boly,195,1437,full
2023-24,Nott'm Forest,Josh Bowler,175,0,full
2023-24,Nott'm Forest,Steve Cook,185,0,full
2023-24,Nott'm Forest,Danilo dos Santos de Oliveira,176,1787,full
2023-24,Nott'm Forest,Emmanuel Dennis,175,0,full
2023-24,Nott'm Forest,Mohamed Dräger,180,0,full
2023-24,Nott'm Forest,Felipe Augusto de Almeida Monteiro,190,372,full
2023-24,Nott'm Forest,Remo Freuler,180,0,full
2023-24,Nott'm Forest,Morgan Gibbs-White,171,3156,full
2023-24,Nott'm Forest,Wayne Hennessey,198,0,surname+initial
2023-24,Nott'm Forest,Ethan Horvath,193,0,surname+initial
2023-24,Nott'm Forest,Cheikhou Kouyaté,189,206,full
2023-24,Nott'm Forest,Richie Laryea,175,0,surname+initial
2023-24,Nott'm Forest,Orel Mangala,178,1562,full
2023-24,Nott'm Forest,Loïc Mbe Soh,187,0,full
2023-24,Nott'm Forest,Scott McKenna,189,416,full
2023-24,Nott'm Forest,Alex Mighten,172,0,full
2023-24,Nott'm Forest,Moussa Niakhaté,190,1456,full
2023-24,Nott'm Forest,Lewis O'Brien,173,0,full
2023-24,Nott'm Forest,Braian Ojeda Rodríguez,,0,UNMATCHED
2023-24,Nott'm Forest,Jonathan Panzo,185,0,full
2023-24,Nott'm Forest,Omar Richards,174,0,surname+initial
2023-24,Nott'm Forest,Gustavo Henrique Furtado Scarpa,177,0,full
2023-24,Nott'm Forest,Jonjo Shelvey,184,0,full
2023-24,Nott'm Forest,Sam Surridge,191,0,full
2023-24,Nott'm Forest,Harry Toffolo,183,1452,full
2023-24,Nott'm Forest,Hwang Ui-jo,185,0,initial+lasttoken
2023-24,Nott'm Forest,Neco Williams,183,1630,full
2023-24,Nott'm Forest,Chris Wood,191,1801,full
2023-24,Nott'm Forest,Joe Worrall,190,438,full
2023-24,Nott'm Forest,Ryan Yates,190,1979,full
2023-24,Nott'm Forest,Olu Aina,184,1690,surname+initial
2023-24,Nott'm Forest,George Shelvey,188,0,full
2023-24,Nott'm Forest,Josh Powell,178,0,surname+initial
2023-24,Nott'm Forest,Gonzalo Montiel,175,796,full
2023-24,Nott'm Forest,Murillo Santiago Costa dos Santos,180,2790,webname-full
2023-24,Nott'm Forest,Odysseas Vlachodimos,190,450,surname+initial
2023-24,Nott'm Forest,Andrew Omobamidele,190,782,surname+initial
2023-24,Nott'm Forest,Nicolás Domínguez,179,1489,full
2023-24,Nott'm Forest,Ibrahim Sangaré,191,1031,surname+initial
2023-24,Nott'm Forest,Divock Origi,189,594,full
2023-24,Nott'm Forest,Jamie McDonnell,178,0,surname+initial
2023-24,Nott'm Forest,Detlef Esapa Osong,,0,UNMATCHED
2023-24,Nott'm Forest,Joe Gardner,,0,UNMATCHED
2023-24,Nott'm Forest,Giovanni Reyna,187,228,full
2023-24,Nott'm Forest,Matz Sels,188,1440,surname+initial
2023-24,Nott'm Forest,Rodrigo Duarte Ribeiro,185,14,full
2023-24,Sheffield Utd,Auston Trusty,190,2568,full
2023-24,Sheffield Utd,Cameron Archer,176,1829,full
2023-24,Sheffield Utd,Mason Holgate,184,711,full
2023-24,Sheffield Utd,James McAtee,180,1815,full
2023-24,Sheffield Utd,Anel Ahmedhodžić,195,2649,full
2023-24,Sheffield Utd,Jordan Amissah,198,0,surname+initial
2023-24,Sheffield Utd,George Baldock,175,968,surname+initial
2023-24,Sheffield Utd,Chris Basham,190,316,full
2023-24,Sheffield Utd,Jayden Bogle,178,2787,full
2023-24,Sheffield Utd,Rhian Brewster,180,338,surname+initial
2023-24,Sheffield Utd,Ismaila Coulibaly,183,0,surname+initial
2023-24,Sheffield Utd,Adam Davies,185,0,surname+initial
2023-24,Sheffield Utd,John Egan,185,482,full
2023-24,Sheffield Utd,John Fleck,170,89,full
2023-24,Sheffield Utd,Wes Foderingham,185,2648,surname+initial
2023-24,Sheffield Utd,Daniel Jebbison,190,20,surname+initial
2023-24,Sheffield Utd,Max Lowe,175,498,full
2023-24,Sheffield Utd,Oliver McBurnie,191,1279,full
2023-24,Sheffield Utd,Iliman Ndiaye,180,0,full
2023-24,Sheffield Utd,Rhys Norrington-Davies,181,109,surname+initial
2023-24,Sheffield Utd,Oliver Norwood,175,1429,full
2023-24,Sheffield Utd,Ben Osborn,176,1359,full
2023-24,Sheffield Utd,William Osula,192,778,full
2023-24,Sheffield Utd,Jack Robinson,180,2883,surname+initial
2023-24,Sheffield Utd,Anis Slimane,188,409,surname+initial
2023-24,Sheffield Utd,Yasser Larouci,176,527,full
2023-24,Sheffield Utd,Bénie Traoré,172,383,full
2023-24,Sheffield Utd,Vini de Souza Costa,187,2664,surname+initial
2023-24,Sheffield Utd,Femi Seriki,183,0,full
2023-24,Sheffield Utd,Louie Marsh,176,0,full
2023-24,Sheffield Utd,Andre Brooks,180,932,full
2023-24,Sheffield Utd,Antwoine Hackford,177,11,full
2023-24,Sheffield Utd,Gustavo Hamer,169,2908,full
2023-24,Sheffield Utd,Tom Davies,180,214,full
2023-24,Sheffield Utd,Luke Thomas,177,916,surname+initial
2023-24,Sheffield Utd,Ryan Oné,,7,UNMATCHED
2023-24,Sheffield Utd,Jili Buyabu,182,0,full
2023-24,Sheffield Utd,Sydie Peck,,9,UNMATCHED
2023-24,Sheffield Utd,Ben Brereton,188,1105,alias
2023-24,Sheffield Utd,Ivo Grbic,195,771,full
2023-24,Sheffield Utd,Billy Blacker,,0,UNMATCHED
2023-24,Sheffield Utd,Oliver Arblaster,178,942,full
2023-24,Sheffield Utd,Dovydas Sasnauskas,,0,UNMATCHED
2023-24,Sheffield Utd,Sam Curtis,185,27,full
2023-24,Sheffield Utd,Owen Hampson,,0,UNMATCHED
2023-24,Spurs,Brennan Johnson,186,2317,full
2023-24,Spurs,Brandon Austin,188,0,surname+initial
2023-24,Spurs,Rodrigo Bentancur,187,997,surname+initial
2023-24,Spurs,Yves Bissouma,182,2070,full
2023-24,Spurs,Bryan Gil Salvatierra,175,200,full
2023-24,Spurs,Ben Davies,181,1085,surname+initial
2023-24,Spurs,Eric Dier,188,199,surname+initial
2023-24,Spurs,Emerson Leite de Souza Junior,183,1152,alias
2023-24,Spurs,Fraser Forster,201,0,full
2023-24,Spurs,Pierre-Emile Højbjerg,187,1289,initial+lasttoken
2023-24,Spurs,Harry Kane,188,0,full
2023-24,Spurs,Dejan Kulusevski,186,2759,full
2023-24,Spurs,Hugo Lloris,188,0,full
2023-24,Spurs,Giovani Lo Celso,177,491,full
2023-24,Spurs,James Maddison,175,2137,full
2023-24,Spurs,Tanguy Ndombélé Alvaro,181,0,full
2023-24,Spurs,Pedro Porro,173,3090,full
2023-24,Spurs,Ivan Perišić,186,98,full
2023-24,Spurs,Richarlison de Andrade,184,1481,full
2023-24,Spurs,Joe Rodon,193,0,full
2023-24,Spurs,Cristian Romero,185,2790,full
2023-24,Spurs,Davinson Sánchez,187,76,surname+initial
2023-24,Spurs,Pape Matar Sarr,184,2063,full
2023-24,Spurs,Ryan Sessegnon,178,0,full
2023-24,Spurs,Oliver Skipp,175,691,full
2023-24,Spurs,Son Heung-min,178,2934,webname-full
2023-24,Spurs,Djed Spence,185,0,full
2023-24,Spurs,Japhet Tanganga,180,0,surname+initial
2023-24,Spurs,Destiny Udogie,188,2391,full
2023-24,Spurs,Guglielmo Vicario,188,3420,full
2023-24,Spurs,Alfie Whiteman,189,0,surname+initial
2023-24,Spurs,Manor Solomon,170,196,full
2023-24,Spurs,Micky van de Ven,193,2341,surname+initial
2023-24,Spurs,Dane Scarlett,179,19,surname+initial
2023-24,Spurs,Alejo Véliz,186,45,full
2023-24,Spurs,Ashley Phillips,191,0,full
2023-24,Spurs,Jamie Donley,,3,UNMATCHED
2023-24,Spurs,Alfie Dorrington,,0,UNMATCHED
2023-24,Spurs,Yago de Santiago Alonso,193,0,initial+lasttoken
2023-24,Spurs,Timo Werner,180,808,full
2023-24,Spurs,Radu Dragusin,191,424,full
2023-24,Spurs,Mikey Moore,,3,UNMATCHED
2023-24,Spurs,Tyrese Hall,190,0,surname+initial
2023-24,West Ham,Kalvin Phillips,178,394,full
2023-24,West Ham,Nayef Aguerd,190,1857,full
2023-24,West Ham,Michail Antonio,180,1692,full
2023-24,West Ham,Alphonse Areola,195,2700,full
2023-24,West Ham,Saïd Benrahma,172,611,full
2023-24,West Ham,Jarrod Bowen,175,3020,full
2023-24,West Ham,Maxwel Cornet,179,109,surname+initial
2023-24,West Ham,Vladimír Coufal,175,3135,full
2023-24,West Ham,Conor Coventry,175,0,full
2023-24,West Ham,Aaron Cresswell,175,431,full
2023-24,West Ham,Flynn Downes,173,0,surname+initial
2023-24,West Ham,Emerson Palmieri dos Santos,176,3138,full
2023-24,West Ham,Lukasz Fabianski,190,721,full
2023-24,West Ham,Pablo Fornals Malla,178,418,full
2023-24,West Ham,Danny Ings,177,389,full
2023-24,West Ham,Ben Johnson,184,538,full
2023-24,West Ham,Thilo Kehrer,186,19,full
2023-24,West Ham,Divin Mubama,183,75,full
2023-24,West Ham,Lucas Tolentino Coelho de Lima,180,2627,full
2023-24,West Ham,Gianluca Scamacca,195,0,full
2023-24,West Ham,Tomáš Souček,192,2867,full
2023-24,West Ham,Nikola Vlašić,178,0,full
2023-24,West Ham,Kurt Zouma,190,2838,full
2023-24,West Ham,Angelo Ogbonna,191,634,full
2023-24,West Ham,Edson Álvarez Velázquez,190,2375,alias
2023-24,West Ham,Joseph Anang,190,0,surname+initial
2023-24,West Ham,James Ward-Prowse,173,3000,surname+initial
2023-24,West Ham,Konstantinos Mavropanos,194,1500,full
2023-24,West Ham,Mohammed Kudus,177,2485,full
2023-24,West Ham,Lewis Orford,,0,UNMATCHED
2023-24,West Ham,Kaelan Casey,186,1,surname+initial
2023-24,West Ham,Oliver Scarles,182,0,full
2023-24,West Ham,Callum Marshall,193,0,surname+initial
2023-24,West Ham,George Earthy,177,33,full
2023-24,Wolves,Tommy Doyle,172,1209,full
2023-24,Wolves,Rayan Aït-Nouri,180,2327,full
2023-24,Wolves,Daniel Bentley,188,382,full
2023-24,Wolves,Bendegúz Bolla,182,0,full
2023-24,Wolves,Hugo Bueno López,180,727,full
2023-24,Wolves,Francisco Jorge Tomás Oliveira,,0,UNMATCHED
2023-24,Wolves,Luke Cundle,170,0,surname+initial
2023-24,Wolves,Craig Dawson,188,2209,full
2023-24,Wolves,Fábio Silva,185,259,full
2023-24,Wolves,Gonçalo Manuel Ganchinho Guedes,179,0,full
2023-24,Wolves,Joe Hodge,172,0,surname+initial
2023-24,Wolves,Ki-Jana Hoever,183,0,full
2023-24,Wolves,Hwang Hee-chan,177,2116,initial+lasttoken
2023-24,Wolves,João Victor Gomes da Silva,176,2646,full
2023-24,Wolves,Jonathan Castro Otto,170,4,full
2023-24,Wolves,Bruno Cavaco Jordão,180,0,initial+lasttoken
2023-24,Wolves,Sasa Kalajdzic,200,158,full
2023-24,Wolves,Max Kilman,194,3420,surname+initial
2023-24,Wolves,Tom King,170,0,full
2023-24,Wolves,Mario Lemina,184,2969,surname+initial
2023-24,Wolves,Pedro Lomba Neto,172,1516,full
2023-24,Wolves,Daniel Castelo Podence,165,0,full
2023-24,Wolves,José Malheiro de Sá,192,3037,alias
2023-24,Wolves,Pablo Sarabia,174,1737,full
2023-24,Wolves,Matija Šarkić,195,0,full
2023-24,Wolves,Nélson Cabral Semedo,177,3084,full
2023-24,Wolves,Toti António Gomes,187,2771,surname+initial
2023-24,Wolves,Boubacar Traoré,183,802,full
2023-24,Wolves,Matheus Santos Carneiro Da Cunha,183,2438,full
2023-24,Wolves,Matt Doherty,182,1136,surname+initial
2023-24,Wolves,Santiago Bueno,190,819,full
2023-24,Wolves,Enso González,169,1,surname+initial
2023-24,Wolves,Nathan Fraser,186,183,full
2023-24,Wolves,Jean-Ricner Bellegarde,172,948,full
2023-24,Wolves,Matthew Whittingham,,0,UNMATCHED
2023-24,Wolves,Tawanda Chirewa,181,138,full
2023-24,Wolves,Justin Hubner,,0,UNMATCHED
2023-24,Wolves,Owen Hesketh,,0,UNMATCHED
2023-24,Wolves,Ty Barnett,191,0,surname+initial
2023-24,Wolves,Harvey Griffiths,191,0,full
2023-24,Wolves,Yerson Mosquera,188,0,full
2023-24,Wolves,Noha Lemina,172,0,full
2023-24,Wolves,Wesley Okoduwa,,0,UNMATCHED
2023-24,Wolves,Leon Chiwome,,173,UNMATCHED
2023-24,Wolves,Fletcher Holman,,0,UNMATCHED
2023-24,Wolves,Temple Ojinnaka,,0,UNMATCHED
2024-25,Arsenal,Fábio Ferreira Vieira,177,0,initial+lasttoken
2024-25,Arsenal,Gabriel Fernando de Jesus,175,600,full
2024-25,Arsenal,Gabriel dos Santos Magalhães,190,2363,full
2024-25,Arsenal,Kai Havertz,193,1872,full
2024-25,Arsenal,Karl Hein,193,0,surname+initial
2024-25,Arsenal,Jurriën Timber,179,2415,full
2024-25,Arsenal,Jorge Luiz Frello Filho,178,701,tokens
2024-25,Arsenal,Jakub Kiwior,189,1117,full
2024-25,Arsenal,Gabriel Martinelli Silva,178,2284,alias
2024-25,Arsenal,Ethan Nwaneri,176,882,full
2024-25,Arsenal,Martin Ødegaard,178,2321,full
2024-25,Arsenal,David Raya Martin,183,3420,full
2024-25,Arsenal,Declan Rice,185,2823,surname+initial
2024-25,Arsenal,Bukayo Saka,178,1724,full
2024-25,Arsenal,William Saliba,192,3039,full
2024-25,Arsenal,Thomas Partey,185,2793,full
2024-25,Arsenal,Kieran Tierney,180,250,full
2024-25,Arsenal,Tomiyasu Takehiro,188,6,tokens
2024-25,Arsenal,Leandro Trossard,171,2546,full
2024-25,Arsenal,Benjamin White,185,1195,full
2024-25,Arsenal,Oleksandr Zinchenko,175,518,full
2024-25,Arsenal,Norberto Murara Neto,190,180,full
2024-25,Arsenal,Raheem Sterling,170,490,full
2024-25,Arsenal,Riccardo Calafiori,188,978,full
2024-25,Arsenal,Myles Lewis-Skelly,178,1362,full
2024-25,Arsenal,Mikel Merino,189,1575,full
2024-25,Arsenal,Salah-Eddine Oulad M'hand,177,0,full
2024-25,Arsenal,Tommy Setford,,0,UNMATCHED
2024-25,Arsenal,Maldini Kacurri,,0,UNMATCHED
2024-25,Arsenal,Ismeal Kabia,,0,UNMATCHED
2024-25,Arsenal,Josh Nichols,,0,UNMATCHED
2024-25,Arsenal,Nathan Butler-Oyedeji,177,6,full
2024-25,Arsenal,Mikel Arteta,177,0,full
2024-25,Arsenal,Jack Porter,,0,UNMATCHED
2024-25,Arsenal,Jimi Gower,,0,UNMATCHED
2024-25,Arsenal,Jack Henry-Francis,,0,UNMATCHED
2024-25,Arsenal,Brayden Clarke,185,0,surname+initial
2024-25,Aston Villa,Leon Bailey,178,1132,full
2024-25,Aston Villa,Ross Barkley,186,567,surname+initial
2024-25,Aston Villa,Enzo Barrenechea,186,0,full
2024-25,Aston Villa,Emiliano Buendía Stati,172,89,alias
2024-25,Aston Villa,Matty Cash,185,2069,full
2024-25,Aston Villa,Leander Dendoncker,188,0,full
2024-25,Aston Villa,Moussa Diaby,171,0,full
2024-25,Aston Villa,Diego Carlos Santos Silva,186,828,full
2024-25,Aston Villa,Lucas Digne,178,2348,full
2024-25,Aston Villa,Lewis Dobbin,175,0,full
2024-25,Aston Villa,Jhon Durán,185,622,full
2024-25,Aston Villa,Joe Gauci,193,0,full
2024-25,Aston Villa,Kortney Hause,191,0,full
2024-25,Aston Villa,Samuel Iling-Junior,182,0,full
2024-25,Aston Villa,Boubacar Kamara,184,1720,full
2024-25,Aston Villa,Kaine Kesler-Hayden,175,0,surname+initial
2024-25,Aston Villa,Ezri Konsa Ngoyo,183,2936,full
2024-25,Aston Villa,Ian Maatsen,178,1125,full
2024-25,Aston Villa,Filip Marschall,195,0,full
2024-25,Aston Villa,Emiliano Martínez Romero,180,3195,initial+lasttoken
2024-25,Aston Villa,John McGinn,178,2217,full
2024-25,Aston Villa,Tyrone Mings,196,1119,full
2024-25,Aston Villa,Kosta Nedeljković,184,121,full
2024-25,Aston Villa,Robin Olsen,198,225,surname+initial
2024-25,Aston Villa,Pau Torres,192,2019,full
2024-25,Aston Villa,Jacob Ramsey,180,1616,full
2024-25,Aston Villa,Morgan Rogers,187,3115,full
2024-25,Aston Villa,Viljami Sinisalo,196,0,full
2024-25,Aston Villa,Lino da Cruz Sousa,,0,UNMATCHED
2024-25,Aston Villa,Youri Tielemans,176,3025,full
2024-25,Aston Villa,Ollie Watkins,180,2593,full
2024-25,Aston Villa,Axel Disasi,191,851,full
2024-25,Aston Villa,Amadou Onana,195,1613,full
2024-25,Aston Villa,Marcus Rashford,186,1414,full
2024-25,Aston Villa,Lamare Bogarde,183,473,full
2024-25,Aston Villa,Sil Swinkels,190,0,full
2024-25,Aston Villa,Oliwier Zych,193,0,full
2024-25,Aston Villa,Kadan Young,,0,UNMATCHED
2024-25,Aston Villa,Ben Broggio,,0,UNMATCHED
2024-25,Aston Villa,Jamaldeen Jimoh,,0,UNMATCHED
2024-25,Aston Villa,Donyell Malen,178,296,full
2024-25,Aston Villa,Andrés García,187,316,surname+initial
2024-25,Aston Villa,Unai Emery,,0,UNMATCHED
2024-25,Aston Villa,Marco Asensio,182,740,full
2024-25,Bournemouth,Max Aarons,171,84,surname+initial
2024-25,Bournemouth,Tyler Adams,175,1959,full
2024-25,Bournemouth,Jaidon Anthony,183,0,full
2024-25,Bournemouth,David Brooks,173,941,full
2024-25,Bournemouth,Ryan Christie,178,2114,full
2024-25,Bournemouth,Lewis Cook,175,2976,full
2024-25,Bournemouth,Enes Ünal,187,330,full
2024-25,Bournemouth,Romain Faivre,180,0,full
2024-25,Bournemouth,Hamed Traorè,175,0,surname+initial
2024-25,Bournemouth,James Hill,184,443,surname+initial
2024-25,Bournemouth,Daniel Jebbison,190,105,surname+initial
2024-25,Bournemouth,Milos Kerkez,176,3336,full
2024-25,Bournemouth,Justin Kluivert,171,2339,full
2024-25,Bournemouth,Chris Mepham,190,0,full
2024-25,Bournemouth,Dango Ouattara,177,1998,full
2024-25,Bournemouth,Alex Paulsen,183,0,surname+initial
2024-25,Bournemouth,Philip Billing,197,176,surname+initial
2024-25,Bournemouth,Alex Scott,180,745,full
2024-25,Bournemouth,Antoine Semenyo,180,3202,surname+initial
2024-25,Bournemouth,Marcos Senesi,183,1103,surname+initial
2024-25,Bournemouth,Luis Sinisterra,172,229,full
2024-25,Bournemouth,Adam Smith,180,1586,surname+initial
2024-25,Bournemouth,Marcus Tavernier,177,1932,full
2024-25,Bournemouth,Mark Travers,191,450,full
2024-25,Bournemouth,Illia Zabarnyi,186,3109,full
2024-25,Bournemouth,Kepa Arrizabalaga,189,2790,alias
2024-25,Bournemouth,Dean Huijsen,197,2422,full
2024-25,Bournemouth,Julián Araujo Zúñiga,,492,UNMATCHED
2024-25,Bournemouth,Will Dennis,188,0,full
2024-25,Bournemouth,Francisco Evanilson de Lima Barbosa,181,2317,full
2024-25,Bournemouth,Max Kinsey,,0,UNMATCHED
2024-25,Bournemouth,Ben Winterburn,,22,UNMATCHED
2024-25,Bournemouth,Archie Harris,191,0,surname+initial
2024-25,Bournemouth,Remy Rees-Dottin,,1,UNMATCHED
2024-25,Bournemouth,Matai Akinmboni,,0,UNMATCHED
2024-25,Bournemouth,Julio Soler,170,9,surname+initial
2024-25,Bournemouth,Daniel Adu-Adjei,,0,UNMATCHED
2024-25,Bournemouth,Dominic Sadi,174,0,full
2024-25,Bournemouth,Callan McKenna,193,0,surname+initial
2024-25,Bournemouth,Zain Silcott-Duberry,,1,UNMATCHED
2024-25,Bournemouth,Andoni Iraola,,0,UNMATCHED
2024-25,Brentford,Kristoffer Ajer,198,1433,full
2024-25,Brentford,Ethan Brierley,173,0,surname+initial
2024-25,Brentford,Nathan Collins,193,3420,full
2024-25,Brentford,Mikkel Damsgaard,180,2911,surname+initial
2024-25,Brentford,Josh Dasilva,184,0,full
2024-25,Brentford,Mark Flekken,195,3275,full
2024-25,Brentford,Rico Henry,170,94,full
2024-25,Brentford,Aaron Hickey,185,0,full
2024-25,Brentford,Vitaly Janelt,184,2251,full
2024-25,Brentford,Mathias Jensen,180,846,full
2024-25,Brentford,Kim Ji-soo,192,28,tokens
2024-25,Brentford,Yunus Emre Konak,181,53,full
2024-25,Brentford,Keane Lewis-Potter,170,3092,full
2024-25,Brentford,Bryan Mbeumo,171,3415,full
2024-25,Brentford,Ben Mee,180,180,full
2024-25,Brentford,Christian Nørgaard,187,2820,full
2024-25,Brentford,Frank Onyeka,183,23,full
2024-25,Brentford,Myles Peart-Harris,187,0,full
2024-25,Brentford,Ethan Pinnock,194,1912,full
2024-25,Brentford,Mads Roerslev Rasmussen,184,1100,full
2024-25,Brentford,Kevin Schade,185,2281,full
2024-25,Brentford,Igor Thiago Nascimento Rodrigues,188,167,alias
2024-25,Brentford,Ivan Toney,187,0,full
2024-25,Brentford,Hákon Valdimarsson,196,144,surname+initial
2024-25,Brentford,Yoane Wissa,176,2921,full
2024-25,Brentford,Yehor Yarmoliuk,180,1435,full
2024-25,Brentford,Mathias Jorgensen,185,0,full
2024-25,Brentford,Fábio Freitas Gouveia Carvalho,,443,UNMATCHED
2024-25,Brentford,Sepp van den Berg,192,2584,full
2024-25,Brentford,Ryan Trevitt,170,3,full
2024-25,Brentford,Gustavo Nunes Fernandes Gomes,180,11,initial+lasttoken
2024-25,Brentford,Jayden Meghoma,,4,UNMATCHED
2024-25,Brentford,Tony Yogane,,0,UNMATCHED
2024-25,Brentford,Paris Maghoma,178,112,surname+initial
2024-25,Brentford,Benjamin Arthur,,0,UNMATCHED
2024-25,Brentford,Thomas Frank,,0,UNMATCHED
2024-25,Brentford,Michael Kayode,179,523,full
2024-25,Brentford,Julian Eyestone,,0,UNMATCHED
2024-25,Brentford,Iwan Morgan,,0,UNMATCHED
2024-25,Brentford,Benjamin Fredrick,,0,UNMATCHED
2024-25,Brighton,Simon Adingra,175,1081,full
2024-25,Brighton,Benicio Baker-Boaitey,,0,UNMATCHED
2024-25,Brighton,Carlos Baleba,179,2660,full
2024-25,Brighton,Valentín Barco,172,0,full
2024-25,Brighton,Amario Cozier-Duberry,170,0,full
2024-25,Brighton,Mahmoud Dahoud,178,0,full
2024-25,Brighton,Lewis Dunk,192,2081,full
2024-25,Brighton,Pervis Estupiñán,175,2399,full
2024-25,Brighton,Billy Gilmour,170,97,full
2024-25,Brighton,Pascal Groß,181,0,full
2024-25,Brighton,Jack Hinshelwood,178,1839,surname+initial
2024-25,Brighton,Ibrahim Osman,179,0,full
2024-25,Brighton,Igor Julio dos Santos de Paulo,185,959,full
2024-25,Brighton,João Pedro Junqueira de Jesus,182,1946,full
2024-25,Brighton,Kacper Kozłowski,182,0,full
2024-25,Brighton,Tariq Lamptey,163,856,full
2024-25,Brighton,Solly March,180,161,full
2024-25,Brighton,Adrian Mazilu,186,0,full
2024-25,Brighton,James Milner,175,170,full
2024-25,Brighton,Yankuba Minteh,180,1831,full
2024-25,Brighton,Mitoma Kaoru,178,2597,tokens
2024-25,Brighton,Jakub Moder,191,9,full
2024-25,Brighton,Mark O’Mahony,,0,UNMATCHED
2024-25,Brighton,Odeluga Offiah,181,0,full
2024-25,Brighton,Cameron Peupion,170,0,full
2024-25,Brighton,Jeremy Sarmiento Morante,,8,UNMATCHED
2024-25,Brighton,Jason Steele,188,180,full
2024-25,Brighton,Deniz Undav,179,0,full
2024-25,Brighton,Jan Paul van Hecke,185,2960,surname+initial
2024-25,Brighton,Joël Veltman,184,1694,full
2024-25,Brighton,Bart Verbruggen,194,3240,full
2024-25,Brighton,Adam Webster,191,885,full
2024-25,Brighton,Danny Welbeck,185,2109,full
2024-25,Brighton,Mats Wieffer,188,1003,full
2024-25,Brighton,Brajan Gruda,178,676,full
2024-25,Brighton,Yasin Ayari,172,1958,full
2024-25,Brighton,Andrew Moran,177,0,full
2024-25,Brighton,Carl Rushworth,188,0,full
2024-25,Brighton,Georginio Rutter,182,1651,full
2024-25,Brighton,Ferdi Kadioglu,174,385,surname+initial
2024-25,Brighton,Matt O'Riley,187,929,surname+initial
2024-25,Brighton,Imari Samuels,187,0,surname+initial
2024-25,Brighton,Killian Cahill,,0,UNMATCHED
2024-25,Brighton,Ruairi McConville,,0,UNMATCHED
2024-25,Brighton,Jacob Slater,179,0,full
2024-25,Brighton,Diego Gómez,164,507,full
2024-25,Brighton,Fabian Hürzeler,,0,UNMATCHED
2024-25,Brighton,Joe Knight,179,0,surname+initial
2024-25,Brighton,Eiran Cashin,180,19,full
2024-25,Brighton,Charlie Tasker,,0,UNMATCHED
2024-25,Brighton,Freddie Simmonds,,0,UNMATCHED
2024-25,Brighton,Harry Howell,,6,UNMATCHED
2024-25,Chelsea,Andrey Nascimento dos Santos,176,0,full
2024-25,Chelsea,Ângelo Gabriel Borges Damaceno,180,0,full
2024-25,Chelsea,Benoît Badiashile,194,332,full
2024-25,Chelsea,Lucas Bergström,200,0,full
2024-25,Chelsea,Marcus Bettinelli,193,0,full
2024-25,Chelsea,Moisés Caicedo Corozo,178,3351,initial+lasttoken
2024-25,Chelsea,Cesare Casadei,186,0,full
2024-25,Chelsea,Trevoh Chalobah,191,1969,full
2024-25,Chelsea,Carney Chukwuemeka,188,0,full
2024-25,Chelsea,Levi Colwill,187,3150,full
2024-25,Chelsea,Marc Cucurella Saseta,173,2988,full
2024-25,Chelsea,David Datro Fofana,181,0,full
2024-25,Chelsea,Deivid Washington de Souza Eugênio,187,0,initial+lasttoken
2024-25,Chelsea,Kiernan Dewsbury-Hall,180,257,surname+initial
2024-25,Chelsea,Enzo Fernández,178,2943,full
2024-25,Chelsea,Conor Gallagher,182,0,full
2024-25,Chelsea,Alfie Gilchrist,183,0,full
2024-25,Chelsea,Malo Gusto,179,1853,full
2024-25,Chelsea,Reece James,178,1057,surname+initial
2024-25,Chelsea,Omari Kellyman,182,0,full
2024-25,Chelsea,Roméo Lavia,181,792,full
2024-25,Chelsea,Romelu Lukaku Bolingoli,,0,UNMATCHED
2024-25,Chelsea,Malang Sarr,183,0,full
2024-25,Chelsea,Noni Madueke,182,2028,full
2024-25,Chelsea,Marc Guiu Paz,,71,UNMATCHED
2024-25,Chelsea,Mykhailo Mudryk,175,145,full
2024-25,Chelsea,Nicolas Jackson,186,2220,full
2024-25,Chelsea,Christopher Nkunku,175,904,full
2024-25,Chelsea,Cole Palmer,189,3193,surname+initial
2024-25,Chelsea,Đorđe Petrović,194,0,full
2024-25,Chelsea,Renato Palma Veiga,190,176,webname-full
2024-25,Chelsea,Robert Sánchez,175,2880,surname+initial
2024-25,Chelsea,Tosin Adarabioyo,197,1403,full
2024-25,Chelsea,Wesley Fofana,190,1172,surname+initial
2024-25,Chelsea,Jadon Sancho,180,1754,full
2024-25,Chelsea,Pedro Lomba Neto,172,2262,full
2024-25,Chelsea,Caleb Wiley,178,0,full
2024-25,Chelsea,Filip Jørgensen,189,540,full
2024-25,Chelsea,João Félix Sequeira,181,362,full
2024-25,Chelsea,Samuel Rak-Sakyi,,0,UNMATCHED
2024-25,Chelsea,Tyrique George,,177,UNMATCHED
2024-25,Chelsea,Josh Acheampong,,168,UNMATCHED
2024-25,Chelsea,Enzo Maresca,180,0,full
2024-25,Chelsea,Mathis Amougou,,7,UNMATCHED
2024-25,Chelsea,Aaron Anselmino,,0,UNMATCHED
2024-25,Chelsea,Shumaira Mheuka,,1,UNMATCHED
2024-25,Chelsea,Ishé Samuels-Smith,,0,UNMATCHED
2024-25,Chelsea,Genesis Antwi,,0,UNMATCHED
2024-25,Crystal Palace,Eddie Nketiah,175,1018,full
2024-25,Crystal Palace,Ben Chilwell,180,254,full
2024-25,Crystal Palace,Naouirou Ahamada,183,0,full
2024-25,Crystal Palace,Cheick Doucouré,180,443,full
2024-25,Crystal Palace,Chris Richards,188,1921,full
2024-25,Crystal Palace,Chadi Riad Dnanou,186,90,full
2024-25,Crystal Palace,Nathaniel Clyne,175,477,full
2024-25,Crystal Palace,Malcolm Ebiowei,185,0,full
2024-25,Crystal Palace,Eberechi Eze,178,2588,full
2024-25,Crystal Palace,Marc Guéhi,182,3059,surname+initial
2024-25,Crystal Palace,Dean Henderson,188,3420,full
2024-25,Crystal Palace,Rob Holding,189,0,full
2024-25,Crystal Palace,Will Hughes,185,2100,full
2024-25,Crystal Palace,Daichi Kamada,180,1545,full
2024-25,Crystal Palace,Jefferson Lerma Solís,179,2270,alias
2024-25,Crystal Palace,Jean-Philippe Mateta,192,2642,full
2024-25,Crystal Palace,Matheus França de Oliveira,184,52,full
2024-25,Crystal Palace,Remi Matthews,192,0,full
2024-25,Crystal Palace,Tyrick Mitchell,175,3090,surname+initial
2024-25,Crystal Palace,Daniel Muñoz,181,3229,full
2024-25,Crystal Palace,David Ozoh,189,0,full
2024-25,Crystal Palace,Jesurun Rak-Sakyi,178,0,full
2024-25,Crystal Palace,Jeffrey Schlupp,178,95,full
2024-25,Crystal Palace,Joel Ward,188,71,full
2024-25,Crystal Palace,Adam Wharton,175,1314,surname+initial
2024-25,Crystal Palace,Matt Turner,190,0,surname+initial
2024-25,Crystal Palace,Ismaïla Sarr,185,2708,full
2024-25,Crystal Palace,Franco Umeh-Chibueze,,0,UNMATCHED
2024-25,Crystal Palace,Justin Devenny,184,494,full
2024-25,Crystal Palace,Asher Agbinone,,4,UNMATCHED
2024-25,Crystal Palace,Kaden Rodney,186,0,full
2024-25,Crystal Palace,Maxence Lacroix,190,3116,full
2024-25,Crystal Palace,Caleb Kporha,,11,UNMATCHED
2024-25,Crystal Palace,Zach Marsh,,0,UNMATCHED
2024-25,Crystal Palace,Romain Esse,178,138,full
2024-25,Crystal Palace,Oliver Glasner,,0,UNMATCHED
2024-25,Everton,Armando Broja,191,327,full
2024-25,Everton,Abdoulaye Doucouré,184,2563,full
2024-25,Everton,Norberto Bercique Gomes Betuncal,194,1521,full
2024-25,Everton,Jarrad Branthwaite,195,2509,full
2024-25,Everton,Dominic Calvert-Lewin,187,1602,full
2024-25,Everton,Séamus Coleman,177,214,full
2024-25,Everton,Idrissa Gueye,174,3063,surname+initial
2024-25,Everton,James Garner,182,1590,full
2024-25,Everton,Jack Harrison,175,2068,full
2024-25,Everton,Mason Holgate,184,5,full
2024-25,Everton,Tim Iroegbunam,183,562,full
2024-25,Everton,João Neves Virgínia,192,0,initial+lasttoken
2024-25,Everton,Michael Keane,191,1046,full
2024-25,Everton,Neal Maupay,173,0,full
2024-25,Everton,Dwight McNeil,183,1366,full
2024-25,Everton,Vitalii Mykolenko,180,3082,surname+initial
2024-25,Everton,Iliman Ndiaye,180,2426,full
2024-25,Everton,Nathan Patterson,189,342,full
2024-25,Everton,Jordan Pickford,185,3420,full
2024-25,Everton,James Tarkowski,188,2922,surname+initial
2024-25,Everton,Youssef Ramalho Chermiti,192,42,full
2024-25,Everton,Ashley Young,175,1864,full
2024-25,Everton,Carlos Alcaraz Durán,181,766,initial+lasttoken
2024-25,Everton,Jesper Lindstrøm,182,1229,full
2024-25,Everton,Jake O'Brien,197,1568,full
2024-25,Everton,Harrison Armstrong,,47,UNMATCHED
2024-25,Everton,Jenson Metcalfe,,0,UNMATCHED
2024-25,Everton,Asmir Begovic,199,0,full
2024-25,Everton,Roman Dixon,,90,UNMATCHED
2024-25,Everton,Orel Mangala,178,1257,full
2024-25,Everton,Callum Bates,,0,UNMATCHED
2024-25,Everton,Martin Sherif,184,0,surname+initial
2024-25,Everton,David Moyes,,0,UNMATCHED
2024-25,Everton,Isaac Heath,,0,UNMATCHED
2024-25,Everton,Coby Ebere,,0,UNMATCHED
2024-25,Everton,Reece Welch,197,0,full
2024-25,Fulham,Reiss Nelson,175,483,full
2024-25,Fulham,Emile Smith Rowe,182,2036,full
2024-25,Fulham,Joachim Andersen,192,2673,full
2024-25,Fulham,Adama Traoré,177,1756,surname+initial
2024-25,Fulham,Andreas Hoelgebaum Pereira,178,2004,alias
2024-25,Fulham,Calvin Bassey,185,3074,full
2024-25,Fulham,Steven Benda,193,0,full
2024-25,Fulham,Tom Cairney,186,610,full
2024-25,Fulham,Timothy Castagne,185,1642,full
2024-25,Fulham,Issa Diop,194,1334,full
2024-25,Fulham,Luke Harris,168,0,full
2024-25,Fulham,Alex Iwobi,185,2981,full
2024-25,Fulham,Bernd Leno,189,3420,full
2024-25,Fulham,Saša Lukić,183,2348,full
2024-25,Fulham,Kevin Mbabu,184,0,surname+initial
2024-25,Fulham,Rodrigo Muniz Carvalho,185,943,full
2024-25,Fulham,Raúl Jiménez,188,2486,surname+initial
2024-25,Fulham,Tim Ream,186,0,full
2024-25,Fulham,Harrison Reed,175,100,surname+initial
2024-25,Fulham,Antonee Robinson,182,3166,full
2024-25,Fulham,Jay Stansfield,187,1,full
2024-25,Fulham,Kenny Tete,180,1773,full
2024-25,Fulham,Carlos Vinícius Alves Morais,190,13,full
2024-25,Fulham,Harry Wilson,173,1148,full
2024-25,Fulham,Ryan Sessegnon,178,574,full
2024-25,Fulham,Jorge Cuenca Barreno,190,349,full
2024-25,Fulham,Josh King,184,126,surname+initial
2024-25,Fulham,Martial Godo,169,21,full
2024-25,Fulham,Sander Berge,195,2221,full
2024-25,Fulham,Samuel Amissah,,0,UNMATCHED
2024-25,Fulham,Marco Alexandre Saraiva da Silva,,0,UNMATCHED
2024-25,Fulham,Willian Borges da Silva,175,251,full
2024-25,Ipswich,Julio Enciso,173,1155,full
2024-25,Ipswich,Ali Al-Hamadi,187,125,surname+initial
2024-25,Ipswich,Elkan Baggott,194,0,full
2024-25,Ipswich,Nathan Broadhead,178,690,full
2024-25,Ipswich,Cameron Burgess,196,1540,surname+initial
2024-25,Ipswich,Wes Burns,173,922,full
2024-25,Ipswich,Conor Chaplin,168,845,full
2024-25,Ipswich,Harry Clarke,180,377,surname+initial
2024-25,Ipswich,Leif Davis,180,2742,full
2024-25,Ipswich,Liam Delap,186,2587,full
2024-25,Ipswich,George Edmundson,190,1,surname+initial
2024-25,Ipswich,Jacob Greaves,194,2205,full
2024-25,Ipswich,Marcus Myers-Harness,180,43,initial+lasttoken
2024-25,Ipswich,George Hirst,191,645,surname+initial
2024-25,Ipswich,Cameron Humphreys,178,0,full
2024-25,Ipswich,Omari Giraud-Hutchinson,174,2585,full
2024-25,Ipswich,Ben Johnson,184,1346,full
2024-25,Ipswich,Freddie Ladapo,185,0,surname+initial
2024-25,Ipswich,Massimo Luongo,176,195,surname+initial
2024-25,Ipswich,Sam Morsy,175,2749,full
2024-25,Ipswich,Corrie Ndaba,188,0,surname+initial
2024-25,Ipswich,Cieran Slicker,191,0,full
2024-25,Ipswich,Jack Taylor,185,837,full
2024-25,Ipswich,Axel Tuanzebe,185,1710,full
2024-25,Ipswich,Christian Walton,195,630,full
2024-25,Ipswich,Luke Woolfenden,193,1187,surname+initial
2024-25,Ipswich,Kalvin Phillips,178,1231,full
2024-25,Ipswich,Arijanet Muric,197,1620,surname+initial
2024-25,Ipswich,Jaden Philogene,181,796,full
2024-25,Ipswich,Conor Townsend,183,334,full
2024-25,Ipswich,Sam Szmodics,168,988,surname+initial
2024-25,Ipswich,Jens Cajuste,188,1960,full
2024-25,Ipswich,Dara O'Shea,189,3122,full
2024-25,Ipswich,Jack Clarke,181,1161,full
2024-25,Ipswich,Chiedozie Ogbene,181,237,full
2024-25,Ipswich,Ben Godfrey,183,158,full
2024-25,Ipswich,Kieran McKenna,,0,UNMATCHED
2024-25,Ipswich,Alex Palmer,191,1170,full
2024-25,Ipswich,Somto Boniface,,0,UNMATCHED
2024-25,Ipswich,Tom Taylor,185,0,surname+initial
2024-25,Leicester,Facundo Buonanotte,174,1508,full
2024-25,Leicester,Jordan Ayew,182,1649,full
2024-25,Leicester,Odsonne Edouard,187,141,full
2024-25,Leicester,Boubakary Soumaré,188,2165,full
2024-25,Leicester,Tom Cannon,180,0,surname+initial
2024-25,Leicester,Hamza Choudhury,178,129,full
2024-25,Leicester,Conor Coady,186,1712,full
2024-25,Leicester,Patson Daka,183,717,full
2024-25,Leicester,Bobby De Cordova-Reid,170,734,full
2024-25,Leicester,Wout Faes,187,2812,full
2024-25,Leicester,Michael Golding,,1,UNMATCHED
2024-25,Leicester,Mads Hermansen,185,2385,full
2024-25,Leicester,Daniel Iversen,193,0,surname+initial
2024-25,Leicester,James Justin,183,2912,full
2024-25,Leicester,Victor Kristiansen,181,2481,surname+initial
2024-25,Leicester,Wanya Marçal-Madivádua,181,0,full
2024-25,Leicester,Stephy Mavididi,182,1606,full
2024-25,Leicester,Kasey McAteer,177,846,full
2024-25,Leicester,Wilfred Ndidi,183,2325,full
2024-25,Leicester,Caleb Okoli,191,1122,full
2024-25,Leicester,Ricardo Barbosa Pereira,187,382,webname-full
2024-25,Leicester,Harry Souttar,198,0,full
2024-25,Leicester,Jakub Stolarczyk,194,900,full
2024-25,Leicester,Luke Thomas,177,1109,surname+initial
2024-25,Leicester,Jamie Vardy,179,2825,full
2024-25,Leicester,Jannik Vestergaard,199,1390,full
2024-25,Leicester,Danny Ward,191,135,surname+initial
2024-25,Leicester,Harry Winks,176,1536,full
2024-25,Leicester,Oliver Skipp,175,1118,full
2024-25,Leicester,Abdul Fatawu,,576,UNMATCHED
2024-25,Leicester,Will Alves,188,1,initial+lasttoken
2024-25,Leicester,Ben Nelson,187,0,full
2024-25,Leicester,Bilal El Khannouss,180,2179,full
2024-25,Leicester,Henry Cartwright,191,0,surname+initial
2024-25,Leicester,Thomas Wilson-Brown,185,0,initial+lasttoken
2024-25,Leicester,Woyo Coulibaly,188,107,full
2024-25,Leicester,Ruud van Nistelrooij,,0,UNMATCHED
2024-25,Leicester,Jeremy Monga,,105,UNMATCHED
2024-25,Leicester,Olabade Aluko,173,1,initial+lasttoken
2024-25,Leicester,Jake Evans,173,21,full
2024-25,Leicester,Sammy Braybrooke,170,0,full
2024-25,Liverpool,Alisson Ramses Becker,193,2508,full
2024-25,Liverpool,Trent Alexander-Arnold,180,2362,surname+initial
2024-25,Liverpool,Stefan Bajčetić Maquieira,185,0,full
2024-25,Liverpool,Conor Bradley,181,744,full
2024-25,Liverpool,Bobby Clark,178,0,full
2024-25,Liverpool,Darwin Núñez Ribeiro,187,1113,initial+lasttoken
2024-25,Liverpool,Diogo Teixeira da Silva,178,1182,alias
2024-25,Liverpool,Ben Doak,176,0,full
2024-25,Liverpool,Harvey Elliott,168,359,full
2024-25,Liverpool,Endo Wataru,178,259,tokens
2024-25,Liverpool,Cody Gakpo,193,1921,full
2024-25,Liverpool,Joe Gomez,188,517,full
2024-25,Liverpool,Ryan Gravenberch,190,3160,full
2024-25,Liverpool,Curtis Jones,185,1702,full
2024-25,Liverpool,Caoimhin Kelleher,188,900,full
2024-25,Liverpool,Ibrahima Konaté,194,2561,full
2024-25,Liverpool,Luis Díaz,180,2393,full
2024-25,Liverpool,Mohamed Salah,175,3374,full
2024-25,Liverpool,Alexis Mac Allister,176,2597,full
2024-25,Liverpool,James McConnell,180,0,full
2024-25,Liverpool,Tyler Morton,178,0,surname+initial
2024-25,Liverpool,Nathaniel Phillips,190,0,full
2024-25,Liverpool,Jarell Quansah,190,488,full
2024-25,Liverpool,Rhys Williams,195,0,surname+initial
2024-25,Liverpool,Andrew Robertson,178,2479,full
2024-25,Liverpool,Dominik Szoboszlai,186,2485,full
2024-25,Liverpool,Konstantinos Tsimikas,179,829,full
2024-25,Liverpool,Virgil van Dijk,193,3330,full
2024-25,Liverpool,Federico Chiesa,175,103,full
2024-25,Liverpool,Vítezslav Jaros,190,11,full
2024-25,Liverpool,Harvey Davies,190,0,full
2024-25,Liverpool,Treymaurice Nyoni,180,0,surname+initial
2024-25,Liverpool,Amara Nallo,186,0,full
2024-25,Liverpool,Jayden Danns,183,10,full
2024-25,Liverpool,Arne Slot,185,0,full
2024-25,Man City,Manuel Akanji,188,2012,full
2024-25,Man City,Nathan Aké,180,677,full
2024-25,Man City,Bernardo Veiga de Carvalho e Silva,173,2667,alias
2024-25,Man City,Oscar Bobb,174,14,full
2024-25,Man City,Scott Carson,188,0,full
2024-25,Man City,Kevin De Bruyne,181,1694,full
2024-25,Man City,Jérémy Doku,173,1506,full
2024-25,Man City,Ederson Santana de Moraes,188,2320,full
2024-25,Man City,Phil Foden,171,1771,full
2024-25,Man City,Jack Grealish,180,710,full
2024-25,Man City,Joško Gvardiol,185,3278,full
2024-25,Man City,Erling Haaland,195,2736,full
2024-25,Man City,Julián Álvarez,170,0,full
2024-25,Man City,João Cavaco Cancelo,182,0,initial+lasttoken
2024-25,Man City,Mateo Kovačić,177,2194,full
2024-25,Man City,Rico Lewis,169,1888,full
2024-25,Man City,Matheus Luiz Nunes,183,1670,full
2024-25,Man City,James McAtee,180,340,full
2024-25,Man City,Stefan Ortega Moreno,185,1099,full
2024-25,Man City,Rodrigo 'Rodri' Hernandez,,72,UNMATCHED
2024-25,Man City,Rúben Gato Alves Dias,187,2269,alias
2024-25,Man City,John Stones,188,544,full
2024-25,Man City,Kyle Walker,183,966,full
2024-25,Man City,Sávio 'Savinho' Moreira de Oliveira,176,1760,webname-full
2024-25,Man City,Nico O'Reilly,193,525,full
2024-25,Man City,Ilkay Gündogan,180,2218,full
2024-25,Man City,Issa Kaboré,180,0,full
2024-25,Man City,Jacob Wright,193,0,surname+initial
2024-25,Man City,Jahmai Simpson-Pusey,187,95,full
2024-25,Man City,Josh Wilson-Esbrand,176,0,full
2024-25,Man City,Divin Mubama,183,27,full
2024-25,Man City,Max Alleyne,,0,UNMATCHED
2024-25,Man City,Spike Brits,,0,UNMATCHED
2024-25,Man City,Abdukodir Khusanov,186,503,full
2024-25,Man City,Vitor de Oliveira Nunes dos Reis,,1,UNMATCHED
2024-25,Man City,Pep Guardiola,,0,UNMATCHED
2024-25,Man City,Omar Marmoush,183,1174,full
2024-25,Man City,Nico González,180,760,surname+initial
2024-25,Man City,Claudio Echeverri,171,5,full
2024-25,Man Utd,Amad Diallo,173,1898,full
2024-25,Man Utd,Antony Matheus dos Santos,172,135,full
2024-25,Man Utd,Bruno Borges Fernandes,179,3017,alias
2024-25,Man Utd,Altay Bayindir,198,360,full
2024-25,Man Utd,Carlos Henrique Casimiro,185,1489,initial+lasttoken
2024-25,Man Utd,Diogo Dalot Teixeira,183,2812,alias
2024-25,Man Utd,Christian Eriksen,182,1052,full
2024-25,Man Utd,Jonny Evans,188,312,full
2024-25,Man Utd,Alejandro Garnacho,180,2188,full
2024-25,Man Utd,Hannibal Mejbri,182,0,full
2024-25,Man Utd,Tom Heaton,188,0,full
2024-25,Man Utd,Rasmus Højlund,191,1998,surname+initial
2024-25,Man Utd,Victor Lindelöf,187,695,full
2024-25,Man Utd,Harry Maguire,193,1751,full
2024-25,Man Utd,Kobbie Mainoo,175,1646,surname+initial
2024-25,Man Utd,Tyrell Malacia,169,99,full
2024-25,Man Utd,Lisandro Martínez,174,1751,surname+initial
2024-25,Man Utd,Scott McTominay,193,17,full
2024-25,Man Utd,Mason Mount,181,613,full
2024-25,Man Utd,André Onana,190,3060,full
2024-25,Man Utd,Facundo Pellistri Rebollo,175,0,full
2024-25,Man Utd,Luke Shaw,181,346,surname+initial
2024-25,Man Utd,Joshua Zirkzee,193,1385,full
2024-25,Man Utd,Leny Yoro,190,1160,full
2024-25,Man Utd,Matthijs de Ligt,189,2119,full
2024-25,Man Utd,Noussair Mazraoui,183,2836,full
2024-25,Man Utd,Toby Collyer,,174,UNMATCHED
2024-25,Man Utd,Ethan Wheatley,,0,UNMATCHED
2024-25,Man Utd,Manuel Ugarte,182,1777,surname+initial
2024-25,Man Utd,Ayden Heaven,,169,UNMATCHED
2024-25,Man Utd,Jack Fletcher,180,0,surname+initial
2024-25,Man Utd,Harry Amass,,345,UNMATCHED
2024-25,Man Utd,Jayce Fitzgerald,,0,UNMATCHED
2024-25,Man Utd,Godwill Kukonki,,0,UNMATCHED
2024-25,Man Utd,Ruben Filipe Marques Diogo Amorim,,0,UNMATCHED
2024-25,Man Utd,Elyh Harrison,180,0,surname+initial
2024-25,Man Utd,Patrick Dorgu,175,840,surname+initial
2024-25,Man Utd,Chido Obi-Martin,,160,UNMATCHED
2024-25,Man Utd,Tyler Fredricson,,166,UNMATCHED
2024-25,Man Utd,Jack Moorhouse,,0,UNMATCHED
2024-25,Man Utd,Sékou Koné,192,0,surname+initial
2024-25,Man Utd,Hubert Graczyk,,0,UNMATCHED
2024-25,Man Utd,Dermot Mee,,0,UNMATCHED
2024-25,Newcastle,Alex Murphy,188,0,full
2024-25,Newcastle,Miguel Almirón Rejala,174,150,initial+lasttoken
2024-25,Newcastle,Harvey Barnes,182,1746,full
2024-25,Newcastle,Sven Botman,193,412,full
2024-25,Newcastle,Bruno Guimarães Rodriguez Moura,182,3273,full
2024-25,Newcastle,Dan Burn,198,3330,surname+initial
2024-25,Newcastle,Martin Dúbravka,190,900,full
2024-25,Newcastle,Anthony Gordon,183,2428,full
2024-25,Newcastle,Lewis Hall,179,2188,full
2024-25,Newcastle,Isaac Hayden,185,0,full
2024-25,Newcastle,Alexander Isak,192,2758,full
2024-25,Newcastle,Jacob Murphy,179,2356,full
2024-25,Newcastle,Joelinton Cássio Apolinário de Lira,186,2394,full
2024-25,Newcastle,Lloyd Kelly,190,299,full
2024-25,Newcastle,Emil Krafth,184,334,full
2024-25,Newcastle,Garang Kuol,175,0,full
2024-25,Newcastle,Jamaal Lascelles,188,0,full
2024-25,Newcastle,Jamal Lewis,178,0,full
2024-25,Newcastle,Tino Livramento,181,2835,surname+initial
2024-25,Newcastle,Sean Longstaff,180,783,surname+initial
2024-25,Newcastle,Lewis Miley,189,304,full
2024-25,Newcastle,Odysseas Vlachodimos,190,0,surname+initial
2024-25,Newcastle,Nick Pope,199,2520,full
2024-25,Newcastle,John Ruddy,193,0,full
2024-25,Newcastle,Fabian Schär,186,2935,full
2024-25,Newcastle,Matt Targett,183,20,full
2024-25,Newcastle,Sandro Tonali,181,2625,full
2024-25,Newcastle,Kieran Trippier,173,1299,full
2024-25,Newcastle,Joe White,186,0,full
2024-25,Newcastle,Joe Willock,186,1065,full
2024-25,Newcastle,Callum Wilson,180,355,surname+initial
2024-25,Newcastle,Miodrag Pivaš,,0,UNMATCHED
2024-25,Newcastle,William Osula,192,124,full
2024-25,Newcastle,Eddie Howe,,0,UNMATCHED
2024-25,Newcastle,Sean Neave,,0,UNMATCHED
2024-25,Nott'm Forest,Álex Moreno Lopera,179,952,surname+initial
2024-25,Nott'm Forest,Ola Aina,184,2996,full
2024-25,Nott'm Forest,Elliot Anderson,179,2726,full
2024-25,Nott'm Forest,Taiwo Awoniyi,183,398,full
2024-25,Nott'm Forest,Willy Boly,195,146,full
2024-25,Nott'm Forest,Josh Bowler,175,0,full
2024-25,Nott'm Forest,Carlos Miguel dos Santos Pereira,,0,UNMATCHED
2024-25,Nott'm Forest,Eric da Silva Moreira,,28,UNMATCHED
2024-25,Nott'm Forest,Danilo dos Santos de Oliveira,176,270,full
2024-25,Nott'm Forest,Emmanuel Dennis,175,0,full
2024-25,Nott'm Forest,Nicolás Domínguez,179,1954,full
2024-25,Nott'm Forest,Anthony Elanga,178,2496,full
2024-25,Nott'm Forest,Morgan Gibbs-White,171,2806,full
2024-25,Nott'm Forest,Callum Hudson-Odoi,182,2190,surname+initial
2024-25,Nott'm Forest,Alex Mighten,172,0,full
2024-25,Nott'm Forest,Murillo Santiago Costa dos Santos,180,3188,webname-full
2024-25,Nott'm Forest,Neco Williams,183,2588,full
2024-25,Nott'm Forest,Omar Richards,174,0,surname+initial
2024-25,Nott'm Forest,Lewis O'Brien,173,0,full
2024-25,Nott'm Forest,Andrew Omobamidele,190,0,surname+initial
2024-25,Nott'm Forest,Jonathan Panzo,185,0,full
2024-25,Nott'm Forest,Ibrahim Sangaré,191,584,surname+initial
2024-25,Nott'm Forest,Matz Sels,188,3420,surname+initial
2024-25,Nott'm Forest,Harry Toffolo,183,135,full
2024-25,Nott'm Forest,Hwang Ui-jo,185,0,initial+lasttoken
2024-25,Nott'm Forest,Chris Wood,191,2958,full
2024-25,Nott'm Forest,Joe Worrall,190,0,full
2024-25,Nott'm Forest,Ryan Yates,190,1901,full
2024-25,Nott'm Forest,Nikola Milenković,195,3330,full
2024-25,Nott'm Forest,João Pedro Ferreira Silva,179,835,full
2024-25,Nott'm Forest,Ramón Sosa,179,280,full
2024-25,Nott'm Forest,Felipe Rodrigues da Silva,192,891,full
2024-25,Nott'm Forest,Zach Abbott,,0,UNMATCHED
2024-25,Nott'm Forest,Wayne Hennessey,198,0,surname+initial
2024-25,Nott'm Forest,Nuno Herlander Simões Espírito Santo,,0,UNMATCHED
2024-25,Southampton,Aaron Ramsdale,191,2700,full
2024-25,Southampton,Cameron Archer,176,1421,full
2024-25,Southampton,Lesley Ugochukwu,190,1652,full
2024-25,Southampton,Ryan Fraser,163,303,full
2024-25,Southampton,Samuel Amo-Ameyaw,176,26,full
2024-25,Southampton,Joe Aribo,183,2007,full
2024-25,Southampton,Adam Armstrong,172,1246,full
2024-25,Southampton,Gavin Bazunu,189,0,surname+initial
2024-25,Southampton,Jan Bednarek,189,2531,full
2024-25,Southampton,Armel Bella-Kotchap,190,329,full
2024-25,Southampton,James Bree,178,1070,full
2024-25,Southampton,Shea Charles,189,0,full
2024-25,Southampton,Samuel Edozie,181,64,full
2024-25,Southampton,Ronnie Edwards,180,12,full
2024-25,Southampton,Taylor Harwood-Bellis,188,2824,full
2024-25,Southampton,Kamaldeen Sulemana,175,1394,full
2024-25,Southampton,Adam Lallana,172,352,full
2024-25,Southampton,Juan Larios López,170,0,full
2024-25,Southampton,Mateusz Lis,192,0,full
2024-25,Southampton,Joe Lumley,191,270,full
2024-25,Southampton,Ryan Manning,173,1458,surname+initial
2024-25,Southampton,Sékou Mara,183,0,full
2024-25,Southampton,Alex McCarthy,193,450,full
2024-25,Southampton,Paul Onuachu,201,1038,full
2024-25,Southampton,Will Smallbone,173,679,surname+initial
2024-25,Southampton,Jack Stephens,185,1389,full
2024-25,Southampton,Ross Stewart,188,382,surname+initial
2024-25,Southampton,Sugawara Yukinari,179,1548,tokens
2024-25,Southampton,Charlie Taylor,185,353,full
2024-25,Southampton,Kyle Walker-Peters,173,2918,full
2024-25,Southampton,Nathan Wood-Gordon,188,771,full
2024-25,Southampton,Maxwel Cornet,179,71,surname+initial
2024-25,Southampton,Flynn Downes,173,2149,surname+initial
2024-25,Southampton,Ben Brereton Díaz,188,446,surname+initial
2024-25,Southampton,Tyler Dibling,178,1863,full
2024-25,Southampton,Mateus Gonçalo Espanha Fernandes,178,2911,full
2024-25,Southampton,Joseph O'Brien-Whitmarsh,185,0,surname+initial
2024-25,Southampton,Welington Damascena Santos,,478,UNMATCHED
2024-25,Southampton,Joachim Kayi-Sanda,,12,UNMATCHED
2024-25,Southampton,Albert Grønbæk,181,141,full
2024-25,Southampton,Simon Rusk,,0,UNMATCHED
2024-25,Southampton,Jay Robinson,180,134,surname+initial
2024-25,Southampton,Jayden Moore,178,0,surname+initial
2024-25,Spurs,Dominic Solanke-Mitchell,182,2199,initial+lasttoken
2024-25,Spurs,Ashley Phillips,191,0,full
2024-25,Spurs,Brandon Austin,188,90,surname+initial
2024-25,Spurs,Rodrigo Bentancur,187,1640,surname+initial
2024-25,Spurs,Lucas Bergvall,186,1200,full
2024-25,Spurs,Yves Bissouma,182,1396,full
2024-25,Spurs,Bryan Gil Salvatierra,175,0,full
2024-25,Spurs,Ben Davies,181,1329,surname+initial
2024-25,Spurs,Alfie Devine,180,0,full
2024-25,Spurs,Radu Drăgușin,191,1250,full
2024-25,Spurs,Emerson Leite de Souza Junior,183,0,alias
2024-25,Spurs,Fraser Forster,201,630,full
2024-25,Spurs,Archie Gray,187,1750,full
2024-25,Spurs,Pierre-Emile Højbjerg,187,0,initial+lasttoken
2024-25,Spurs,Brennan Johnson,186,2171,full
2024-25,Spurs,Dejan Kulusevski,186,2386,full
2024-25,Spurs,Giovani Lo Celso,177,0,full
2024-25,Spurs,James Maddison,175,1799,full
2024-25,Spurs,Pedro Porro,173,2606,full
2024-25,Spurs,Sergio Reguilón,178,194,full
2024-25,Spurs,Richarlison de Andrade,184,497,full
2024-25,Spurs,Cristian Romero,185,1416,full
2024-25,Spurs,Pape Matar Sarr,184,1901,full
2024-25,Spurs,Dane Scarlett,179,31,surname+initial
2024-25,Spurs,Manor Solomon,170,0,full
2024-25,Spurs,Son Heung-min,178,2106,webname-full
2024-25,Spurs,Djed Spence,185,1790,full
2024-25,Spurs,Destiny Udogie,188,1923,full
2024-25,Spurs,Micky van de Ven,193,1014,surname+initial
2024-25,Spurs,Alejo Véliz,186,0,full
2024-25,Spurs,Guglielmo Vicario,188,2160,full
2024-25,Spurs,Timo Werner,180,504,full
2024-25,Spurs,Alfie Whiteman,189,0,surname+initial
2024-25,Spurs,Will Lankshear,,10,UNMATCHED
2024-25,Spurs,Mikey Moore,,359,UNMATCHED
2024-25,Spurs,Wilson Odobert,182,843,full
2024-25,Spurs,Callum Olusesi,,0,UNMATCHED
2024-25,Spurs,Malachi Hardy,,0,UNMATCHED
2024-25,Spurs,Luca Williams-Barnett,185,0,initial+lasttoken
2024-25,Spurs,Alfie Dorrington,,13,UNMATCHED
2024-25,Spurs,Maeson King,,0,UNMATCHED
2024-25,Spurs,Antonín Kinsky,,540,UNMATCHED
2024-25,Spurs,Min-Hyeok Yang,175,0,initial+lasttoken
2024-25,Spurs,Damola Ajayi,,0,UNMATCHED
2024-25,Spurs,Ange Postecoglou,,0,UNMATCHED
2024-25,Spurs,Dante Cassanova,,0,UNMATCHED
2024-25,Spurs,Kevin Danso,190,842,full
2024-25,Spurs,Mathys Tel,183,908,full
2024-25,West Ham,Evan Ferguson,188,385,full
2024-25,West Ham,Aaron Wan-Bissaka,183,3154,full
2024-25,West Ham,Edson Álvarez Velázquez,190,1769,alias
2024-25,West Ham,Michail Antonio,180,834,full
2024-25,West Ham,Alphonse Areola,195,2259,full
2024-25,West Ham,Jarrod Bowen,175,2974,full
2024-25,West Ham,Vladimír Coufal,175,1056,full
2024-25,West Ham,Aaron Cresswell,175,818,full
2024-25,West Ham,George Earthy,177,0,full
2024-25,West Ham,Emerson Palmieri dos Santos,176,2108,full
2024-25,West Ham,Łukasz Fabiański,190,1160,full
2024-25,West Ham,Wes Foderingham,185,0,surname+initial
2024-25,West Ham,Danny Ings,177,270,full
2024-25,West Ham,Max Kilman,194,3348,surname+initial
2024-25,West Ham,Mohammed Kudus,177,2589,full
2024-25,West Ham,Luis Guilherme Lira dos Santos,,139,UNMATCHED
2024-25,West Ham,Lucas Tolentino Coelho de Lima,180,2374,full
2024-25,West Ham,Konstantinos Mavropanos,194,2035,full
2024-25,West Ham,Nayef Aguerd,190,0,full
2024-25,West Ham,Tomáš Souček,192,2563,full
2024-25,West Ham,James Ward-Prowse,173,1433,surname+initial
2024-25,West Ham,Kurt Zouma,190,0,full
2024-25,West Ham,Andy Irving,190,161,surname+initial
2024-25,West Ham,Crysencio Summerville,174,776,full
2024-25,West Ham,Guido Rodríguez,185,1147,full
2024-25,West Ham,Niclas Füllkrug,188,783,full
2024-25,West Ham,Jean-Clair Todibo,190,1824,full
2024-25,West Ham,Kaelan Casey,186,1,surname+initial
2024-25,West Ham,Carlos Soler,180,1394,full
2024-25,West Ham,Ollie Scarles,182,659,surname+initial
2024-25,West Ham,Ezra Mayers,,0,UNMATCHED
2024-25,West Ham,Lewis Orford,,47,UNMATCHED
2024-25,West Ham,Graham Potter,,0,UNMATCHED
2024-25,Wolves,Sam Johnstone,193,630,full
2024-25,Wolves,Rayan Aït-Nouri,180,3112,full
2024-25,Wolves,Boubacar Traoré,183,1,full
2024-25,Wolves,Jean-Ricner Bellegarde,172,1666,full
2024-25,Wolves,Daniel Bentley,188,180,full
2024-25,Wolves,Francisco Jorge Tomás Oliveira,,6,UNMATCHED
2024-25,Wolves,Tawanda Chirewa,181,0,full
2024-25,Wolves,Leon Chiwome,,0,UNMATCHED
2024-25,Wolves,Luke Cundle,170,0,surname+initial
2024-25,Wolves,Matheus Santos Carneiro Da Cunha,183,2596,full
2024-25,Wolves,Craig Dawson,188,969,full
2024-25,Wolves,Matt Doherty,182,2105,surname+initial
2024-25,Wolves,Tommy Doyle,172,474,full
2024-25,Wolves,Fábio Silva,185,0,full
2024-25,Wolves,Nathan Fraser,186,0,full
2024-25,Wolves,Enso González,169,0,surname+initial
2024-25,Wolves,Gonçalo Manuel Ganchinho Guedes,179,979,full
2024-25,Wolves,Hugo Bueno López,180,0,full
2024-25,Wolves,Hwang Hee-chan,177,646,initial+lasttoken
2024-25,Wolves,Joe Hodge,172,0,surname+initial
2024-25,Wolves,Ki-Jana Hoever,183,0,full
2024-25,Wolves,João Victor Gomes da Silva,176,2975,full
2024-25,Wolves,José Malheiro de Sá,192,2610,alias
2024-25,Wolves,Saša Kalajdžić,200,0,full
2024-25,Wolves,Tom King,170,1,full
2024-25,Wolves,Mario Lemina,184,1363,surname+initial
2024-25,Wolves,Yerson Mosquera,188,441,full
2024-25,Wolves,Nélson Cabral Semedo,177,2889,full
2024-25,Wolves,Pedro Cardoso de Lima,,69,UNMATCHED
2024-25,Wolves,Daniel Castelo Podence,165,46,full
2024-25,Wolves,Rodrigo Martins Gomes,175,794,full
2024-25,Wolves,Santiago Bueno,190,1678,full
2024-25,Wolves,Pablo Sarabia,174,800,full
2024-25,Wolves,Jørgen Strand Larsen,193,2587,full
2024-25,Wolves,Toti António Gomes,187,2613,surname+initial
2024-25,Wolves,Bastien Meupiyou,,0,UNMATCHED
2024-25,Wolves,André Trindade da Costa Neto,176,2472,webname-full
2024-25,Wolves,Carlos Roberto Forbs Borges,169,236,full
2024-25,Wolves,Alfie Pond,188,1,full
2024-25,Wolves,Tom Edozie,,0,UNMATCHED
2024-25,Wolves,Wes Okoduwa,,0,UNMATCHED
2024-25,Wolves,Emmanuel Agbadou,192,1410,full
2024-25,Wolves,Vítor Manuel de Oliveira Lopes Pereira,185,0,initial+lasttoken
2024-25,Wolves,Nasser Djiga,189,65,surname+initial
2024-25,Wolves,Marshall Munetsi,188,1077,surname+initial
2024-25,Wolves,Mateus Mané,173,1,surname+initial
2025-26,Arsenal,David Raya Martín,183,2700,full
2025-26,Arsenal,Kepa Arrizabalaga Revuelta,189,0,full
2025-26,Arsenal,Karl Hein,193,0,surname+initial
2025-26,Arsenal,Tommy Setford,,0,UNMATCHED
2025-26,Arsenal,Gabriel dos Santos Magalhães,190,2075,full
2025-26,Arsenal,William Saliba,192,1984,full
2025-26,Arsenal,Riccardo Calafiori,188,1373,full
2025-26,Arsenal,Jurriën Timber,179,2415,full
2025-26,Arsenal,Jakub Kiwior,189,0,full
2025-26,Arsenal,Myles Lewis-Skelly,178,311,full
2025-26,Arsenal,Benjamin White,185,409,full
2025-26,Arsenal,Brayden Clarke,185,0,surname+initial
2025-26,Arsenal,Maldini Kacurri,,0,UNMATCHED
2025-26,Arsenal,Josh Nichols,,0,UNMATCHED
2025-26,Arsenal,Bukayo Saka,178,1905,full
2025-26,Arsenal,Martin Ødegaard,178,1070,full
2025-26,Arsenal,Noni Madueke,182,829,full
2025-26,Arsenal,Gabriel Martinelli Silva,178,810,alias
2025-26,Arsenal,Leandro Trossard,171,1675,full
2025-26,Arsenal,Declan Rice,185,2490,surname+initial
2025-26,Arsenal,Mikel Merino Zazón,189,996,full
2025-26,Arsenal,Fábio Ferreira Vieira,177,0,initial+lasttoken
2025-26,Arsenal,Christian Nørgaard,187,56,full
2025-26,Arsenal,Ethan Nwaneri,176,165,full
2025-26,Arsenal,Martín Zubimendi Ibáñez,181,2524,full
2025-26,Arsenal,Ismeal Kabia,,0,UNMATCHED
2025-26,Arsenal,Albert Sambi Lokonga,183,0,full
2025-26,Arsenal,Kai Havertz,193,201,full
2025-26,Arsenal,Gabriel Fernando de Jesus,175,304,full
2025-26,Arsenal,Eberechi Eze,178,1404,full
2025-26,Arsenal,Cristhian Mosquera,191,615,full
2025-26,Arsenal,Viktor Gyökeres,189,1859,full
2025-26,Arsenal,Max Dowman,,27,UNMATCHED
2025-26,Arsenal,Andre Harriman-Annous,,0,UNMATCHED
2025-26,Arsenal,Piero Hincapié,184,1483,full
2025-26,Arsenal,Marli Salmon,185,0,surname+initial
2025-26,Aston Villa,Emiliano Martínez Romero,180,2205,initial+lasttoken
2025-26,Aston Villa,Marco Bizot,193,405,full
2025-26,Aston Villa,Joe Gauci,193,0,full
2025-26,Aston Villa,Filip Marschall,195,0,full
2025-26,Aston Villa,Matty Cash,185,2352,full
2025-26,Aston Villa,Lucas Digne,178,1378,full
2025-26,Aston Villa,Ezri Konsa Ngoyo,183,2495,full
2025-26,Aston Villa,Ian Maatsen,178,1243,full
2025-26,Aston Villa,Tyrone Mings,196,872,full
2025-26,Aston Villa,Pau Torres,192,1296,full
2025-26,Aston Villa,Andrés García,187,33,surname+initial
2025-26,Aston Villa,Álex Moreno Lopera,179,0,surname+initial
2025-26,Aston Villa,Lamare Bogarde,183,707,full
2025-26,Aston Villa,Lino da Cruz Sousa,,0,UNMATCHED
2025-26,Aston Villa,Yasin Özcan,185,0,full
2025-26,Aston Villa,Morgan Rogers,187,2587,full
2025-26,Aston Villa,Youri Tielemans,176,1295,full
2025-26,Aston Villa,Leon Bailey,178,282,full
2025-26,Aston Villa,Emiliano Buendía Stati,172,1355,alias
2025-26,Aston Villa,Samuel Iling-Junior,182,0,full
2025-26,Aston Villa,Donyell Malen,178,640,full
2025-26,Aston Villa,John McGinn,178,1591,full
2025-26,Aston Villa,Ross Barkley,186,243,surname+initial
2025-26,Aston Villa,Enzo Barrenechea,186,0,full
2025-26,Aston Villa,Lewis Dobbin,175,0,full
2025-26,Aston Villa,Boubacar Kamara,184,1410,full
2025-26,Aston Villa,Amadou Onana,195,1378,full
2025-26,Aston Villa,Ben Broggio,,0,UNMATCHED
2025-26,Aston Villa,Leander Dendoncker,188,0,full
2025-26,Aston Villa,Jamaldeen Jimoh-Aloba,,8,UNMATCHED
2025-26,Aston Villa,Kadan Young,,0,UNMATCHED
2025-26,Aston Villa,Ollie Watkins,180,2144,full
2025-26,Aston Villa,Zépiqueno Redmond,184,0,full
2025-26,Aston Villa,Harvey Elliott,168,110,full
2025-26,Aston Villa,Jadon Sancho,180,686,full
2025-26,Aston Villa,James Wright,193,0,surname+initial
2025-26,Aston Villa,Douglas Luiz Soares de Paulo,175,770,full
2025-26,Aston Villa,Triston Rowe,180,0,surname+initial
2025-26,Aston Villa,Bradley Burrowes,,16,UNMATCHED
2025-26,Aston Villa,Sam Proctor,,0,UNMATCHED
2025-26,Aston Villa,Travis Patterson,,0,UNMATCHED
2025-26,Aston Villa,Victor Lindelöf,187,572,full
2025-26,Aston Villa,George Hemmings,,25,UNMATCHED
2025-26,Aston Villa,Ronnie Hollingshead,185,0,surname+initial
2025-26,Aston Villa,Leon Routh,,0,UNMATCHED
2025-26,Aston Villa,TJ Carroll,177,0,surname+initial
2025-26,Aston Villa,Alysson Edward Franco da Rocha dos Santos,,47,UNMATCHED
2025-26,Aston Villa,Tammy Abraham,194,163,full
2025-26,Burnley,Max Weiß,190,0,full
2025-26,Burnley,Etienne Green,192,0,full
2025-26,Burnley,Václav Hladký,192,0,full
2025-26,Burnley,Connor Roberts,175,0,surname+initial
2025-26,Burnley,Kyle Walker,183,2371,full
2025-26,Burnley,Hannes Delcroix,183,0,full
2025-26,Burnley,Owen Dodgson,178,0,full
2025-26,Burnley,Hjalmar Ekdal,188,1179,full
2025-26,Burnley,Maxime Estève,193,2239,full
2025-26,Burnley,Quilindschy Hartman,183,1337,full
2025-26,Burnley,Bashir Humphreys,187,1059,full
2025-26,Burnley,Jordan Beyer,187,0,full
2025-26,Burnley,Lucas Pires Silva,182,1086,full
2025-26,Burnley,Shurandy Sambo,174,0,full
2025-26,Burnley,Oliver Sonne,184,164,full
2025-26,Burnley,Axel Tuanzebe,185,931,full
2025-26,Burnley,Joe Worrall,190,480,full
2025-26,Burnley,Jaidon Anthony,183,1928,full
2025-26,Burnley,Manuel Benson Hedilazio,166,0,tokens
2025-26,Burnley,Jacob Bruun Larsen,183,961,full
2025-26,Burnley,Enock Agyei,,0,UNMATCHED
2025-26,Burnley,Darko Churlinov,180,0,full
2025-26,Burnley,Josh Cullen,175,1513,full
2025-26,Burnley,Marcus Edwards,168,867,full
2025-26,Burnley,Hannibal Mejbri,182,874,full
2025-26,Burnley,Luca Koleosho,175,0,full
2025-26,Burnley,Josh Laurent,188,1399,full
2025-26,Burnley,Loum Tchaouna,180,843,full
2025-26,Burnley,Aaron Ramsey,183,0,surname+initial
2025-26,Burnley,Oluwaseun Adewumi,,0,UNMATCHED
2025-26,Burnley,Jaydon Banel,,9,UNMATCHED
2025-26,Burnley,Mike Trésor Ndayishimiye,172,19,full
2025-26,Burnley,Zian Flemming,185,1005,full
2025-26,Burnley,Zeki Amdouni,185,0,full
2025-26,Burnley,Lyle Foster,185,1154,full
2025-26,Burnley,Ashley Barnes,185,23,full
2025-26,Burnley,Michael Obafemi,169,0,full
2025-26,Burnley,Martin Dúbravka,190,2610,full
2025-26,Burnley,James Ward-Prowse,173,561,surname+initial
2025-26,Burnley,Lesley Ugochukwu,190,1893,full
2025-26,Burnley,Armando Broja,191,805,full
2025-26,Burnley,Florentino Ibrain Morris Luís,184,1651,full
2025-26,Burnley,Oliver Pimlott,,0,UNMATCHED
2025-26,Burnley,George Brierley,,0,UNMATCHED
2025-26,Burnley,Kian McMahon-Brown,,0,UNMATCHED
2025-26,Bournemouth,Norberto Murara Neto,190,0,full
2025-26,Bournemouth,Đorđe Petrović,194,2610,full
2025-26,Bournemouth,Will Dennis,188,0,full
2025-26,Bournemouth,Callan McKenna,193,0,surname+initial
2025-26,Bournemouth,Alex Paulsen,183,0,surname+initial
2025-26,Bournemouth,Illia Zabarnyi,186,0,full
2025-26,Bournemouth,Marcos Senesi Barón,183,2478,alias
2025-26,Bournemouth,Adam Smith,180,727,surname+initial
2025-26,Bournemouth,Adrien Truffert,176,2568,full
2025-26,Bournemouth,Matai Akinmboni,,0,UNMATCHED
2025-26,Bournemouth,Owen Bevan,186,0,full
2025-26,Bournemouth,James Hill,184,1292,surname+initial
2025-26,Bournemouth,Julián Araujo Zúñiga,,0,UNMATCHED
2025-26,Bournemouth,Chris Mepham,190,0,full
2025-26,Bournemouth,Julio Soler Barreto,170,34,initial+lasttoken
2025-26,Bournemouth,Justin Kluivert,171,914,full
2025-26,Bournemouth,Marcus Tavernier,177,1942,full
2025-26,Bournemouth,Tyler Adams,175,1412,full
2025-26,Bournemouth,David Brooks,173,1014,full
2025-26,Bournemouth,Ryan Christie,178,579,full
2025-26,Bournemouth,Lewis Cook,175,870,full
2025-26,Bournemouth,Philip Billing,197,0,surname+initial
2025-26,Bournemouth,Alex Scott,180,2128,full
2025-26,Bournemouth,Luis Sinisterra Lucumí,172,0,initial+lasttoken
2025-26,Bournemouth,Romain Faivre,180,0,full
2025-26,Bournemouth,Hamed Traorè,175,16,surname+initial
2025-26,Bournemouth,Dominic Sadi,174,0,full
2025-26,Bournemouth,Zain Silcott-Duberry,,0,UNMATCHED
2025-26,Bournemouth,Ben Winterburn,,6,UNMATCHED
2025-26,Bournemouth,Francisco Evanilson de Lima Barbosa,181,2013,full
2025-26,Bournemouth,Enes Ünal,187,170,full
2025-26,Bournemouth,Daniel Adu-Adjei,,0,UNMATCHED
2025-26,Bournemouth,Junior Kroupi,179,1052,alias
2025-26,Bournemouth,Ben Gannon-Doak,176,53,initial+lasttoken
2025-26,Bournemouth,Bafodé Diakité,185,1275,full
2025-26,Bournemouth,Remy Rees-Dottin,,0,UNMATCHED
2025-26,Bournemouth,Amine Adli,174,923,surname+initial
2025-26,Bournemouth,Álex Jiménez Sánchez,,1855,UNMATCHED
2025-26,Bournemouth,Veljko Milosavljevic,,367,UNMATCHED
2025-26,Bournemouth,Malcom DaCosta,,0,UNMATCHED
2025-26,Bournemouth,Fraser Forster,201,0,full
2025-26,Bournemouth,Charlie Stevens,,0,UNMATCHED
2025-26,Bournemouth,Alex Tóth,,71,UNMATCHED
2025-26,Bournemouth,Christos Mandas,189,0,full
2025-26,Bournemouth,Rayan Vitor Simplício Rocha,,451,UNMATCHED
2025-26,Brentford,Reiss Nelson,175,50,full
2025-26,Brentford,Dango Ouattara,177,1613,full
2025-26,Brentford,Caoimhín Kelleher,188,2520,full
2025-26,Brentford,Ellery Balcombe,190,0,surname+initial
2025-26,Brentford,Matthew Cox,182,0,full
2025-26,Brentford,Julian Eyestone,,0,UNMATCHED
2025-26,Brentford,Hákon Rafn Valdimarsson,196,90,full
2025-26,Brentford,Nathan Collins,193,2161,full
2025-26,Brentford,Keane Lewis-Potter,170,1152,full
2025-26,Brentford,Kristoffer Ajer,198,1606,full
2025-26,Brentford,Rico Henry,170,1322,full
2025-26,Brentford,Michael Kayode,179,2448,full
2025-26,Brentford,Ethan Pinnock,194,228,full
2025-26,Brentford,Mads Roerslev Rasmussen,184,0,full
2025-26,Brentford,Sepp van den Berg,192,2123,full
2025-26,Brentford,Benjamin Arthur,,0,UNMATCHED
2025-26,Brentford,Benjamin Fredrick,,0,UNMATCHED
2025-26,Brentford,Aaron Hickey,185,588,full
2025-26,Brentford,Kim Ji-soo,192,0,tokens
2025-26,Brentford,Jayden Meghoma,,0,UNMATCHED
2025-26,Brentford,Kevin Schade,185,2063,full
2025-26,Brentford,Mikkel Damsgaard,180,1495,surname+initial
2025-26,Brentford,Antoni Milambo,179,45,full
2025-26,Brentford,Fábio Freitas Gouveia Carvalho,,100,UNMATCHED
2025-26,Brentford,Jordan Henderson,187,1634,full
2025-26,Brentford,Vitaly Janelt,184,1253,full
2025-26,Brentford,Mathias Jensen,180,1465,full
2025-26,Brentford,Gustavo Nunes Fernandes Gomes,180,0,initial+lasttoken
2025-26,Brentford,Frank Onyeka,183,88,full
2025-26,Brentford,Yehor Yarmoliuk,180,2014,full
2025-26,Brentford,Romelle Donovan,179,38,initial+lasttoken
2025-26,Brentford,Yunus Emre Konak,181,0,full
2025-26,Brentford,Paris Maghoma,178,0,surname+initial
2025-26,Brentford,Myles Peart-Harris,187,1,full
2025-26,Brentford,Ryan Trevitt,170,0,full
2025-26,Brentford,Igor Thiago Nascimento Rodrigues,188,2472,alias
2025-26,Brentford,Iwan Morgan,,0,UNMATCHED
2025-26,Brentford,Josh Dasilva,184,0,full
2025-26,Brentford,Kaye Furo,,0,UNMATCHED
2025-26,Brentford,Luka Bentt,,0,UNMATCHED
2025-26,Brentford,Ollie Shield,,0,UNMATCHED
2025-26,Brighton,Jason Steele,188,0,full
2025-26,Brighton,Bart Verbruggen,194,2610,full
2025-26,Brighton,Tom McGill,185,0,surname+initial
2025-26,Brighton,Carl Rushworth,188,0,full
2025-26,Brighton,Kjell Scherpen,202,0,full
2025-26,Brighton,Olivier Boscagli,181,439,full
2025-26,Brighton,Diego Coppola,192,193,full
2025-26,Brighton,Maxim De Cuyper,183,1131,full
2025-26,Brighton,Lewis Dunk,192,2385,full
2025-26,Brighton,Pervis Estupiñán Tenorio,175,0,initial+lasttoken
2025-26,Brighton,Ferdi Kadıoğlu,174,2320,surname+initial
2025-26,Brighton,Igor Julio dos Santos de Paulo,185,103,full
2025-26,Brighton,Tariq Lamptey,163,0,full
2025-26,Brighton,Jan Paul van Hecke,185,2400,surname+initial
2025-26,Brighton,Joël Veltman,184,840,full
2025-26,Brighton,Adam Webster,191,0,full
2025-26,Brighton,Eiran Cashin,180,0,full
2025-26,Brighton,Jacob Slater,179,0,full
2025-26,Brighton,Charlie Tasker,,0,UNMATCHED
2025-26,Brighton,Mitoma Kaoru,178,1408,tokens
2025-26,Brighton,Georginio Rutter,182,1592,full
2025-26,Brighton,Solly March,180,4,full
2025-26,Brighton,Yankuba Minteh,180,1679,full
2025-26,Brighton,Julio Enciso Espínola,,0,UNMATCHED
2025-26,Brighton,Brajan Gruda,178,708,full
2025-26,Brighton,Jack Hinshelwood,178,1001,surname+initial
2025-26,Brighton,Matt O'Riley,187,185,surname+initial
2025-26,Brighton,Abdallah Sima,188,0,full
2025-26,Brighton,Yasin Ayari,172,1711,full
2025-26,Brighton,Carlos Baleba,179,1261,full
2025-26,Brighton,Diego Gómez Amarilla,,1748,UNMATCHED
2025-26,Brighton,James Milner,175,549,full
2025-26,Brighton,Jeremy Sarmiento Morante,,0,UNMATCHED
2025-26,Brighton,Tom Watson,183,57,surname+initial
2025-26,Brighton,Mats Wieffer,188,1389,full
2025-26,Brighton,Malick Yalcouyé,169,0,full
2025-26,Brighton,Joe Knight,179,1,surname+initial
2025-26,Brighton,Adrian Mazilu,186,0,full
2025-26,Brighton,Andrew Moran,177,0,full
2025-26,Brighton,Danny Welbeck,185,1645,full
2025-26,Brighton,Evan Ferguson,188,0,full
2025-26,Brighton,Stefanos Tzimas,,132,UNMATCHED
2025-26,Brighton,Charalampos Kostoulas,,292,UNMATCHED
2025-26,Brighton,Nehemiah Oriola,,1,UNMATCHED
2025-26,Brighton,Freddie Simmonds,,0,UNMATCHED
2025-26,Brighton,Pascal Groß,181,826,full
2025-26,Brighton,Harry Howell,,92,UNMATCHED
2025-26,Chelsea,Robert Lynch Sánchez,197,2344,full
2025-26,Chelsea,Filip Jörgensen,189,264,full
2025-26,Chelsea,Mike Penders,,0,UNMATCHED
2025-26,Chelsea,Gabriel Słonina,193,0,full
2025-26,Chelsea,Marc Cucurella Saseta,173,1896,full
2025-26,Chelsea,Reece James,178,1802,surname+initial
2025-26,Chelsea,Trevoh Chalobah,191,2460,full
2025-26,Chelsea,Levi Samuels Colwill,187,0,full
2025-26,Chelsea,Malo Gusto,179,1644,full
2025-26,Chelsea,Benoît Badiashile Mukinayi,194,470,full
2025-26,Chelsea,Wesley Fofana,190,1101,surname+initial
2025-26,Chelsea,Mamadou Sarr,194,91,full
2025-26,Chelsea,Tosin Adarabioyo,197,731,full
2025-26,Chelsea,Josh Acheampong,,567,UNMATCHED
2025-26,Chelsea,Aarón Anselmino,,0,UNMATCHED
2025-26,Chelsea,Cole Palmer,189,1236,surname+initial
2025-26,Chelsea,Pedro Lomba Neto,172,2138,full
2025-26,Chelsea,Enzo Fernández,178,2397,full
2025-26,Chelsea,Estêvão Almeida de Oliveira Gonçalves,183,738,initial+lasttoken
2025-26,Chelsea,Jamie Bynoe-Gittens,177,486,full
2025-26,Chelsea,Christopher Nkunku,175,0,full
2025-26,Chelsea,Moisés Caicedo Corozo,178,2044,initial+lasttoken
2025-26,Chelsea,Roméo Lavia,181,135,full
2025-26,Chelsea,Mykhailo Mudryk,175,0,full
2025-26,Chelsea,Andrey Nascimento dos Santos,176,964,full
2025-26,Chelsea,Dário Luís Essugo,178,0,initial+lasttoken
2025-26,Chelsea,Kendry Páez Andrade,,0,UNMATCHED
2025-26,Chelsea,João Pedro Junqueira de Jesus,182,2140,full
2025-26,Chelsea,Liam Delap,186,727,full
2025-26,Chelsea,Nicolas Jackson,186,0,full
2025-26,Chelsea,Marc Guiu Paz,,247,UNMATCHED
2025-26,Chelsea,Alejandro Garnacho Ferreyra,180,983,full
2025-26,Chelsea,Jorrel Hato,182,540,full
2025-26,Chelsea,Landon Emenalo,,0,UNMATCHED
2025-26,Chelsea,Max Merrick,,0,UNMATCHED
2025-26,Chelsea,Teddy Sharman-Lowe,189,0,full
2025-26,Crystal Palace,Dean Henderson,188,2610,full
2025-26,Crystal Palace,Walter Benítez,191,0,full
2025-26,Crystal Palace,Remi Matthews,192,0,full
2025-26,Crystal Palace,Daniel Muñoz Mejía,181,1779,full
2025-26,Crystal Palace,Maxence Lacroix,190,2395,full
2025-26,Crystal Palace,Tyrick Mitchell,175,2578,surname+initial
2025-26,Crystal Palace,Borna Sosa,187,53,full
2025-26,Crystal Palace,Chris Richards,188,2242,full
2025-26,Crystal Palace,Chadi Riad Dnanou,186,312,full
2025-26,Crystal Palace,Nathaniel Clyne,175,494,full
2025-26,Crystal Palace,Rob Holding,189,0,full
2025-26,Crystal Palace,Caleb Kporha,,0,UNMATCHED
2025-26,Crystal Palace,Ismaïla Sarr,185,1636,full
2025-26,Crystal Palace,Cheick Doucouré,180,0,full
2025-26,Crystal Palace,Romain Esse,178,40,full
2025-26,Crystal Palace,Will Hughes,185,1231,full
2025-26,Crystal Palace,Daichi Kamada,180,1469,full
2025-26,Crystal Palace,Jefferson Lerma Solís,179,1156,alias
2025-26,Crystal Palace,Adam Wharton,175,2135,surname+initial
2025-26,Crystal Palace,Asher Agbinone,,0,UNMATCHED
2025-26,Crystal Palace,Naouirou Ahamada,183,0,full
2025-26,Crystal Palace,Justin Devenny,184,593,full
2025-26,Crystal Palace,Malcolm Ebiowei,185,0,full
2025-26,Crystal Palace,Jesurun Rak-Sakyi,178,0,full
2025-26,Crystal Palace,Matheus França de Oliveira,184,0,full
2025-26,Crystal Palace,David Ozoh,189,0,full
2025-26,Crystal Palace,Kaden Rodney,186,3,full
2025-26,Crystal Palace,Franco Umeh-Chibueze,,0,UNMATCHED
2025-26,Crystal Palace,Jean-Philippe Mateta,192,1904,full
2025-26,Crystal Palace,Eddie Nketiah,175,414,full
2025-26,Crystal Palace,Odsonne Édouard,187,2,full
2025-26,Crystal Palace,Zach Marsh,,0,UNMATCHED
2025-26,Crystal Palace,Brennan Johnson,186,1145,full
2025-26,Crystal Palace,Jørgen Strand Larsen,193,1806,full
2025-26,Crystal Palace,Evann Guessand,185,790,surname+initial
2025-26,Crystal Palace,Rio Cardines,,0,UNMATCHED
2025-26,Crystal Palace,Yéremy Pino Santos,172,1706,alias
2025-26,Crystal Palace,Jaydee Canvot,,622,UNMATCHED
2025-26,Crystal Palace,Christantus Uche,188,159,initial+lasttoken
2025-26,Crystal Palace,Joél Drakes-Thomas,,7,UNMATCHED
2025-26,Crystal Palace,Dean Benamar,,0,UNMATCHED
2025-26,Crystal Palace,Ben Casey,,0,UNMATCHED
2025-26,Crystal Palace,George King,,0,UNMATCHED
2025-26,Crystal Palace,Danny Imray,,0,UNMATCHED
2025-26,Everton,Kiernan Dewsbury-Hall,180,1828,surname+initial
2025-26,Everton,Tyrique George,,244,UNMATCHED
2025-26,Everton,Jordan Pickford,185,2610,full
2025-26,Everton,Mark Travers,191,0,full
2025-26,Everton,Harry Tyrer,,0,UNMATCHED
2025-26,Everton,Jarrad Branthwaite,195,490,full
2025-26,Everton,James Tarkowski,188,2610,surname+initial
2025-26,Everton,Vitalii Mykolenko,180,2149,surname+initial
2025-26,Everton,Jake O'Brien,197,2366,full
2025-26,Everton,Séamus Coleman,177,11,full
2025-26,Everton,Michael Keane,191,1955,full
2025-26,Everton,Nathan Patterson,189,237,full
2025-26,Everton,Roman Dixon,,0,UNMATCHED
2025-26,Everton,Reece Welch,197,0,full
2025-26,Everton,Iliman Ndiaye,180,1973,full
2025-26,Everton,Dwight McNeil,183,781,full
2025-26,Everton,Carlos Alcaraz Durán,181,667,initial+lasttoken
2025-26,Everton,Idrissa Gana Gueye,174,1666,full
2025-26,Everton,James Garner,182,2603,full
2025-26,Everton,Tim Iroegbunam,183,1015,full
2025-26,Everton,Harrison Armstrong,,491,UNMATCHED
2025-26,Everton,Callum Bates,,0,UNMATCHED
2025-26,Everton,Coby Ebere,,0,UNMATCHED
2025-26,Everton,Isaac Heath,,0,UNMATCHED
2025-26,Everton,Jenson Metcalfe,,0,UNMATCHED
2025-26,Everton,Thierno Barry,195,1599,full
2025-26,Everton,Norberto Bercique Gomes Betuncal,194,1047,full
2025-26,Everton,Youssef Ramalho Chermiti,192,0,full
2025-26,Everton,Martin Sherif,184,0,surname+initial
2025-26,Everton,Jack Grealish,180,1627,full
2025-26,Everton,Tom King,170,0,full
2025-26,Everton,Adam Aznou,178,0,full
2025-26,Everton,Tyler Onyango,196,0,full
2025-26,Everton,Elijah Campbell,,0,UNMATCHED
2025-26,Everton,Tyler Dibling,178,349,full
2025-26,Everton,Merlin Röhl,192,353,full
2025-26,Everton,Braiden Graham,188,0,surname+initial
2025-26,Fulham,Bernd Leno,189,2610,full
2025-26,Fulham,Steven Benda,193,0,full
2025-26,Fulham,Antonee Robinson,182,891,full
2025-26,Fulham,Joachim Andersen,192,2291,full
2025-26,Fulham,Calvin Bassey,185,1722,full
2025-26,Fulham,Timothy Castagne,185,1126,full
2025-26,Fulham,Issa Diop,194,592,full
2025-26,Fulham,Jorge Cuenca Barreno,190,931,full
2025-26,Fulham,Kenny Tete,180,1701,full
2025-26,Fulham,Samuel Amissah,,0,UNMATCHED
2025-26,Fulham,Alex Iwobi,185,1952,full
2025-26,Fulham,Emile Smith Rowe,182,1444,full
2025-26,Fulham,Andreas Hoelgebaum Pereira,178,0,alias
2025-26,Fulham,Ryan Sessegnon,178,1605,full
2025-26,Fulham,Harry Wilson,173,2086,full
2025-26,Fulham,Sander Berge,195,2422,full
2025-26,Fulham,Tom Cairney,186,533,full
2025-26,Fulham,Saša Lukić,183,1208,full
2025-26,Fulham,Martial Godo,169,0,full
2025-26,Fulham,Luke Harris,168,0,full
2025-26,Fulham,Josh King,184,984,surname+initial
2025-26,Fulham,Harrison Reed,175,23,surname+initial
2025-26,Fulham,Raúl Jiménez Rodríguez,188,1903,alias
2025-26,Fulham,Rodrigo Muniz Carvalho,185,465,full
2025-26,Fulham,Oscar Bobb,174,637,full
2025-26,Fulham,Benjamin Lecomte,186,0,full
2025-26,Fulham,Samuel Chukwueze,172,743,full
2025-26,Fulham,Kevin Santos Lopes de Macedo,176,898,webname-full
2025-26,Fulham,Jonah Kusi-Asare,196,30,full
2025-26,Fulham,Seth Ridgeon,,0,UNMATCHED
2025-26,Fulham,Alfie McNally,173,0,surname+initial
2025-26,Leeds,Facundo Buonanotte,174,69,full
2025-26,Leeds,Illan Meslier,196,0,full
2025-26,Leeds,Alex Cairns,183,0,surname+initial
2025-26,Leeds,Karl Darlow,190,1170,full
2025-26,Leeds,Jayden Bogle,178,2268,full
2025-26,Leeds,Pascal Struijk,190,2258,full
2025-26,Leeds,Jaka Bijol,190,1126,full
2025-26,Leeds,Sebastiaan Bornauw,191,304,full
2025-26,Leeds,Sam Byram,183,7,full
2025-26,Leeds,Gabriel Gudmundsson,180,2318,full
2025-26,Leeds,Joe Rodon,193,2366,full
2025-26,Leeds,Isaac Schmidt,172,0,full
2025-26,Leeds,Brenden Aaronson,177,1862,full
2025-26,Leeds,Wilfried Gnonto,170,377,full
2025-26,Leeds,Jack Harrison,175,262,full
2025-26,Leeds,Daniel James,171,398,full
2025-26,Leeds,Ethan Ampadu,182,2309,full
2025-26,Leeds,Sam Greenwood,180,0,full
2025-26,Leeds,Ilia Gruev,185,1245,full
2025-26,Leeds,Largie Ramazani,167,0,full
2025-26,Leeds,Tanaka Ao,,737,UNMATCHED
2025-26,Leeds,Charlie Crew,,0,UNMATCHED
2025-26,Leeds,Joe Gelhardt,179,0,full
2025-26,Leeds,Darko Gyabi,192,0,full
2025-26,Leeds,Joël Piroe,185,215,surname+initial
2025-26,Leeds,Patrick Bamford,185,0,full
2025-26,Leeds,Mateo Joseph Fernández-Regatillo,185,0,full
2025-26,Leeds,Lukas Nmecha,185,753,full
2025-26,Leeds,Sean Longstaff,180,943,surname+initial
2025-26,Leeds,Anton Stach,194,1955,full
2025-26,Leeds,Lucas Estella Perri,196,1440,full
2025-26,Leeds,Dominic Calvert-Lewin,187,1933,full
2025-26,Leeds,Noah Okafor,185,1266,full
2025-26,Leeds,James Justin,183,1083,full
2025-26,Leeds,Harry Gray,,0,UNMATCHED
2025-26,Leeds,Sam Chambers,,0,UNMATCHED
2025-26,Liverpool,Alisson Becker,197,2160,surname+initial
2025-26,Liverpool,Giorgi Mamardashvili,199,450,full
2025-26,Liverpool,Ármin Pécsi,,0,UNMATCHED
2025-26,Liverpool,Freddie Woodman,188,0,full
2025-26,Liverpool,Jeremie Frimpong,172,622,full
2025-26,Liverpool,Milos Kerkez,176,1951,full
2025-26,Liverpool,Andrew Robertson,178,660,full
2025-26,Liverpool,Virgil van Dijk,193,2610,full
2025-26,Liverpool,Ibrahima Konaté,194,2404,full
2025-26,Liverpool,Conor Bradley,181,928,full
2025-26,Liverpool,Joe Gomez,188,401,full
2025-26,Liverpool,Konstantinos Tsimikas,179,0,full
2025-26,Liverpool,Amara Nallo,186,0,full
2025-26,Liverpool,Rhys Williams,195,0,surname+initial
2025-26,Liverpool,Calvin Ramsay,177,0,surname+initial
2025-26,Liverpool,Mohamed Salah,175,1792,full
2025-26,Liverpool,Florian Wirtz,177,1850,full
2025-26,Liverpool,Luis Díaz Marulanda,180,0,initial+lasttoken
2025-26,Liverpool,Cody Gakpo,193,1972,full
2025-26,Liverpool,Federico Chiesa,175,263,full
2025-26,Liverpool,Alexis Mac Allister,176,1996,full
2025-26,Liverpool,Dominik Szoboszlai,186,2422,full
2025-26,Liverpool,Curtis Jones,185,1234,full
2025-26,Liverpool,Ryan Gravenberch,190,2338,full
2025-26,Liverpool,Endo Wataru,178,170,tokens
2025-26,Liverpool,Stefan Bajčetić Maquieira,185,0,full
2025-26,Liverpool,James McConnell,180,0,full
2025-26,Liverpool,Tyler Morton,178,0,surname+initial
2025-26,Liverpool,Trey Nyoni,180,6,full
2025-26,Liverpool,Darwin Núñez Ribeiro,187,0,initial+lasttoken
2025-26,Liverpool,Jayden Danns,183,0,full
2025-26,Liverpool,Alexander Isak,192,501,full
2025-26,Liverpool,Hugo Ekitiké,189,1764,full
2025-26,Liverpool,Rio Ngumoha,,128,UNMATCHED
2025-26,Liverpool,Giovanni Leoni,,0,UNMATCHED
2025-26,Liverpool,Kieran Morrison,,0,UNMATCHED
2025-26,Liverpool,Wellity Lucky,,0,UNMATCHED
2025-26,Man City,Antoine Semenyo,180,2516,surname+initial
2025-26,Man City,James Trafford,192,270,full
2025-26,Man City,Marc Guéhi,182,2430,surname+initial
2025-26,Man City,Ederson Santana de Moraes,188,0,full
2025-26,Man City,Marcus Bettinelli,193,0,full
2025-26,Man City,Rayan Aït-Nouri,180,719,full
2025-26,Man City,Joško Gvardiol,185,1301,full
2025-26,Man City,Manuel Akanji,188,0,full
2025-26,Man City,Nathan Aké,180,487,full
2025-26,Man City,Abdukodir Khusanov,186,797,full
2025-26,Man City,Matheus Nunes,183,2174,full
2025-26,Man City,Rúben dos Santos Gato Alves Dias,187,2049,full
2025-26,Man City,John Stones,188,351,full
2025-26,Man City,Rico Lewis,169,311,full
2025-26,Man City,Nico O'Reilly,193,2040,full
2025-26,Man City,Vitor de Oliveira Nunes dos Reis,,0,UNMATCHED
2025-26,Man City,Omar Marmoush,183,507,full
2025-26,Man City,Phil Foden,171,1792,full
2025-26,Man City,Sávio Moreira de Oliveira,176,561,full
2025-26,Man City,Bernardo Mota Veiga de Carvalho e Silva,173,2168,full
2025-26,Man City,Rayan Cherki,177,1267,surname+initial
2025-26,Man City,Jérémy Doku,173,1192,full
2025-26,Man City,İlkay Gündoğan,180,0,full
2025-26,Man City,Rodrigo 'Rodri' Hernandez Cascante,191,1153,initial+lasttoken
2025-26,Man City,Mateo Kovačić,177,4,full
2025-26,Man City,Nico González Iglesias,188,1370,surname+initial
2025-26,Man City,Claudio Echeverri,171,0,full
2025-26,Man City,Tijjani Reijnders,185,1473,full
2025-26,Man City,Sverre Nypan,,0,UNMATCHED
2025-26,Man City,Kalvin Phillips,178,0,full
2025-26,Man City,Erling Haaland,195,2323,full
2025-26,Man City,Gianluigi Donnarumma,196,2340,full
2025-26,Man City,Divine Mukasa,,25,UNMATCHED
2025-26,Man City,Stephen Mfuni,,0,UNMATCHED
2025-26,Man City,Ryan McAidoo,,0,UNMATCHED
2025-26,Man City,Charlie Gray,,0,UNMATCHED
2025-26,Man City,Reigan Heskey,,0,UNMATCHED
2025-26,Man City,Max Alleyne,,135,UNMATCHED
2025-26,Man Utd,Bryan Mbeumo,171,2047,full
2025-26,Man Utd,Altay Bayındır,198,540,full
2025-26,Man Utd,André Onana,190,0,full
2025-26,Man Utd,Elyh Harrison,180,0,surname+initial
2025-26,Man Utd,Tom Heaton,188,0,full
2025-26,Man Utd,Dermot Mee,,0,UNMATCHED
2025-26,Man Utd,Matthijs de Ligt,189,1170,full
2025-26,Man Utd,Lisandro Martínez,174,904,surname+initial
2025-26,Man Utd,Noussair Mazraoui,183,610,full
2025-26,Man Utd,Diego León Blanco,,0,UNMATCHED
2025-26,Man Utd,Diogo Dalot Teixeira,183,2049,alias
2025-26,Man Utd,Patrick Dorgu,175,1329,surname+initial
2025-26,Man Utd,Harry Maguire,193,1032,full
2025-26,Man Utd,Luke Shaw,181,2437,surname+initial
2025-26,Man Utd,Leny Yoro,190,1426,full
2025-26,Man Utd,Harry Amass,,0,UNMATCHED
2025-26,Man Utd,Tyler Fredricson,,2,UNMATCHED
2025-26,Man Utd,Ayden Heaven,,642,UNMATCHED
2025-26,Man Utd,Tyrell Malacia,169,7,full
2025-26,Man Utd,Bruno Borges Fernandes,179,2255,alias
2025-26,Man Utd,Matheus Santos Carneiro da Cunha,183,1897,full
2025-26,Man Utd,Marcus Rashford,186,0,full
2025-26,Man Utd,Amad Diallo,173,1736,full
2025-26,Man Utd,Antony dos Santos,186,0,surname+initial
2025-26,Man Utd,Mason Mount,181,812,full
2025-26,Man Utd,Carlos Henrique Casimiro,185,1964,initial+lasttoken
2025-26,Man Utd,Kobbie Mainoo,175,933,surname+initial
2025-26,Man Utd,Manuel Ugarte Ribeiro,182,777,full
2025-26,Man Utd,Toby Collyer,,0,UNMATCHED
2025-26,Man Utd,Jayce Fitzgerald,,0,UNMATCHED
2025-26,Man Utd,Jack Fletcher,180,107,surname+initial
2025-26,Man Utd,Sékou Koné,192,0,surname+initial
2025-26,Man Utd,Jack Moorhouse,,0,UNMATCHED
2025-26,Man Utd,Rasmus Højlund,191,0,surname+initial
2025-26,Man Utd,Joshua Zirkzee,193,509,full
2025-26,Man Utd,Chido Obi,196,0,initial+lasttoken
2025-26,Man Utd,Ethan Wheatley,,0,UNMATCHED
2025-26,Man Utd,Benjamin Sesko,194,1295,full
2025-26,Man Utd,Senne Lammens,193,2070,full
2025-26,Man Utd,Shea Lacey,,12,UNMATCHED
2025-26,Man Utd,Bendito Mantato,,15,UNMATCHED
2025-26,Man Utd,Tyler Fletcher,,1,UNMATCHED
2025-26,Man Utd,Godwill Kukonki,,0,UNMATCHED
2025-26,Newcastle,Jacob Ramsey,180,894,full
2025-26,Newcastle,Yoane Wissa,176,421,full
2025-26,Newcastle,Nick Pope,199,1966,full
2025-26,Newcastle,Mark Gillespie,192,0,full
2025-26,Newcastle,Odysseas Vlachodimos,190,0,surname+initial
2025-26,Newcastle,Lewis Hall,179,1569,full
2025-26,Newcastle,Fabian Schär,186,1089,full
2025-26,Newcastle,Sven Botman,193,1061,full
2025-26,Newcastle,Dan Burn,198,1708,surname+initial
2025-26,Newcastle,Tino Livramento,181,1048,surname+initial
2025-26,Newcastle,Kieran Trippier,173,1392,full
2025-26,Newcastle,Emil Krafth,184,45,full
2025-26,Newcastle,Jamaal Lascelles,188,19,full
2025-26,Newcastle,Alex Murphy,188,1,full
2025-26,Newcastle,Harrison Ashby,180,0,full
2025-26,Newcastle,Miodrag Pivaš,,0,UNMATCHED
2025-26,Newcastle,Matt Targett,183,0,full
2025-26,Newcastle,Anthony Gordon,183,1550,full
2025-26,Newcastle,Anthony Elanga,178,1131,full
2025-26,Newcastle,Harvey Barnes,182,1483,full
2025-26,Newcastle,Bruno Guimarães Rodriguez Moura,182,2019,full
2025-26,Newcastle,Jacob Murphy,179,1134,full
2025-26,Newcastle,Joelinton Cássio Apolinário de Lira,186,1574,full
2025-26,Newcastle,Sandro Tonali,181,2037,full
2025-26,Newcastle,Antoñito Cordero Campillo,,0,UNMATCHED
2025-26,Newcastle,Joe Willock,186,592,full
2025-26,Newcastle,Isaac Hayden,185,0,full
2025-26,Newcastle,Garang Kuol,175,0,full
2025-26,Newcastle,Lewis Miley,189,1133,full
2025-26,Newcastle,Joe White,186,0,full
2025-26,Newcastle,William Osula,192,267,full
2025-26,Newcastle,Sean Neave,,0,UNMATCHED
2025-26,Newcastle,Aaron Ramsdale,191,643,full
2025-26,Newcastle,Malick Thiaw,194,2207,full
2025-26,Newcastle,Seung-Soo Park,,0,UNMATCHED
2025-26,Newcastle,Nick Woltemade,198,1530,full
2025-26,Newcastle,John Ruddy,193,0,full
2025-26,Newcastle,Leo Shahar,,0,UNMATCHED
2025-26,Newcastle,Sam Alabi,170,0,surname+initial
2025-26,Nott'm Forest,Oleksandr Zinchenko,175,352,full
2025-26,Nott'm Forest,Stefan Ortega Moreno,185,270,full
2025-26,Nott'm Forest,James McAtee,180,170,full
2025-26,Nott'm Forest,Matz Sels,188,1857,surname+initial
2025-26,Nott'm Forest,Carlos Miguel dos Santos Pereira,,0,UNMATCHED
2025-26,Nott'm Forest,Matt Turner,190,0,surname+initial
2025-26,Nott'm Forest,Nikola Milenković,195,2610,full
2025-26,Nott'm Forest,Murillo Costa dos Santos,184,1819,full
2025-26,Nott'm Forest,Ola Aina,184,1139,full
2025-26,Nott'm Forest,Neco Williams,183,2438,full
2025-26,Nott'm Forest,David Mota Veiga Teixeira do Carmo,196,0,initial+lasttoken
2025-26,Nott'm Forest,Jair Paula da Cunha Filho,,214,UNMATCHED
2025-26,Nott'm Forest,Felipe Rodrigues da Silva,192,938,full
2025-26,Nott'm Forest,Omar Richards,174,0,surname+initial
2025-26,Nott'm Forest,Zach Abbott,,120,UNMATCHED
2025-26,Nott'm Forest,Willy Boly,195,0,full
2025-26,Nott'm Forest,Morgan Gibbs-White,171,2477,full
2025-26,Nott'm Forest,Callum Hudson-Odoi,182,1634,surname+initial
2025-26,Nott'm Forest,Elliot Anderson,179,2596,full
2025-26,Nott'm Forest,João Pedro Ferreira da Silva,176,11,webname-full
2025-26,Nott'm Forest,Nicolás Domínguez,179,886,full
2025-26,Nott'm Forest,Lewis O'Brien,173,0,full
2025-26,Nott'm Forest,Ibrahim Sangaré,191,1584,surname+initial
2025-26,Nott'm Forest,Ryan Yates,190,368,full
2025-26,Nott'm Forest,Eric da Silva Moreira,,0,UNMATCHED
2025-26,Nott'm Forest,Marko Stamenić,188,0,surname+initial
2025-26,Nott'm Forest,Chris Wood,191,538,full
2025-26,Nott'm Forest,Igor Jesus Maciel da Cruz,,1662,UNMATCHED
2025-26,Nott'm Forest,Taiwo Awoniyi,183,222,full
2025-26,Nott'm Forest,Dan Ndoye,184,1111,full
2025-26,Nott'm Forest,Angus Gunn,196,45,full
2025-26,Nott'm Forest,Omari Hutchinson,174,1153,full
2025-26,Nott'm Forest,Arnaud Kalimuendo,175,89,full
2025-26,Nott'm Forest,John Victor Maciel Furtado,196,437,full
2025-26,Nott'm Forest,Nicolò Savona,192,1025,full
2025-26,Nott'm Forest,Luis Eduardo Soares da Silva,,0,UNMATCHED
2025-26,Nott'm Forest,Dilane Bakwa,179,342,full
2025-26,Nott'm Forest,Lorenzo Lucca,201,119,full
2025-26,Nott'm Forest,Luca Netz,184,48,full
2025-26,Sunderland,Anthony Patterson,189,0,full
2025-26,Sunderland,Simon Moore,191,0,full
2025-26,Sunderland,Blondy Nna Noukeu,184,0,full
2025-26,Sunderland,Daniel Ballard,187,1941,surname+initial
2025-26,Sunderland,Trai Hume,180,2399,full
2025-26,Sunderland,Aji Alese,192,0,surname+initial
2025-26,Sunderland,Joe Anderson,188,0,full
2025-26,Sunderland,Dennis Cirkin,182,296,full
2025-26,Sunderland,Leo Fuhr Hjelde,188,0,full
2025-26,Sunderland,Niall Huggins,173,0,full
2025-26,Sunderland,Zak Johnson,183,0,full
2025-26,Sunderland,Luke O'Nien,174,112,surname+initial
2025-26,Sunderland,Timothée Pembélé,182,0,surname+initial
2025-26,Sunderland,Reinildo Mandava,180,1427,full
2025-26,Sunderland,Jenson Seelt,192,133,full
2025-26,Sunderland,Simon Adingra,175,649,full
2025-26,Sunderland,Habib Diarra,178,925,full
2025-26,Sunderland,Patrick Roberts,167,27,full
2025-26,Sunderland,Milan Aleksić,,0,UNMATCHED
2025-26,Sunderland,Enzo Le Fée,173,2295,full
2025-26,Sunderland,Romaine Mundle,172,399,full
2025-26,Sunderland,Dan Neil,178,13,surname+initial
2025-26,Sunderland,Ian Poveda-Ocampo,167,0,initial+lasttoken
2025-26,Sunderland,Chris Rigg,,376,UNMATCHED
2025-26,Sunderland,Noah Sadiki,174,2114,full
2025-26,Sunderland,Chemsdine Talbi,175,1146,full
2025-26,Sunderland,Abdoullah Ba,180,0,full
2025-26,Sunderland,Alan Browne,179,0,surname+initial
2025-26,Sunderland,Pierre Ekwah Elimby,189,0,initial+lasttoken
2025-26,Sunderland,Harrison Jones,,0,UNMATCHED
2025-26,Sunderland,Jay Matete,176,0,full
2025-26,Sunderland,Nectarios Triantis,191,0,full
2025-26,Sunderland,Wilson Isidor,186,1056,full
2025-26,Sunderland,Eliezer Mayenda Dossou,180,737,full
2025-26,Sunderland,Ahmed Abdullahi,173,0,initial+lasttoken
2025-26,Sunderland,Luís Hemir Silva Semedo,192,0,full
2025-26,Sunderland,Nazarii Rusyn,177,0,surname+initial
2025-26,Sunderland,Granit Xhaka,185,2091,full
2025-26,Sunderland,Robin Roefs,192,2520,full
2025-26,Sunderland,Arthur Masuaku,179,125,full
2025-26,Sunderland,Omar Alderete,188,2173,full
2025-26,Sunderland,Nordi Mukiele,187,2163,full
2025-26,Sunderland,Lutsharel Geertruida,185,1231,full
2025-26,Sunderland,Brian Brobbey,180,1193,surname+initial
2025-26,Sunderland,Bertrand Traoré,181,634,surname+initial
2025-26,Sunderland,Jenson Jones,177,0,surname+initial
2025-26,Sunderland,Tymur Tutierov,,0,UNMATCHED
2025-26,Sunderland,Djiamgone Jocelin Ta Bi,,38,UNMATCHED
2025-26,Sunderland,Melker Ellborg,191,90,full
2025-26,Sunderland,Nilson Angulo,184,254,surname+initial
2025-26,Spurs,Guglielmo Vicario,188,2610,full
2025-26,Spurs,Brandon Austin,188,0,surname+initial
2025-26,Spurs,Antonín Kinský,,0,UNMATCHED
2025-26,Spurs,Pedro Porro Sauceda,173,1983,initial+lasttoken
2025-26,Spurs,Cristian Romero,185,1710,full
2025-26,Spurs,Kevin Danso,190,749,full
2025-26,Spurs,Ben Davies,181,136,surname+initial
2025-26,Spurs,Radu Drăgușin,191,423,full
2025-26,Spurs,Djed Spence,185,1686,full
2025-26,Spurs,Destiny Udogie,188,794,full
2025-26,Spurs,Micky van de Ven,193,2366,surname+initial
2025-26,Spurs,Ashley Phillips,191,0,full
2025-26,Spurs,Takai Kōta,,0,UNMATCHED
2025-26,Spurs,Luka Vušković,,0,UNMATCHED
2025-26,Spurs,Son Heung-min,178,0,webname-full
2025-26,Spurs,James Maddison,175,0,full
2025-26,Spurs,Mohammed Kudus,177,1535,full
2025-26,Spurs,Dejan Kulusevski,186,0,full
2025-26,Spurs,Mathys Tel,183,751,full
2025-26,Spurs,Rodrigo Bentancur,187,1407,surname+initial
2025-26,Spurs,Lucas Bergvall,186,799,full
2025-26,Spurs,Yves Bissouma,182,460,full
2025-26,Spurs,Wilson Odobert,182,972,full
2025-26,Spurs,Manor Solomon,170,0,full
2025-26,Spurs,Bryan Gil Salvatierra,175,0,full
2025-26,Spurs,Archie Gray,187,1197,full
2025-26,Spurs,Mikey Moore,,0,UNMATCHED
2025-26,Spurs,Pape Matar Sarr,184,1140,full
2025-26,Spurs,Yang Min-hyeok,190,0,initial+lasttoken
2025-26,Spurs,Callum Olusesi,,0,UNMATCHED
2025-26,Spurs,Dominic Solanke-Mitchell,182,598,initial+lasttoken
2025-26,Spurs,Richarlison de Andrade,184,1346,full
2025-26,Spurs,Will Lankshear,,0,UNMATCHED
2025-26,Spurs,Dane Scarlett,179,7,surname+initial
2025-26,Spurs,João Maria Lobo Alves Palhares Costa Palhinha Gonçalves,190,1774,alias
2025-26,Spurs,Xavi Simons,179,1533,full
2025-26,Spurs,Randal Kolo Muani,187,1185,full
2025-26,Spurs,Jun'ai Byfield,,1,UNMATCHED
2025-26,Spurs,James Rowswell,,0,UNMATCHED
2025-26,Spurs,Yusuf Akhamrich,,0,UNMATCHED
2025-26,Spurs,Lucá Williams-Barnett,185,0,initial+lasttoken
2025-26,Spurs,Conor Gallagher,182,577,full
2025-26,Spurs,João Victor de Souza Menezes,,87,UNMATCHED
2025-26,Spurs,Rio Kyerematen,,0,UNMATCHED
2025-26,Spurs,James Wilson,189,0,surname+initial
2025-26,West Ham,Adama Traoré Diarra,178,288,full
2025-26,West Ham,Alphonse Areola,195,1800,full
2025-26,West Ham,Wes Foderingham,185,0,surname+initial
2025-26,West Ham,Krisztián Hegyi,193,0,full
2025-26,West Ham,El Hadji Malick Diouf,185,1913,full
2025-26,West Ham,Emerson Palmieri dos Santos,176,0,full
2025-26,West Ham,Maximilian Kilman,194,1559,full
2025-26,West Ham,Konstantinos Mavropanos,194,1722,full
2025-26,West Ham,Nayef Aguerd,190,180,full
2025-26,West Ham,Ollie Scarles,182,654,surname+initial
2025-26,West Ham,Jean-Clair Todibo,190,1611,full
2025-26,West Ham,Aaron Wan-Bissaka,183,1731,full
2025-26,West Ham,Kaelan Casey,186,0,surname+initial
2025-26,West Ham,Lucas Tolentino Coelho de Lima,180,1513,full
2025-26,West Ham,Tomáš Souček,192,1416,full
2025-26,West Ham,Crysencio Summerville,174,1856,full
2025-26,West Ham,Edson Álvarez Velázquez,190,0,alias
2025-26,West Ham,Maxwel Cornet,179,0,surname+initial
2025-26,West Ham,Guido Rodríguez,185,175,full
2025-26,West Ham,Luis Guilherme Lira dos Santos,,121,UNMATCHED
2025-26,West Ham,George Earthy,177,8,full
2025-26,West Ham,Andy Irving,190,156,surname+initial
2025-26,West Ham,Lewis Orford,,0,UNMATCHED
2025-26,West Ham,Freddie Potts,183,1094,full
2025-26,West Ham,Jarrod Bowen,175,2599,full
2025-26,West Ham,Niclas Füllkrug,188,407,full
2025-26,West Ham,Callum Marshall,193,58,surname+initial
2025-26,West Ham,Kyle Walker-Peters,173,954,full
2025-26,West Ham,Callum Wilson,180,992,surname+initial
2025-26,West Ham,Mads Hermansen,185,810,full
2025-26,West Ham,Mateus Gonçalo Espanha Fernandes,178,2213,full
2025-26,West Ham,Soungoutou Magassa,188,931,full
2025-26,West Ham,Lukasz Fabianski,190,0,full
2025-26,West Ham,Ezra Mayers,,113,UNMATCHED
2025-26,West Ham,Airidas Golambeckis,,0,UNMATCHED
2025-26,West Ham,Mohamadou Kanté,180,24,surname+initial
2025-26,West Ham,Pablo Felipe Pereira de Jesus,184,250,full
2025-26,West Ham,Valentín Castellanos,178,742,surname+initial
2025-26,West Ham,Keiber Lamadrid,173,0,full
2025-26,West Ham,Axel Disasi,191,450,full
2025-26,Wolves,Sam Johnstone,193,1080,full
2025-26,Wolves,José Malheiro de Sá,192,1620,alias
2025-26,Wolves,Daniel Bentley,188,0,full
2025-26,Wolves,Emmanuel Agbadou,192,1100,full
2025-26,Wolves,Matt Doherty,182,702,surname+initial
2025-26,Wolves,Hugo Bueno López,180,1856,full
2025-26,Wolves,Yerson Mosquera Valdelamar,188,1617,full
2025-26,Wolves,Rodrigo Martins Gomes,175,596,full
2025-26,Wolves,Santiago Ignacio Bueno,190,1832,initial+lasttoken
2025-26,Wolves,Toti Gomes,187,1039,alias
2025-26,Wolves,Ki-Jana Hoever,183,423,full
2025-26,Wolves,Bastien Meupiyou Menadjou,,0,UNMATCHED
2025-26,Wolves,Pedro Cardoso de Lima,,3,UNMATCHED
2025-26,Wolves,Alfie Pond,188,0,full
2025-26,Wolves,Hwang Hee-chan,177,1144,initial+lasttoken
2025-26,Wolves,André Trindade da Costa Neto,176,2040,webname-full
2025-26,Wolves,Jean-Ricner Bellegarde,172,1006,full
2025-26,Wolves,Fer López González,,228,UNMATCHED
2025-26,Wolves,João Victor Gomes da Silva,176,2207,full
2025-26,Wolves,Gonçalo Manuel Ganchinho Guedes,179,0,full
2025-26,Wolves,Marshall Munetsi,188,872,surname+initial
2025-26,Wolves,Boubacar Traoré,183,0,full
2025-26,Wolves,Tawanda Chirewa,181,25,full
2025-26,Wolves,Tom Edozie,,6,UNMATCHED
2025-26,Wolves,Enso González Medina,169,0,initial+lasttoken
2025-26,Wolves,Joe Hodge,172,0,surname+initial
2025-26,Wolves,Fábio Soares Silva,185,0,webname-full
2025-26,Wolves,Saša Kalajdžić,200,14,full
2025-26,Wolves,Leon Chiwome,,0,UNMATCHED
2025-26,Wolves,Nathan Fraser,186,0,full
2025-26,Wolves,Jhon Arias,185,1117,surname+initial
2025-26,Wolves,David Møller Wolfe,185,839,full
2025-26,Wolves,Jackson Tchatchoua,186,1605,surname+initial
2025-26,Wolves,Ladislav Krejcí,190,1947,surname+initial
2025-26,Wolves,Tolu Arokodare,197,1215,surname+initial
2025-26,Wolves,Mateus Mané,173,1235,surname+initial
2025-26,Wolves,Saheed Olagunju,,0,UNMATCHED
2025-26,Wolves,Luke Rawlings,,0,UNMATCHED
2025-26,Wolves,Temple Ojinnaka,,0,UNMATCHED
2025-26,Wolves,Ethan Sutherland,176,0,surname+initial
2025-26,Wolves,Jerome Abbey,,0,UNMATCHED
2025-26,Wolves,Angel Gomes,168,237,full
2025-26,Wolves,Adam Armstrong,172,481,full
