player_id,player,last_season,country_of_birth,city_of_birth,country_of_citizenship,foot,height_in_cm,highest_market_value_in_eur
532,Claudio Pizarro,2019,Peru,Callao,Peru,right,184.0,12000000.0
3333,James Milner,2024,England,Leeds,England,right,175.0,21000000.0
3455,Zlatan Ibrahimović,2022,Sweden,Malm,Sweden,right,195.0,46000000.0
4018,Daniel Baier,2019,Germany,Kln,Germany,right,176.0,3500000.0
5017,Niklas Moisander,2020,Finland,Turku,Finland,left,183.0,6500000.0
5303,Souleymane Camara,2019,Senegal,Dakar,Senegal,right,174.0,4000000.0
5348,Florent Balmont,2019,France,Sainte-Foy-ls-Lyon,France,right,168.0,6500000.0
5672,Étienne Didot,2018,France,Paimpol,France,right,175.0,7000000.0
5928,Sergio Pellissier,2018,Italy,Aosta,Italy,right,175.0,7000000.0
5947,Daniele De Rossi,2018,Italy,Roma,Italy,both,184.0,38000000.0
6636,Christian Fuchs,2020,Austria,Neunkirchen,Austria,left,187.0,7500000.0
7101,Paolo Sammarco,2018,Italy,Como,Italy,right,181.0,6500000.0
7161,Jonas Hofmann,2024,Germany,Heidelberg,Germany,right,176.0,16000000.0
7512,Borja Fernández,2018,Spain,Ourense,Spain,right,189.0,3000000.0
7663,Joaquín,2022,Spain,El Puerto de Santa Mara,Spain,right,181.0,28000000.0
7922,Sergio García,2018,Spain,Barcelona,Spain,right,174.0,9000000.0
7971,Salomon Kalou,2019,Cote d'Ivoire,Oum,Cote d'Ivoire,right,184.0,15000000.0
8198,Cristiano Ronaldo,2022,Portugal,Funchal,Portugal,right,187.0,120000000.0
8806,Cesc Fàbregas,2021,Spain,Arenys de Mar,Spain,right,179.0,55000000.0
10003,Wes Morgan,2020,England,Nottingham,Jamaica,right,185.0,3500000.0
10503,Uwe Hünemeier,2019,Germany,Rietberg,Germany,right,189.0,2250000.0
11111,Ramiro Funes Mori,2020,Argentina,Mendoza,Argentina,left,187.0,12000000.0
11268,Oliver Fink,2019,Germany,Hirschau,Germany,right,187.0,1250000.0
12249,Éver Banega,2019,Argentina,Rosario,Argentina,right,174.0,20000000.0
12282,Daley Blind,2024,Netherlands,Amsterdam,Netherlands,left,180.0,25000000.0
12384,Alexander Tettey,2019,Ghana,Accra,Norway,right,181.0,4000000.0
12563,Goran Pandev,2021,Jugoslawien (SFR),Strumica,North Macedonia,left,184.0,18000000.0
13507,Leighton Baines,2019,England,Kirkby,England,left,170.0,22000000.0
13572,Ben Foster,2021,England,Leamington Spa,England,left,193.0,5500000.0
13573,Simon Francis,2019,England,Nottingham,England,right,191.0,2500000.0
13959,Igor,2015,Brazil,Macei,Portugal,right,190.0,500000.0
14086,Ashley Young,2024,England,Stevenage,England,both,175.0,27000000.0
14221,Aaron Lennon,2021,England,Chapeltown,England,right,165.0,21000000.0
14533,Pirmin Schwegler,2018,Switzerland,Ettiswil,Switzerland,right,178.0,6000000.0
14942,Darijo Srna,2018,Jugoslawien (SFR),Metkovi,Croatia,right,182.0,17500000.0
15338,Fernando,2014,Brazil,Anita Garibaldi,Brazil,right,192.0,8500000.0
15773,Phil Bardsley,2021,England,Salford,Scotland,right,180.0,6000000.0
15799,Santi Cazorla,2019,Spain,Lugo de Llanera,Spain,both,168.0,30000000.0
15951,Dani Alves,2021,Brazil,Juazeiro,Brazil,right,172.0,36000000.0
15956,Jesús Navas,2023,Spain,Los Palacios y Villafranca,Spain,right,170.0,30000000.0
16136,Dante,2024,Brazil,Salvador da Bahia,Brazil,left,188.0,17000000.0
16306,Casemiro,2024,Brazil,So Jos dos Campos,Brazil,right,185.0,80000000.0
16311,Rouwen Hennings,2019,Germany,Bad Oldesloe,Germany,left,180.0,2500000.0
16335,Charles,2019,Brazil,Rio de Janeiro,Brazil,right,175.0,3200000.0
16631,Ignazio Abate,2018,Italy,Sant'Agata d Goti,Italy,right,180.0,14000000.0
16831,Ken Reichel,2019,Germany,Berlin,Germany,left,185.0,1500000.0
16873,Claudio Terzi,2020,Italy,Milano,Italy,right,180.0,1500000.0
16922,Kevin-Prince Boateng,2022,Germany,Berlin,Ghana,right,186.0,23000000.0
17127,Felipe,2019,Brazil,Guaratinguet,Brazil,left,188.0,6500000.0
18644,Álvaro Negredo,2023,Spain,Madrid,Spain,left,186.0,27000000.0
18900,Hatem Ben Arfa,2021,France,Clamart,France,left,179.0,14000000.0
18909,Jimmy Briand,2021,France,Vitry-sur-Seine,France,right,181.0,9000000.0
18918,Per Ciljan Skjelbred,2019,Norway,Trondheim,Norway,right,175.0,4000000.0
18922,Karim Benzema,2022,France,Lyon,France,right,185.0,60000000.0
18934,Thomas Mangani,2022,France,Carpentras,France,left,183.0,3500000.0
18944,Gerard Piqué,2022,Spain,Barcelona,Spain,right,194.0,50000000.0
19112,Christian Gentner,2020,Germany,Nrtingen,Germany,right,189.0,7500000.0
19305,Oscar Wendt,2020,Sweden,Gteborg,Sweden,left,181.0,4500000.0
19354,Dennis Aogo,2018,Germany,Karlsruhe,Germany,left,184.0,8000000.0
19447,Giampaolo Pazzini,2019,Italy,Pescia,Italy,right,180.0,21000000.0
19819,Raffael,2019,Brazil,Fortaleza,Brazil,right,174.0,10000000.0
20005,Papu Gómez,2023,Argentina,Buenos Aires,Argentina,right,167.0,18000000.0
20007,Pablo Zabaleta,2019,Argentina,Buenos Aires,Argentina,right,176.0,19000000.0
20081,Gelson Fernandes,2019,Cape Verde,Praia,Switzerland,right,180.0,6500000.0
20463,Corentin Jean,2021,France,Blois,France,right,170.0,4000000.0
20506,Andrés Guardado,2023,Mexico,Guadalajara,Mexico,left,167.0,12000000.0
20778,Adam Bodzek,2019,Poland,Zabrze,Poland,right,184.0,1750000.0
21725,Filipe Luís,2018,Brazil,Jaragu do Sul,Brazil,left,182.0,25000000.0
21763,Federico Peluso,2021,Italy,Roma,Italy,left,188.0,5000000.0
21905,Valon Behrami,2021,Jugoslawien (SFR),Mitrovic,Switzerland,right,184.0,16000000.0
22068,Franck Ribéry,2022,France,Boulogne-sur-Mer,France,right,170.0,50000000.0
22140,Domenico Maietta,2018,Italy,Cariati,Italy,right,185.0,1000000.0
22210,Luca Rigoni,2019,Italy,Schio,Italy,right,185.0,6500000.0
22328,Fabio Quagliarella,2022,,Castellammare di Stabia,,right,180.0,17500000.0
22386,Daniel Congré,2020,France,Toulouse,France,right,185.0,4500000.0
22390,Loïc Perrin,2019,France,Saint-tienne,France,right,181.0,8000000.0
22440,João Pedro,2012,Portugal,Vila Nova de Famalico,Portugal,left,174.0,600000.0
22720,William,2016,Brazil,Acopora,Brazil,,185.0,350000.0
23492,Thomas Kristensen,2015,Denmark,Virum,Denmark,right,188.0,1500000.0
23960,Jérémy Morel,2021,France,Lorient,Madagascar,left,172.0,3500000.0
25488,Antonio Candreva,2023,Italy,Roma,Italy,right,180.0,27000000.0
25557,Sergio Ramos,2023,Spain,Camas,Spain,right,184.0,50000000.0
26066,Iván Ramis,2019,Spain,Sa Pobla,Spain,right,189.0,6000000.0
26105,Valter Birsa,2019,Jugoslawien (SFR),Sempeter pri Gorici,Slovenia,left,184.0,4500000.0
26148,Juanjo Camacho,2018,Spain,Valencia,Spain,left,180.0,1500000.0
26267,Fernandinho,2021,Brazil,Londrina,Brazil,right,179.0,32000000.0
26399,Sergio Agüero,2021,Argentina,Quilmes,Argentina,right,173.0,80000000.0
26485,Jérôme Boateng,2023,Germany,Berlin,Germany,right,192.0,45000000.0
27374,Sidnei,2021,Brazil,Alegrete,Brazil,right,184.0,10000000.0
27389,Kévin Gameiro,2023,France,Senlis,France,right,172.0,25000000.0
27511,Gary Cahill,2020,England,Dronfield,England,right,193.0,20000000.0
27667,Vitolo,2013,Spain,Santa Cruz de Tenerife,Spain,right,168.0,4000000.0
28003,Lionel Messi,2022,Argentina,Rosario,Argentina,left,170.0,180000000.0
28335,Christophe Jallet,2019,France,Cognac,France,right,178.0,6500000.0
28947,Gonzalo Castro,2021,Germany,Wuppertal,Germany,right,172.0,15000000.0
28984,Sol Bamba,2018,France,Ivry-sur-Seine,Cote d'Ivoire,right,190.0,2500000.0
29124,Aritz Aduriz,2019,Spain,Donostia-San Sebastin,Spain,right,181.0,9000000.0
29178,Nino,2020,Spain,Almera,Spain,right,169.0,4000000.0
29241,Thiago Silva,2023,Brazil,Rio de Janeiro,Brazil,right,181.0,40000000.0
29260,Giorgio Chiellini,2021,Italy,Pisa,Italy,left,187.0,28500000.0
29364,João Moutinho,2024,Portugal,Portimo,Portugal,right,170.0,30000000.0
29401,Sami Khedira,2020,Germany,Stuttgart,Germany,right,189.0,35000000.0
29424,Paulinho,2013,Brazil,Caxias do Sul,Brazil,right,176.0,8500000.0
29434,Yohan Cabaye,2019,France,Tourcoing,France,right,173.0,23000000.0
29594,Graziano Pellè,2020,Italy,San Cesario di Lecce,Italy,right,194.0,11000000.0
29605,Daniel Ciofani,2022,Italy,Avezzano,Italy,right,191.0,1500000.0
29962,Daniele Dessena,2019,Italy,Parma,Italy,right,182.0,4000000.0
29975,Andrew Surman,2019,South Africa,"Johannesburg, Gauteng",England,left,178.0,2500000.0
29993,Sven Bender,2020,Germany,Rosenheim,Germany,right,186.0,18000000.0
30059,Lars Bender,2020,Germany,Rosenheim,Germany,right,185.0,22000000.0
30638,Sergio Floccari,2019,Italy,Vibo Valentia,Italy,right,180.0,11000000.0
30677,Gustavo Cabral,2018,Argentina,Isidro Casanova,Argentina,right,182.0,6000000.0
31041,Fabian Johnson,2019,Germany,Mnchen,United States,right,183.0,7000000.0
31599,Norman Theuerkauf,2024,East Germany (GDR),Nordhausen,Germany,left,183.0,1500000.0
31909,Toni Kroos,2023,East Germany (GDR),Greifswald,Germany,right,183.0,80000000.0
32113,Armando Izzo,2024,Italy,Napoli,Italy,right,183.0,25000000.0
32711,Patrick Herrmann,2023,Germany,Uchtelfangen,Germany,right,179.0,12000000.0
32816,Danilo,2020,Brazil,So Bernardo do Campo,Brazil,right,185.0,7500000.0
33218,Luca Cigarini,2020,Italy,Montecchio Emilia,Italy,right,175.0,8000000.0
33571,Lorenzo De Silvestri,2024,Italy,Roma,Italy,right,187.0,6000000.0
33713,Theo Walcott,2022,England,London,England,both,175.0,28000000.0
33923,Blaise Matuidi,2019,France,Toulouse,France,left,175.0,30000000.0
33947,Rafinha,2020,Brazil,Londrina,Brazil,right,172.0,12000000.0
34322,Sokratis Papastathopoulos,2023,Greece,Kalamata,Greece,right,186.0,28000000.0
34344,Cristián Zapata,2020,Colombia,Padilla,Colombia,right,187.0,12500000.0
34370,Diego López,2022,Spain,Paradela,Spain,right,196.0,16000000.0
34576,João Pedro,2018,Portugal,Porto,Portugal,right,190.0,500000.0
34691,Stephen Ward,2018,Ireland,Dublin,Ireland,left,184.0,4000000.0
34787,Julian Baumgartlinger,2022,,Salzburg,,right,184.0,6000000.0
35047,Axel Witsel,2024,Belgium,Lige,Belgium,right,186.0,40000000.0
35242,Beto,2020,Portugal,Loures,Portugal,right,182.0,4800000.0
35416,David McGoldrick,2020,England,Nottingham,Ireland,right,184.0,2000000.0
35518,David Silva,2022,Spain,Arguinegun,Spain,left,170.0,50000000.0
35536,Toño,2015,Spain,Alicante,Spain,right,182.0,6000000.0
35564,Fernando Llorente,2020,Spain,Pamplona,Spain,right,195.0,30000000.0
35743,Fabio Ceravolo,2019,Italy,Locri,Italy,right,180.0,2000000.0
35747,Simone Missiroli,2019,Italy,Reggio Calabria,Italy,right,191.0,6000000.0
35939,Ezequiel Garay,2019,Argentina,Rosario,Argentina,right,188.0,23000000.0
36207,Fin Bartels,2019,Germany,Kiel,Germany,right,176.0,3750000.0
36284,Simon Terodde,2022,Germany,Bocholt,Germany,right,192.0,4000000.0
37304,Shane Long,2021,Ireland,Gortnahoe,Ireland,both,180.0,10000000.0
37647,Dimitri Payet,2022,Runion,Saint-Pierre,France,right,175.0,30000000.0
37666,Arturo Vidal,2021,Chile,San Joaqun,Chile,right,180.0,45000000.0
37712,Daniel Carriço,2019,Portugal,Cascais,Portugal,right,183.0,10000000.0
37834,Felipe Caicedo,2021,Ecuador,Guayaquil,Ecuador,left,183.0,10000000.0
37917,Nabil El Zhar,2018,France,Als,Morocco,both,170.0,3000000.0
38094,Lee Peltier,2020,England,Liverpool,England,right,178.0,1500000.0
38145,Adrian Mariappa,2019,England,London,Jamaica,right,179.0,4000000.0
38410,Daniel Caligiuri,2022,Germany,Villingen-Schwenningen,Italy,right,182.0,7500000.0
38607,Federico Di Francesco,2023,Italy,Pisa,Italy,right,171.0,5000000.0
39004,Juan Carlos,2013,Spain,Calvi,Spain,right,182.0,2000000.0
39025,Danny Latza,2022,Germany,Gelsenkirchen,Germany,right,179.0,5000000.0
39094,Sebastian Langkamp,2019,Germany,Speyer,Germany,right,191.0,3000000.0
39106,Ádám Szalai,2021,Hungary,Budapest,Hungary,right,193.0,7000000.0
39152,Radamel Falcao,2023,Colombia,Santa Marta,Colombia,right,177.0,60000000.0
39153,Gonzalo Higuaín,2019,France,Brest,Argentina,right,184.0,75000000.0
39381,Gareth Bale,2021,Wales,Cardiff,Wales,left,186.0,90000000.0
39426,Nicolai Müller,2018,Germany,Lohr am Main,Germany,right,173.0,7000000.0
39690,Danilo Soddimo,2018,Italy,Roma,Italy,right,180.0,1200000.0
39828,Antonino Barillà,2019,Italy,Reggio Calabria,Italy,left,180.0,1800000.0
39909,Sylvain Marveaux,2020,France,Vannes,France,left,172.0,9000000.0
40074,Stefan Ilsanker,2021,Austria,Hallein,Austria,right,189.0,5500000.0
40372,Borja Valero,2020,Spain,Madrid,Spain,right,175.0,23000000.0
40433,Alexis Sánchez,2024,Chile,Tocopilla,Chile,right,169.0,70000000.0
40605,Enrico Valentini,2018,Germany,Nrnberg,Germany,right,182.0,2000000.0
40611,Ryan Bertrand,2022,England,London,England,left,179.0,20000000.0
40613,Jack Cork,2023,England,London,England,right,185.0,15000000.0
40660,Alessandro Matri,2019,Italy,Sant`Angelo Lodigiano,Italy,right,183.0,16500000.0
40888,Beñat Etxebarria,2019,Spain,Igorre,Spain,right,176.0,12000000.0
41037,Danilo,2014,Brazil,"Sorocaba, So Paulo",Brazil,right,186.0,1200000.0
41414,Lucas Leiva,2021,Brazil,Dourados,Brazil,right,179.0,17000000.0
41416,James McArthur,2022,Scotland,Glasgow,Scotland,both,178.0,7000000.0
41541,Danny Blum,2021,Germany,Frankenthal,Germany,left,184.0,1500000.0
42033,Philipp Bargfrede,2020,Germany,Zeven,Germany,right,174.0,5000000.0
42072,Tobias Kempe,2023,Germany,Wesel,Germany,right,184.0,1250000.0
42412,Jonny Evans,2024,Northern Ireland,Belfast,Northern Ireland,both,188.0,15000000.0
42506,Ibrahima Diallo,2015,Guinea,Conakry,Guinea,left,180.0,500000.0
42783,André Hahn,2022,Germany,Otterndorf,Germany,right,185.0,8000000.0
42920,Fran Mérida,2021,Spain,Barcelona,Spain,left,173.0,5000000.0
42936,Nils Petersen,2022,East Germany (GDR),Wernigerode,Germany,right,188.0,12000000.0
43003,Nacho Monreal,2021,Spain,Pamplona,Spain,left,179.0,15000000.0
43256,Paul Baysse,2021,France,Bordeaux,France,right,185.0,4000000.0
43530,Adam Lallana,2024,England,St Albans,England,both,172.0,25000000.0
43763,Erik Pieters,2021,Netherlands,Tiel,Netherlands,left,183.0,7000000.0
43984,Daniel Brosinski,2021,Germany,Karlsruhe,Germany,right,178.0,3000000.0
44012,David García,2017,Spain,Maspalomas,Spain,right,183.0,1500000.0
44017,Javi Martínez,2020,Spain,Estella-Lizarra,Spain,right,189.0,40000000.0
44045,Kévin Monnet-Paquet,2020,France,Bourgoin-Jallieu,France,right,184.0,3000000.0
44065,Esteban Granero,2019,Spain,Madrid,Spain,right,180.0,10000000.0
44136,Domenico Criscito,2021,Italy,Cercola,Italy,left,183.0,16000000.0
44352,Luis Suárez,2021,Uruguay,Salto,Uruguay,right,182.0,90000000.0
44412,Bruno Soriano,2019,Spain,Artana,Spain,left,184.0,10000000.0
44421,Cédric Avinel,2022,France,Paris,Guadeloupe,right,187.0,700000.0
44466,Sebastian Rode,2023,Germany,Seeheim-Jugenheim,Germany,right,179.0,10000000.0
44686,Yannick Cahuzac,2021,France,Ajaccio,France,right,178.0,1500000.0
44741,Beram Kayal,2019,Israel,Jadeidi,Israel,right,178.0,4500000.0
44779,Diego Costa,2022,Brazil,Lagarto,Spain,right,186.0,60000000.0
44780,João Pedro,2014,Portugal,Figueira de Castelo Rodrigo,Portugal,right,177.0,2000000.0
44948,Fernando Forestieri,2021,Argentina,Rosario,Italy,right,172.0,7000000.0
44966,Adrián López,2015,Spain,As Pontes,Spain,right,184.0,1400000.0
44983,Dan Gosling,2021,England,Brixham,England,right,180.0,3500000.0
45121,Loïc Rémy,2022,France,Rillieux-la-Pape,France,right,185.0,19000000.0
45314,Federico Fazio,2023,Argentina,Buenos Aires,Argentina,right,195.0,13000000.0
45319,Gabriel Mercado,2018,Argentina,Puerto Madryn,Argentina,right,181.0,6000000.0
45383,Adrián López,2020,Spain,San Martn de Teverga,Spain,right,183.0,15000000.0
45389,Samuel Di Carmine,2022,Italy,Firenze,Italy,right,187.0,1700000.0
45403,André Ayew,2024,France,Seclin,Ghana,left,175.0,18000000.0
45565,Luca Antonelli,2018,Italy,Monza,Italy,left,184.0,8000000.0
45567,Jonathan Biabiany,2018,France,Paris,France,right,177.0,9500000.0
45581,Joel Obi,2021,Nigeria,Lagos,Nigeria,left,178.0,6000000.0
45599,Emiliano Insúa,2018,Argentina,Buenos Aires,Argentina,left,179.0,10000000.0
45662,Alexander Esswein,2019,Germany,Worms,Germany,right,182.0,3500000.0
45693,Glenn Murray,2019,England,Maryport,England,right,186.0,4000000.0
45912,Sergio Álvarez,2020,Spain,Vilagarca de Arousa,Spain,right,179.0,5000000.0
46001,Moussa Sissoko,2023,France,Le Blanc-Mesnil,France,right,187.0,25000000.0
46156,Aleksandar Kolarov,2021,Jugoslawien (SFR),Belgrad,Serbia,left,187.0,17000000.0
46220,Pablo Hernández,2020,Spain,Castelln,Spain,right,173.0,16000000.0
46413,Ante Budimir,2024,Jugoslawien (SFR),Zenica,Croatia,left,190.0,15000000.0
46473,Jakob Johansson,2019,Sweden,Trollhttan,Sweden,right,187.0,2500000.0
46552,Kamil Glik,2020,Poland,Jastrzbie-Zdrj,Poland,right,190.0,20000000.0
46741,David Luiz,2020,Brazil,Diadema,Brazil,right,189.0,30000000.0
46972,Teemu Pukki,2021,Finland,Kotka,Finland,right,180.0,10000000.0
47085,Nenad Tomović,2019,Jugoslawien (SFR),Kragujevac,Serbia,right,184.0,5500000.0
47285,Ibrahima Traoré,2020,France,Villepinte,Guinea,left,171.0,6000000.0
47893,William Vainqueur,2019,France,Neuilly-sur-Marne,France,right,179.0,7500000.0
47931,Rafinha,2015,Brazil,Campinas,Brazil,right,184.0,800000.0
48002,Angelo Ogbonna,2023,Italy,Cassino,Italy,left,191.0,13000000.0
48066,Andy Carroll,2020,England,Gateshead,England,left,193.0,20000000.0
48081,Christian Strohdiek,2019,Germany,Paderborn,Germany,right,192.0,1200000.0
48280,Edinson Cavani,2022,Uruguay,Salto,Uruguay,right,184.0,60000000.0
48298,Lars Stindl,2022,Germany,Speyer,Germany,right,181.0,18000000.0
49239,Guido Burgstaller,2019,Austria,Villach,Austria,right,187.0,13000000.0
49275,Albin Ekdal,2022,Sweden,Stockholm,Sweden,right,186.0,5000000.0
49499,Georginio Wijnaldum,2022,,Rotterdam,,right,175.0,50000000.0
49501,Elias Kachunga,2018,Germany,Kln,DR Congo,right,178.0,3500000.0
49542,Billy Sharp,2020,England,Sheffield,England,right,175.0,4500000.0
49723,Timothy Chandler,2024,Germany,Frankfurt am Main,United States,right,187.0,5000000.0
49755,Dale Stephens,2021,England,Bolton,England,right,185.0,6000000.0
49899,William,2014,Brazil,"So Bernardo do Campo, So Paulo",Brazil,both,181.0,650000.0
50057,Aaron Ramsey,2022,Wales,Caerphilly,Wales,right,178.0,45000000.0
50174,Danny Rose,2021,England,Doncaster,England,left,173.0,30000000.0
50201,Christian Benteke,2021,Zaire,Kinshasa,Belgium,right,190.0,35000000.0
50202,Eden Hazard,2022,Belgium,La Louvire,Belgium,right,175.0,150000000.0
50362,Fabian Delph,2021,England,Bradford,England,left,174.0,15000000.0
50512,Anthony Modeste,2022,France,Cannes,France,right,188.0,20000000.0
50617,Stefan Strandberg,2021,Norway,Lyngdal,Norway,right,189.0,2000000.0
51046,Héctor Moreno,2018,Mexico,Culiacn Rosales,Mexico,left,184.0,8000000.0
51118,Adil Rami,2022,France,Bastia,France,right,191.0,14000000.0
51152,Aleksandar Mitrović,2023,Yugoslavia (Republic),Smederevo,Serbia,right,189.0,28000000.0
51174,Fernando,2023,Brazil,Braslia,Brazil,right,183.0,17500000.0
51186,Nicolás Spolli,2020,Argentina,Coronel Bogado,Argentina,right,193.0,6500000.0
51232,Danilo,2018,Brazil,So Lus,Belgium,right,174.0,1500000.0
51325,Georg Margreitter,2018,Austria,Bludenz,Austria,right,186.0,3000000.0
51510,Ángel Rodríguez,2022,Spain,Santa Cruz de Tenerife,Spain,right,171.0,7500000.0
51663,Pedro Alcalá,2020,Spain,Mazarrn,Spain,right,196.0,1000000.0
51667,Kiko Olivas,2020,Spain,Antequera,Spain,right,184.0,2500000.0
52348,Benjamin Hübner,2022,Germany,Wiesbaden,Germany,left,193.0,8000000.0
52495,Chris Basham,2023,England,Hebburn,England,right,190.0,3000000.0
52769,Willian,2024,Brazil,Ribeiro Pires,Brazil,right,175.0,50000000.0
53400,Dominick Drexler,2022,Germany,Bonn,Germany,right,183.0,4000000.0
53418,Kevin Kampl,2024,Germany,Solingen,Slovenia,right,178.0,22000000.0
53437,Bastian Oczipka,2021,Germany,Bergisch Gladbach,Germany,left,185.0,7000000.0
53536,Tolgay Arslan,2022,Germany,Paderborn,Germany,right,180.0,7500000.0
53622,İlkay Gündoğan,2024,Germany,Gelsenkirchen,Germany,right,180.0,50000000.0
54137,Caiuby,2018,Brazil,So Paulo,Brazil,left,185.0,5000000.0
54235,Iker Muniain,2023,Spain,Pamplona,Spain,right,169.0,22000000.0
54383,John Fleck,2023,Scotland,Glasgow,Scotland,left,169.0,8000000.0
54581,Ilija Nestorovski,2022,,Prilep,,left,182.0,5000000.0
54846,Fabian Holland,2023,Germany,Berlin,Germany,left,172.0,1000000.0
54928,Diego Godín,2021,Uruguay,Rosario,Uruguay,right,187.0,40000000.0
54984,Diego Perotti,2021,Argentina,Moreno,Argentina,right,179.0,20000000.0
55099,Nicolas Höfler,2024,Germany,berlingen,Germany,right,181.0,4500000.0
55114,Oliver Sorg,2018,Germany,Engen,Germany,right,175.0,4000000.0
55125,Chris Löwe,2018,East Germany (GDR),Plauen,Germany,left,173.0,2000000.0
55215,Javier Pastore,2022,Argentina,Crdoba,Argentina,right,187.0,30000000.0
55338,Willian,2013,Brazil,Trs Fronteiras,Brazil,right,171.0,5000000.0
55735,Henrikh Mkhitaryan,2024,UdSSR,Yerevan,Armenia,both,177.0,37000000.0
55742,Harry Arter,2023,England,London,Ireland,left,177.0,7000000.0
55769,Danilo D'Ambrosio,2024,Italy,Napoli,Italy,right,180.0,13000000.0
55854,Cristian Ansaldi,2021,Argentina,Rosario,Argentina,both,181.0,12000000.0
55957,Álvaro González,2016,Uruguay,Montevideo,Uruguay,right,176.0,7500000.0
56067,Pablo Piatti,2021,Argentina,La Carlota,Argentina,left,163.0,9000000.0
56703,Simone Padoin,2018,Italy,Gemona del Friuli,Italy,right,177.0,4500000.0
56761,Vanderson,2020,Brazil,Dracena,Brazil,left,176.0,700000.0
56762,Pasquale Schiattarella,2020,Italy,Mugnano di Napoli,Italy,right,177.0,1600000.0
56794,Fabien Lemoine,2021,France,Fougres,France,right,175.0,6000000.0
56798,Pedro Pereira,2012,Portugal,Braga,Portugal,right,170.0,450000.0
56820,Jérémy Sorbon,2018,France,Caen,France,right,183.0,2500000.0
56830,Sebastien De Maio,2021,France,Saint-Denis,France,right,190.0,3500000.0
56912,Levan Mchedlidze,2018,UdSSR,Tiflis,Georgia,left,192.0,1500000.0
57051,Sebastian Rudy,2022,Germany,Villingen-Schwenningen,Germany,right,180.0,15000000.0
57091,Hanno Behrens,2018,Germany,Elmshorn,Germany,right,188.0,3500000.0
57216,Ismaël Traoré,2023,France,Paris,Cote d'Ivoire,right,184.0,1500000.0
57229,Paulinho,2017,Brazil,So Paulo,Brazil,right,183.0,40000000.0
57280,Giacomo Bonaventura,2023,Italy,San Severino Marche,Italy,right,180.0,24000000.0
57370,Damien Da Silva,2022,France,Talence,France,right,184.0,5500000.0
57372,Lucas Deaux,2020,France,Reims,France,right,188.0,3000000.0
57420,Lamine Koné,2020,France,Paris,Cote d'Ivoire,right,188.0,7000000.0
57467,Romain Thomas,2021,France,Landerneau,France,right,193.0,3500000.0
57482,Mohamed Youssouf,2022,France,Paris,Comoros,right,169.0,500000.0
57500,César Azpilicueta,2024,Spain,Pamplona,Spain,right,178.0,40000000.0
57598,Klaus Gjasula,2023,Albania,Tiran,Albania,both,190.0,900000.0
57825,Jorge Molina,2021,Spain,Alcoy,Spain,right,188.0,3500000.0
57840,Pedro,2012,Spain,Gijn,Spain,right,180.0,1600000.0
57842,Christopher Schindler,2018,Germany,Mnchen,Germany,right,188.0,7000000.0
57845,Tobias Strobl,2022,Germany,Mnchen,Germany,right,188.0,8000000.0
57935,Álvaro Giménez,2022,Spain,Elche,Spain,left,183.0,2500000.0
57995,Daniel Didavi,2021,Germany,Nrtingen,Germany,left,180.0,7000000.0
58124,Julian Schieber,2020,Germany,Backnang,Germany,left,186.0,8000000.0
58178,David Abraham,2020,Argentina,Chabs,Argentina,right,188.0,5000000.0
58330,Víctor Díaz,2023,Spain,Sevilla,Spain,right,183.0,2000000.0
58345,Jonathas,2018,Brazil,Belo Horizonte,Brazil,right,192.0,7000000.0
58358,Thomas Müller,2024,Germany,Weilheim in Oberbayern,Germany,right,185.0,75000000.0
58396,Christian Groß,2023,Germany,Bremen,Germany,both,182.0,500000.0
58500,Alfredo Morales,2019,Germany,Berlin,United States,right,183.0,3500000.0
58799,Salva Sevilla,2021,Spain,Berja,Spain,right,178.0,2000000.0
58864,Pierre-Emerick Aubameyang,2023,France,Laval,Gabon,right,187.0,75000000.0
58874,Ignacio Camacho,2019,Spain,Zaragoza,Spain,right,182.0,13000000.0
58995,Anthony Jung,2024,Spain,Villajoyosa,Germany,left,186.0,1500000.0
59016,David Alaba,2024,Austria,Wien,Austria,left,180.0,65000000.0
59323,Cristhian Stuani,2024,Uruguay,Tala,Uruguay,right,184.0,10000000.0
59340,Iago Falque,2020,Spain,Vigo,Spain,left,174.0,17500000.0
59344,Asier Illarramendi,2022,Spain,Mutriku,Spain,right,179.0,25000000.0
59375,David Zurutuza,2019,France,Rochefort,Spain,right,186.0,4000000.0
59551,Ángel Montoro,2021,Spain,Valencia,Spain,right,180.0,1500000.0
59606,Craig Cathcart,2021,Northern Ireland,Belfast,Northern Ireland,right,189.0,5000000.0
59699,Simone Iacoponi,2020,Italy,Pontedera,Italy,right,180.0,1600000.0
60028,Edgar Prib,2018,UdSSR,Nerjungri,Germany,left,180.0,3500000.0
60394,Philipp Klement,2021,Germany,Ludwigshafen am Rhein,Germany,left,175.0,2500000.0
60444,Thiago Alcántara,2023,Italy,San Pietro Vernotico,Spain,right,174.0,70000000.0
60525,Yoann Court,2019,France,Carpentras,France,left,172.0,2000000.0
60540,Valère Germain,2022,,Marseille,,right,181.0,10000000.0
60578,Prince Oniangué,2018,France,Paris,Congo,right,188.0,3500000.0
60583,Jérémy Pied,2021,France,Grenoble,France,right,173.0,3500000.0
60632,Theodor Gebre Selassie,2020,CSSR,Teb,Czech Republic,right,182.0,3500000.0
60889,Gary Medel,2022,Chile,Conchal,Chile,right,171.0,13000000.0
60890,Fabián Orellana,2020,Chile,San Joaqun,Chile,right,168.0,6000000.0
60957,Sebastian Polter,2023,Germany,Wilhelmshaven,Germany,right,192.0,2250000.0
60990,Bruno Ecuele Manga,2020,Gabon,Libreville,Gabon,right,186.0,6000000.0
61087,Karim Bellarabi,2022,Germany,Berlin,Germany,right,184.0,22000000.0
61253,José Callejón,2023,Spain,Motril,Spain,right,178.0,25000000.0
61511,Camillo Ciano,2018,Italy,Marcianise,Italy,left,176.0,3000000.0
61546,Facundo Roncaglia,2020,Argentina,Chajar,Argentina,right,179.0,6000000.0
61573,Jonathan Hogg,2018,England,Middlesbrough,England,right,176.0,3500000.0
61592,James Tomkins,2023,England,Basildon,England,right,192.0,8000000.0
61637,Emmanuel Rivière,2020,Martinique,Le Lamentin,Martinique,right,182.0,6000000.0
61653,Conor Hourihane,2021,Ireland,Cork,Ireland,left,181.0,7500000.0
61757,Nicola Rigoni,2018,Italy,Schio,Italy,right,185.0,2000000.0
61812,Yuri Berchiche,2024,Spain,Zarautz,Spain,left,181.0,20000000.0
61819,Charlie Daniels,2019,England,Harlow,England,left,178.0,3500000.0
61841,Adam Smith,2024,England,London,England,right,174.0,9000000.0
61891,Fábio,2022,Brazil,Petrpolis,Brazil,right,172.0,8000000.0
61892,Rafael,2020,Brazil,Petrpolis,Brazil,right,172.0,15000000.0
62144,Antoñito,2019,Spain,Herrera,Spain,right,175.0,2000000.0
62351,Abdoulaye Bamba,2024,Cote d'Ivoire,Abidjan,Cote d'Ivoire,right,182.0,3000000.0
62415,Panagiotis Tachtsidis,2019,Greece,Nafplio,Greece,left,191.0,3500000.0
62688,Scott Dann,2020,England,Liverpool,England,right,194.0,5000000.0
62920,Víctor Ruiz,2022,Spain,Esplugues de Llobregat,Spain,left,184.0,14000000.0
62945,Luis Hernández,2023,Spain,Madrid,Spain,right,182.0,3500000.0
63040,Oier Sanjurjo,2021,Spain,Estella-Lizarra,Spain,right,178.0,2000000.0
63200,Ashley Barnes,2021,England,Dunkerton,England,right,185.0,10000000.0
63290,Víctor Sánchez,2019,Spain,Terrassa,Spain,right,174.0,4000000.0
63494,Étienne Capoue,2023,France,Niort,France,right,189.0,13000000.0
63531,Kwadwo Asamoah,2020,Ghana,Accra,Ghana,left,173.0,22000000.0
63821,Aron Gunnarsson,2018,Iceland,Akureyri,Iceland,right,177.0,3000000.0
64393,Álvaro García,2012,Spain,Alicante,Spain,right,168.0,600000.0
64598,Bernardo Espinosa,2023,Colombia,Santiago de Cali,Colombia,right,192.0,7000000.0
64793,Leonardo Pavoletti,2024,Italy,Livorno,Italy,right,188.0,13000000.0
65230,Sergio Busquets,2022,Spain,Badia del Valls,Spain,right,189.0,80000000.0
65278,Pedro,2024,Spain,Santa Cruz de Tenerife,Spain,both,167.0,30000000.0
65318,Jaume Costa,2023,Spain,Valencia,Spain,left,171.0,9000000.0
65477,Troy Deeney,2021,England,Birmingham,England,right,184.0,11000000.0
65976,Hal Robson-Kanu,2020,England,London,Wales,left,183.0,3000000.0
66005,Amir Abrashi,2020,Switzerland,Bischofszell,Albania,right,172.0,2500000.0
66100,Oriol Romeu,2024,Spain,Ulldecona,Spain,right,183.0,12000000.0
66106,Sergio Canales,2022,Spain,Santander,Spain,left,178.0,25000000.0
66333,Ahmed Elmohamady,2020,Egypt,Basyoun,Egypt,right,182.0,5500000.0
66360,Daniele Ragatzu,2019,Italy,Cagliari,Italy,right,172.0,1500000.0
66736,Lisandro Magallán,2022,Argentina,La Plata,Argentina,right,185.0,6000000.0
66934,Cheikhou Kouyaté,2023,Senegal,Dakar,Senegal,right,189.0,12000000.0
67063,Danny Welbeck,2024,England,Manchester,England,right,185.0,18000000.0
67080,Víctor Laguardia,2021,Spain,Zaragoza,Spain,right,183.0,10000000.0
67082,Vitolo,2023,Spain,Las Palmas de Gran Canaria,Spain,right,184.0,30000000.0
67090,Dídac Vilà,2021,Spain,Barcelona,Spain,left,185.0,5000000.0
67252,Ryan Bennett,2019,England,Orsett,England,right,188.0,7000000.0
67420,Luke Ayling,2022,,London,,right,183.0,5000000.0
67421,Kyle Bartley,2020,England,Stockport,England,right,194.0,4000000.0
67546,Jorge Pulido,2020,Spain,Talavera de la Reina,Spain,right,186.0,3000000.0
67548,Rubén Rochina,2021,Spain,Sagunt,Spain,left,182.0,4000000.0
67639,Andrey Galabinov,2020,Bulgaria,Sofia,Bulgaria,right,192.0,1500000.0
67808,Borja García,2023,Spain,Torremocha de Jarama,Spain,right,175.0,8000000.0
67823,Damián Musto,2018,Argentina,Casilda,Argentina,right,182.0,1500000.0
68290,Neymar,2022,Brazil,Mogi das Cruzes,Brazil,right,175.0,180000000.0
68306,Alberto Paloschi,2019,Italy,Chiari,Italy,right,183.0,6000000.0
68390,Séamus Coleman,2024,Ireland,Donegal,Ireland,right,177.0,19000000.0
68718,Yoann Touzghar,2022,France,Avignon,Tunisia,right,180.0,1750000.0
68864,Kevin Strootman,2023,Netherlands,Ridderkerk,Netherlands,left,186.0,28000000.0
69633,Christian Eriksen,2024,Denmark,Middelfart,Denmark,right,182.0,100000000.0
69660,Jonás Ramalho,2021,Spain,Barakaldo,Angola,right,185.0,4000000.0
69751,Jordi Alba,2022,Spain,L'Hospitalet de Llobregat,Spain,left,170.0,70000000.0
70209,Adama Traoré,2018,Cote d'Ivoire,Bondoukou,Cote d'Ivoire,left,170.0,1500000.0
70245,Ignasi Miquel,2023,Spain,Corbera de Llobregat,Spain,left,189.0,5000000.0
70285,Jonathan Schmid,2022,France,Strasbourg,France,right,179.0,5000000.0
70411,Darko Lazović,2024,Jugoslawien (SFR),aak,Serbia,right,181.0,5000000.0
70689,Filippo Falco,2019,Italy,Taranto,Italy,left,171.0,5000000.0
70934,Nolito,2021,Spain,Sanlcar de Barrameda,Spain,right,175.0,18000000.0
70950,Mohamed Diamé,2018,France,Crteil,Senegal,right,184.0,7500000.0
71019,Bartosz Salamon,2019,Poland,Pozna,Poland,right,194.0,3500000.0
71204,Javi Moyano,2020,Spain,Jan,Spain,right,180.0,800000.0
71548,Anaitz Arbilla,2020,Spain,Pamplona,Spain,right,178.0,3000000.0
71579,Iñigo Pérez,2021,Spain,Pamplona,Spain,left,178.0,2000000.0
71905,Coke,2021,Spain,Madrid,Spain,right,176.0,4000000.0
71918,David Ferreiro,2020,Spain,Ourense,Spain,right,170.0,2000000.0
72047,Iago Aspas,2024,Spain,Moaa,Spain,left,176.0,25000000.0
72121,Johan Gastien,2023,France,Niort,France,right,179.0,1000000.0
72310,Javi López,2019,Spain,Osuna,Spain,right,180.0,3000000.0
72441,Rafael Tolói,2024,Brazil,Glria D'Oeste,Italy,right,185.0,16000000.0
72479,Clément Grenier,2022,,Annonay,,right,186.0,12000000.0
72519,Bobby Wood,2018,United States,"Honolulu, Hawaii",United States,right,180.0,4500000.0
72792,Niko Gießelmann,2022,Germany,Hannover,Germany,left,182.0,4000000.0
73484,Tom Cleverley,2021,England,Basingstoke,England,right,175.0,14000000.0
73547,Oliver Norwood,2023,England,Burnley,Northern Ireland,right,175.0,9000000.0
73636,Hernán Pérez,2018,Paraguay,Fernando de la Mora,Paraguay,right,180.0,3500000.0
73782,Adrián Ramos,2019,Colombia,Santander de Quilichao,Colombia,right,185.0,13000000.0
73794,Duván Zapata,2024,Colombia,Santiago de Cali,Colombia,right,188.0,45000000.0
73926,Davide Faraoni,2024,Italy,Bracciano,Italy,right,180.0,7000000.0
73943,Alessandro Tuia,2022,Italy,Civita Castellana,Italy,right,184.0,900000.0
74229,Koke,2024,Spain,Madrid,Spain,right,176.0,70000000.0
74230,Pablo Sarabia,2024,Spain,Madrid,Spain,left,174.0,40000000.0
74294,Nemanja Gudelj,2024,Jugoslawien (SFR),Belgrad,Serbia,right,187.0,7000000.0
74297,Gaël Kakuta,2022,France,Lille,DR Congo,left,173.0,8000000.0
74448,Andrea Rispoli,2020,Italy,Cava de Tirreni,Italy,right,188.0,2000000.0
74709,Emmanuel Imorou,2018,France,Bourges,Benin,left,181.0,2000000.0
74810,Ben Mee,2024,England,Sale,England,left,180.0,10000000.0
74869,Francis Coquelin,2024,France,Laval,France,right,177.0,24000000.0
74943,Juraj Kucka,2021,CSSR,Bojnice,Slovakia,right,186.0,9000000.0
75067,Liam Cooper,2022,England,Kingston upon Hull,Scotland,left,186.0,7000000.0
75287,Seydou Doumbia,2018,Cote d'Ivoire,Abidjan,Cote d'Ivoire,both,179.0,25000000.0
75446,Pablo de Blasis,2019,Argentina,La Plata,Argentina,right,165.0,3500000.0
75489,Niclas Füllkrug,2024,Germany,Hannover,Germany,right,189.0,15000000.0
75615,Douglas Costa,2020,Brazil,Sapucaia do Sul,Brazil,left,172.0,55000000.0
75820,Juan Aguilera,2018,Spain,Madrid,Spain,left,185.0,500000.0
75921,Christopher Trimmel,2024,Austria,Oberpullendorf,Austria,right,189.0,1200000.0
75942,Tomás Rincón,2022,Venezuela,San Cristbal,Venezuela,right,177.0,9000000.0
76055,Ronny Rodelin,2018,Runion,Saint-Denis,France,right,193.0,5000000.0
76163,Franco Vázquez,2020,Argentina,Tanti,Argentina,left,187.0,18000000.0
76277,Laurent Koscielny,2021,France,Tulle,France,right,186.0,22000000.0
76285,Toño,2017,Spain,Logroo,Spain,right,191.0,500000.0
76467,Kiko Femenía,2024,Spain,Sanet y Negrals,Spain,right,174.0,6000000.0
76746,Damián Suárez,2023,Uruguay,Montevideo,Uruguay,right,173.0,4000000.0
76902,Fernandinho,2014,Brazil,So Paulo,Brazil,left,173.0,2000000.0
77100,Lucas Moura,2022,Brazil,So Paulo,Brazil,right,172.0,40000000.0
77108,Jérôme Gondorf,2019,Germany,Karlsruhe,Germany,right,176.0,2000000.0
77760,Victor Wanyama,2019,Kenya,Nairobi,Kenya,right,184.0,30000000.0
77812,Christoph Zimmermann,2023,Germany,Dsseldorf,Germany,right,194.0,3500000.0
77826,Ryad Boudebouz,2021,France,Colmar,Algeria,left,177.0,10000000.0
78147,Fabian Klos,2021,Germany,Gifhorn,Germany,right,194.0,1000000.0
78917,Julien Faussurier,2021,France,Lyon,France,right,173.0,1750000.0
79377,Genki Haraguchi,2023,Japan,"Kumagaya, Saitama",Japan,right,178.0,4500000.0
79501,Daniel Ginczek,2021,Germany,Arnsberg,Germany,right,191.0,12000000.0
79510,Thiago Cionek,2019,Brazil,Curitiba,Poland,right,183.0,900000.0
79723,Sean Morrison,2018,England,Plymouth,England,right,194.0,5000000.0
79960,Alex Sandro,2023,Brazil,Catanduva,Brazil,left,181.0,50000000.0
79967,Simon Zoller,2024,Germany,Friedrichshafen,Germany,right,179.0,3000000.0
80173,Frédéric Sammaritano,2020,France,Vannes,France,right,162.0,1500000.0
80197,Salomón Rondón,2022,Venezuela,Caracas,Venezuela,right,186.0,17000000.0
80293,Aïssa Mandi,2024,France,Chlons-en-Champagne,Algeria,right,186.0,20000000.0
80444,Philippe Coutinho,2023,Brazil,Rio de Janeiro,Brazil,right,172.0,150000000.0
81460,Nolan Roux,2020,France,Compigne,France,right,182.0,7000000.0
81512,Christian Kabasele,2024,Zaire,Lubumbashi,Belgium,right,187.0,9000000.0
81698,Georg Teigl,2019,Austria,Wien,Austria,right,183.0,900000.0
81988,Sergi Enrich,2020,Spain,Ciutadella de Menorca,Spain,right,183.0,10000000.0
81999,Joselu,2023,Germany,Stuttgart,Spain,right,191.0,8000000.0
82009,Kevin Volland,2024,Germany,Marktoberdorf,Germany,left,179.0,35000000.0
82048,Nicola Sansone,2024,Germany,Mnchen,Italy,right,174.0,16000000.0
82070,Diego Demme,2023,Germany,Herford,Germany,right,170.0,17000000.0
82097,Christoph Kramer,2023,Germany,Solingen,Germany,right,191.0,14000000.0
82350,Stefan Bell,2024,Germany,Andernach,Germany,right,192.0,6000000.0
82442,Olivier Giroud,2023,France,Chambry,France,left,192.0,27000000.0
82503,Aridane Hernández,2024,Spain,Tuineje,Spain,right,188.0,4000000.0
82873,Pascal Groß,2024,Germany,Mannheim,Germany,right,181.0,12000000.0
83002,Hiroki Sakai,2020,Japan,"Nakano, Nagano",Japan,right,185.0,8000000.0
83132,Vincent Manceau,2021,France,Angers,France,right,176.0,2500000.0
83877,Diego Farias,2021,Brazil,Sorocaba,Brazil,right,172.0,4500000.0
84085,Timothée Kolodziejczak,2022,France,Avion,France,left,183.0,7000000.0
84150,Rafael Czichos,2021,Saudi Arabia,Djidda,Germany,left,187.0,2200000.0
84301,Benjamin André,2024,France,Nice,France,right,180.0,15000000.0
84344,Davide Santon,2021,Italy,Portomaggiore,Italy,right,187.0,10000000.0
84435,Kevin Vogt,2024,Germany,Witten,Germany,right,194.0,17000000.0
84442,Leonardo Capezzi,2022,Italy,Figline Valdarno,Italy,right,178.0,1800000.0
84467,Rafael,2020,Brazil,So Paulo,Brazil,right,187.0,2000000.0
84765,Francesco Caputo,2023,Italy,Altamura,Italy,right,181.0,7500000.0
84766,Francesco Di Tacchio,2021,Italy,Trani,Italy,left,186.0,700000.0
84835,Emanuele Giaccherini,2018,Italy,Bibbiena,Italy,right,167.0,8500000.0
84921,Lorenzo Ariaudo,2018,Italy,Torino,Italy,left,186.0,1800000.0
85000,Cebio Soukou,2020,Germany,Bochum,Benin,right,185.0,1000000.0
85177,Nathaniel Clyne,2024,England,London,England,right,175.0,21000000.0
85288,Isco,2024,Spain,Benalmdena,Spain,right,176.0,90000000.0
85295,Iván Balliu,2024,Spain,Caldes de Malavella,Albania,right,172.0,4000000.0
85324,Borja Bastón,2019,Spain,Madrid,Spain,right,186.0,10000000.0
85370,Sergi Roberto,2024,Spain,Reus,Spain,right,178.0,60000000.0
85383,Rubén Sobrino,2023,Spain,Daimiel,Spain,right,185.0,5000000.0
85393,Nicolas Viola,2024,Italy,Oppido Mamertina,Italy,left,180.0,2100000.0
85475,Federico Fernández,2022,Argentina,Tres Algarrobos,Argentina,right,190.0,9000000.0
85500,Juan Villar,2019,Spain,Aroche,Spain,right,182.0,1000000.0
85585,John Boye,2020,Ghana,Accra,Ghana,right,184.0,2500000.0
85706,Enda Stevens,2020,Ireland,Dublin,Ireland,left,183.0,7000000.0
85771,Paulinho,2022,Portugal,Porto,Portugal,right,176.0,1500000.0
85791,Stefan Lainer,2024,Austria,Salzburg,Austria,right,175.0,18000000.0
85822,Florian Hübner,2020,Germany,Wiesbaden,Germany,right,193.0,1750000.0
85867,Nico Schulz,2022,Germany,Berlin,Germany,left,180.0,25000000.0
85906,Danny da Costa,2024,Germany,Neuss,Germany,right,187.0,15000000.0
86079,Luca Siligardi,2020,Italy,Correggio,Italy,left,180.0,3000000.0
86202,Antonio Rüdiger,2024,Germany,Berlin,Germany,right,190.0,50000000.0
86759,David Silva,2013,Portugal,Coimbra,Cape Verde,left,178.0,500000.0
86792,Xherdan Shaqiri,2021,Jugoslawien (SFR),Gjilan,Switzerland,left,169.0,25000000.0
87672,Junior Stanislas,2022,England,London,England,right,183.0,4500000.0
87884,Mário Rui,2023,Portugal,Sines,Portugal,left,168.0,15000000.0
88490,Aleix Vidal,2022,Spain,Valls,Spain,right,177.0,10000000.0
88590,Shkodran Mustafi,2021,Germany,Bad Hersfeld,Germany,right,184.0,30000000.0
88647,Andreas Albers,2024,Denmark,Skive,Denmark,right,193.0,550000.0
88680,Luca Caldirola,2024,Italy,Desio,Italy,left,186.0,4000000.0
88684,Giulio Donati,2023,Italy,Pietrasanta,Italy,right,178.0,5000000.0
88706,Simone Romagnoli,2023,Italy,Cremona,Italy,right,193.0,1900000.0
88755,Kevin De Bruyne,2024,Belgium,Drongen,Belgium,right,181.0,150000000.0
89591,Felix Klaus,2020,Germany,Osnabrck,Germany,right,179.0,4500000.0
89701,Charles Aránguiz,2022,,Puente Alto,,right,171.0,15000000.0
89733,Álex Fernández,2023,Spain,Alcal de Henares,Spain,right,183.0,7500000.0
90836,Steve Cook,2022,England,Hastings,England,right,185.0,12000000.0
90964,Joe Bennett,2018,England,Rochdale,England,left,178.0,3000000.0
91059,Joshua King,2024,Norway,Oslo,Norway,right,180.0,20000000.0
91317,Ashley Westwood,2021,England,Nantwich,England,right,174.0,7000000.0
91473,Florent Ogier,2023,France,Lyon,France,right,183.0,800000.0
91763,Pablo Hernández,2017,Argentina,Tucumn,Chile,left,184.0,6000000.0
91970,Juan Cuadrado,2024,Colombia,Necocl,Colombia,right,176.0,32000000.0
92472,Akaki Gogia,2020,Georgia,Rustavi,Germany,right,178.0,1300000.0
92572,Joel Ward,2024,England,Emsworth,England,right,186.0,5000000.0
92693,Darío Benedetto,2021,Argentina,Berazategui,Argentina,right,175.0,15000000.0
92947,Sergi Gómez,2024,Spain,Arenys de Mar,Spain,right,185.0,10000000.0
93128,Kalidou Koulibaly,2022,France,Saint-Di-des-Vosges,Senegal,right,186.0,75000000.0
93604,Lukas Kübler,2024,Germany,Bonn,Germany,right,182.0,3000000.0
93678,Gaëtan Charbonnier,2022,France,Saint-Mand,France,right,188.0,2500000.0
93704,Josuha Guilavogui,2023,France,Toulon,France,right,188.0,14000000.0
93707,Christian Günter,2024,Germany,Villingen-Schwenningen,Germany,left,184.0,12000000.0
93720,Alexandre Lacazette,2024,France,Lyon,France,right,175.0,70000000.0
93726,Paul Lasne,2021,France,Saint-Cloud,France,left,186.0,2500000.0
93795,Facundo Ferreyra,2020,Argentina,Lomas de Zamora,Argentina,right,183.0,9000000.0
93827,Steven Skrzybski,2024,Germany,Berlin,Germany,right,174.0,3500000.0
93841,Ben Zolinski,2019,Germany,Berlin,Germany,right,181.0,900000.0
93844,Leonardo Bittencourt,2024,Germany,Leipzig,Germany,right,171.0,7000000.0
93922,Erik Durm,2021,Germany,Pirmasens,Germany,right,183.0,6000000.0
93935,Sergio Escudero,2022,Spain,Valladolid,Spain,left,176.0,7500000.0
94148,Fabian Schnellhardt,2023,Germany,Leinefelde,Germany,left,180.0,1000000.0
94529,Stephan El Shaarawy,2024,Italy,Savona,Italy,right,178.0,30000000.0
94771,Andreas Voglsammer,2022,Germany,Rosenheim,Germany,right,177.0,2500000.0
94936,Vincent Laurini,2020,France,Thionville,France,right,173.0,2000000.0
95336,Hervé Lybohy,2018,Cote d'Ivoire,Bouak,Niger,left,187.0,500000.0
95424,Kyle Walker,2024,England,Sheffield,England,right,183.0,50000000.0
95810,Kieran Trippier,2024,England,Bury,England,right,173.0,35000000.0
95963,Germán Sánchez,2021,Spain,San Fernando (Cdiz),Spain,right,187.0,800000.0
96341,Romelu Lukaku,2024,Belgium,Antwerpen,Belgium,left,191.0,100000000.0
96718,Óscar de Marcos,2024,Spain,Laguardia,Spain,right,182.0,10000000.0
96806,Jacopo Sala,2022,Italy,Alzano Lombardo,Italy,right,181.0,2500000.0
96828,Simone Zaza,2021,Italy,Policoro,Italy,left,186.0,25000000.0
98240,Ciaran Clark,2022,England,London,Ireland,left,185.0,6000000.0
98249,Takashi Inui,2020,Japan,"Omihachiman, Shiga",Japan,right,169.0,7500000.0
98322,Denis Cheryshev,2021,UdSSR,Nizhniy Novgorod,Russia,left,179.0,10000000.0
98349,Romain Hamouma,2022,France,Montbliard,France,right,179.0,7000000.0
98596,John Guidetti,2021,Sweden,Stockholm,Sweden,right,185.0,8000000.0
99180,Federico Santander,2021,Paraguay,Asuncin,Paraguay,right,187.0,6000000.0
99331,Jannik Vestergaard,2024,Denmark,Hvidovre,Denmark,both,199.0,20000000.0
99343,Ander Herrera,2023,Spain,Bilbao,Spain,right,182.0,30000000.0
99353,Portu,2024,Spain,Beniel,Spain,right,167.0,20000000.0
99559,Alberto Perea,2023,Spain,Albacete,Spain,right,180.0,1200000.0
99946,Mohamed Camara,2012,Guinea,Conakry,Guinea,right,180.0,150000.0
100131,William Carvalho,2024,Angola,Luanda,Portugal,right,187.0,30000000.0
100986,Thomas Meunier,2024,Belgium,Bastogne,Belgium,right,191.0,35000000.0
101213,Pedro Obiang,2023,Spain,Alcal de Henares,Equatorial Guinea,right,186.0,10000000.0
101823,Dodô,2016,Brazil,Rio de Janeiro,Brazil,right,174.0,600000.0
101922,Fabio Pisacane,2020,Italy,Napoli,Italy,right,178.0,1500000.0
102017,Jorginho,2024,Brazil,Imbituba,Italy,right,178.0,65000000.0
102423,Leandro Cabrera,2024,Uruguay,Montevideo,Uruguay,left,190.0,10000000.0
102744,Sébastien Corchia,2022,France,Noisy-le-Sec,France,right,176.0,7500000.0
102745,Luca Ceppitelli,2021,Italy,Castiglione del Lago,Italy,both,186.0,3500000.0
103427,Chris Smalling,2023,England,London,England,right,194.0,20000000.0
103565,Wahbi Khazri,2024,France,Ajaccio,Tunisia,right,176.0,16000000.0
103890,Luis Advíncula,2018,Peru,Chincha,Peru,right,178.0,3000000.0
105456,Fernando,2022,Brazil,Erechim,Brazil,right,175.0,15000000.0
105470,Alisson,2024,Brazil,Novo Hamburgo,Brazil,right,193.0,90000000.0
106270,Florian Kainz,2023,Austria,Graz,Austria,both,176.0,5000000.0
106405,Jeffrey Gouweleeuw,2024,Netherlands,Heemskerk,Netherlands,right,188.0,12000000.0
106872,Kevin Stöger,2024,Austria,Steyr,Austria,left,175.0,6000000.0
108354,Jordan Ayew,2024,France,Marseille,Ghana,right,182.0,10000000.0
108537,Jonas Hector,2022,Germany,Saarbrcken,Germany,left,185.0,20000000.0
108650,Yuya Osako,2020,Japan,"Kaseda, Kagoshima",Japan,right,184.0,6000000.0
108725,Chris Wood,2024,New Zealand,Auckland,New Zealand,right,191.0,18000000.0
109038,Dodô,2019,Brazil,Campinas,Brazil,left,177.0,7000000.0
109110,Nicolò Brighenti,2018,Italy,Bussolengo,Italy,right,178.0,1300000.0
109751,Onel Hernández,2021,Cuba,Morn,Cuba,right,172.0,4000000.0
110036,Dominique Heintz,2023,Germany,Neustadt an der Weinstrae,Germany,left,188.0,10000000.0
110338,Luca Mora,2020,Italy,Parma,Italy,left,183.0,800000.0
111038,Dennis Appiah,2024,France,Toulouse,France,right,179.0,3000000.0
111039,Ishak Belfodil,2021,Algeria,Mostaganem,Algeria,right,192.0,15000000.0
111048,Benjamin Jeannot,2019,France,Laxou,France,right,183.0,2500000.0
111051,Nampalys Mendy,2024,France,La Seyne-sur-Mer,Senegal,right,168.0,12000000.0
111057,Idriss Saadi,2020,France,Valence,Algeria,right,180.0,2000000.0
111058,Arnaud Souquet,2022,France,Paris,France,right,179.0,5000000.0
111078,Emil Forsberg,2023,Sweden,Sundsvall,Sweden,right,177.0,28000000.0
111195,Joël Veltman,2024,Netherlands,Velsen,Netherlands,right,184.0,10000000.0
111196,Stefan de Vrij,2024,Netherlands,Ouderkerk aan den IJssel,Netherlands,right,189.0,60000000.0
111266,Anthony Losilla,2024,France,Firminy,France,right,185.0,900000.0
111347,Lorenzo Tonelli,2023,Italy,Firenze,Italy,right,183.0,8500000.0
111422,Neeskens Kebano,2022,France,Montereau,DR Congo,right,170.0,5000000.0
111455,Granit Xhaka,2024,Switzerland,Basel,Switzerland,left,186.0,50000000.0
111508,Allan Nyom,2024,France,Neuilly-sur-Seine,Cameroon,right,189.0,5000000.0
111528,Anthony Gonçalves,2018,France,Chartres,France,right,179.0,600000.0
111621,Dani Ojeda,2018,Spain,Las Palmas de Gran Canaria,Spain,both,178.0,900000.0
111881,Takashi Usami,2018,Japan,"Nagaokakyo, Kyoto",Japan,right,178.0,2500000.0
111961,Suso,2024,Spain,Cdiz,Spain,left,177.0,50000000.0
112985,Jorginho,2013,Portugal,Paos de Ferreira,Portugal,right,179.0,800000.0
112988,Cédric Soares,2023,Germany,Singen,Portugal,right,171.0,15000000.0
113133,Germán Pezzella,2023,Argentina,Baha Blanca,Argentina,right,187.0,20000000.0
113707,Rémy Cabella,2024,France,Ajaccio,France,right,172.0,14000000.0
114060,Enric Gallego,2020,Spain,Bon Pastor,Spain,left,189.0,3000000.0
114093,Greg Cunningham,2018,Ireland,Carnmore,Ireland,left,183.0,4000000.0
114340,Gabriel Silva,2021,Brazil,So Paulo,Brazil,left,179.0,5000000.0
115333,Juanpe,2024,Spain,Las Palmas de Gran Canaria,Spain,right,190.0,7500000.0
117432,Kevin Behrens,2024,Germany,Bremen,Germany,both,185.0,4000000.0
117996,Phil Jones,2022,England,Preston,England,right,185.0,20000000.0
118196,Jean Zimmer,2019,Germany,Bad Drkheim,Germany,right,173.0,2750000.0
118278,Xavier Chavalerin,2022,France,Villeurbanne,France,left,179.0,5000000.0
118284,Jordan Ferri,2024,France,Cavaillon,France,right,173.0,7500000.0
118397,Alessandro Schöpf,2021,Austria,Umhausen,Austria,right,178.0,7500000.0
118689,Leonardo Spinazzola,2024,Italy,Foligno,Italy,right,186.0,26000000.0
118732,Pablo Chavarría,2019,Argentina,Las Perdices,Argentina,right,185.0,3000000.0
118847,Dominik Kohr,2024,Germany,Trier,Germany,right,183.0,8500000.0
118850,Ivan Ordets,2024,Ukraine,"Blyzhnye, Donetsk Oblast",Ukraine,right,195.0,5000000.0
119037,Philipp Hofmann,2024,Germany,Arnsberg,Germany,left,195.0,2800000.0
119085,Loris Benito,2021,Switzerland,Aarau,Switzerland,left,184.0,4000000.0
119115,Diego Falcinelli,2021,Italy,Marsciano,Italy,left,186.0,5000000.0
119164,Ezequiel Schelotto,2019,Argentina,Buenos Aires,Italy,right,187.0,6500000.0
119228,Luis Muriel,2023,Colombia,Santo Toms,Colombia,right,180.0,30000000.0
119234,Karim Onisiwo,2023,Austria,Wien,Austria,right,188.0,4500000.0
119235,Carlos Bacca,2021,Colombia,Puerto Colombia,Colombia,right,181.0,25000000.0
119269,Shane Duffy,2022,Northern Ireland,Derry,Ireland,right,193.0,12000000.0
119277,Yannick Gerhardt,2024,Germany,Wrselen,Germany,left,184.0,12000000.0
119296,Emre Can,2024,Germany,Frankfurt am Main,Germany,right,186.0,40000000.0
119369,Federico Dionisi,2018,Italy,Rieti,Italy,right,180.0,3500000.0
120095,José Campaña,2024,Spain,Sevilla,Spain,right,179.0,25000000.0
120189,Nikola Dovedan,2023,Austria,Tulln,Austria,right,172.0,2500000.0
120443,Santiago Arias,2021,Colombia,Medelln,Colombia,right,177.0,20000000.0
120651,Vincent Le Goff,2023,France,Quimper,France,left,177.0,2000000.0
120705,Juan Carlos,2024,Spain,Guadalajara,Spain,,187.0,1000000.0
121257,Adam Forshaw,2022,England,Liverpool,England,right,175.0,5000000.0
121324,John Egan,2023,Ireland,Cork,Ireland,right,185.0,13000000.0
121385,Grant Hanley,2021,Scotland,Dumfries,Scotland,right,188.0,4500000.0
121402,Ahmad Benali,2020,England,Manchester,Libya,right,173.0,3000000.0
121477,Craig Dawson,2024,England,Rochdale,England,right,188.0,8000000.0
121686,Cristian Gamboa,2024,Costa Rica,Liberia,Costa Rica,right,175.0,2000000.0
121756,Rômulo,2019,Brazil,Pelotas,Italy,right,178.0,8000000.0
121985,Juan Jesus,2024,Brazil,Belo Horizonte,Brazil,left,185.0,14000000.0
122043,Héctor Herrera,2021,Mexico,Tijuana,Mexico,right,180.0,22000000.0
122116,Nicolas de Préville,2021,France,Istres,France,right,182.0,7000000.0
122153,Paul Pogba,2023,France,Lagny-sur-Marne,France,both,191.0,100000000.0
122155,Willian José,2023,Brazil,Porto Calvo,Brazil,right,186.0,30000000.0
122797,Andy Delort,2024,France,Ste,Algeria,right,181.0,16000000.0
122840,Loïc Nego,2024,France,Paris,Hungary,right,181.0,2500000.0
123275,Tom Cairney,2024,England,Nottingham,Scotland,left,185.0,18000000.0
123551,Sam Morsy,2024,England,Wolverhampton,Egypt,right,175.0,1500000.0
123682,Callum Wilson,2024,England,Coventry,England,right,180.0,30000000.0
123742,Gastón Ramírez,2020,Uruguay,Fray Bentos,Uruguay,left,183.0,15000000.0
124002,Biagio Meccariello,2019,Italy,Benevento,Italy,right,187.0,700000.0
124028,Ismaily,2024,Brazil,Ivinhema,Brazil,left,177.0,19000000.0
124172,Danny Ward,2018,England,Bradford,England,left,180.0,1750000.0
124410,Rani Khedira,2024,Germany,Stuttgart,Germany,right,189.0,10000000.0
124517,Sebastian Kerk,2018,Germany,Bad Wurzach,Germany,left,184.0,1500000.0
124555,Cristiano Biraghi,2024,Italy,Cernusco sul Naviglio,Italy,left,185.0,12000000.0
124715,Nikola Maksimović,2024,Jugoslawien (SFR),Bajina Bata,Serbia,right,193.0,18000000.0
124732,John Brooks,2023,Germany,Berlin,United States,left,194.0,15000000.0
124769,Luca Marrone,2022,,Torino,,right,186.0,7000000.0
125020,José Luis Palomino,2024,Argentina,San Miguel de Tucumn,Argentina,left,188.0,10000000.0
125165,Jesús Corona,2023,Mexico,Hermosillo,Mexico,both,173.0,30000000.0
125314,Pontus Jansson,2022,Sweden,Arlv,Sweden,right,196.0,7000000.0
125409,Nathaniel Mendez-Laing,2018,England,Birmingham,England,right,178.0,3000000.0
125614,Sargis Adamyan,2023,Armenia,Yerevan,Armenia,right,184.0,5000000.0
125685,Luke Berry,2023,England,Bassingbourn,England,right,177.0,800000.0
125781,Antoine Griezmann,2024,France,Mcon,France,left,176.0,150000000.0
126281,Alexander Hack,2022,Germany,Memmingen,Germany,left,193.0,3000000.0
126414,Hakan Çalhanoğlu,2024,Germany,Mannheim,Trkiye,right,178.0,45000000.0
126422,Allan,2022,Brazil,Rio de Janeiro,Brazil,right,175.0,60000000.0
126534,Salif Sané,2020,France,Lormont,Senegal,right,196.0,22000000.0
126540,Samuel Umtiti,2024,Cameroon,Yaound,France,left,182.0,70000000.0
126557,Jonathan Gradit,2024,France,Talence,France,right,180.0,5000000.0
126600,Kenny McLean,2021,Scotland,Rutherglen,Scotland,left,180.0,4500000.0
126664,Lucas Digne,2024,France,Meaux,France,left,178.0,35000000.0
126673,Adama Soumaoro,2023,France,Fontenay-aux-Roses,France,right,187.0,10000000.0
126683,Tristan Dingomé,2022,France,Les Ulis,Cameroon,left,174.0,2500000.0
126699,Vincent Pajot,2021,France,Domont,France,right,180.0,3000000.0
126716,Paco Alcácer,2021,Spain,Torrent,Spain,right,175.0,50000000.0
126719,Juan Bernat,2024,Spain,Cullera,Spain,left,170.0,20000000.0
126729,Patric,2024,Spain,Mula,Spain,right,184.0,9000000.0
126737,Juanmi,2024,Spain,Con,Spain,right,172.0,15000000.0
126751,Iñigo Ruiz de Galarreta,2024,Spain,Donostia-San Sebastin,Spain,right,175.0,5000000.0
127032,Serge Aurier,2023,Cote d'Ivoire,Ouragahio,Cote d'Ivoire,right,176.0,20000000.0
127048,Cédric Bakambu,2024,France,Ivry-sur-Seine,DR Congo,right,182.0,25000000.0
127076,Jérôme Roussillon,2024,France,Sarcelles,Guadeloupe,left,175.0,20000000.0
127108,Florian Lejeune,2024,France,Paris,France,right,190.0,8000000.0
127142,Jonas Martin,2024,France,Besanon,France,right,184.0,5000000.0
127156,Téji Savanier,2024,France,Montpellier,France,right,172.0,12000000.0
127182,Thomas Monconduit,2021,France,Drancy,France,right,184.0,3500000.0
127187,Abdoulaye Doucouré,2024,France,Meulan-en-Yvelines,Mali,right,183.0,25000000.0
127189,Geoffrey Kondogbia,2024,France,Nemours,Central African Republic,left,188.0,30000000.0
127191,Formose Mendy,2015,France,Paris,France,right,187.0,1000000.0
127194,Yaya Sanogo,2019,France,Massy,France,right,194.0,2500000.0
127573,Phillipp Mwene,2024,Austria,Wien,Austria,right,170.0,3000000.0
127837,Ibai Gómez,2020,Spain,Bilbao,Spain,right,178.0,5000000.0
128220,Luis Alberto,2023,Spain,San Jos del Valle,Spain,right,183.0,55000000.0
128295,Tito,2018,Spain,Madrid,Spain,right,174.0,2500000.0
128900,Nathaniel Chalobah,2022,Sierra Leone,Freetown,England,right,185.0,7000000.0
128901,Conor Coady,2024,England,Liverpool,England,right,185.0,25000000.0
128904,Ben Gibson,2021,England,Nunthorpe,England,left,185.0,15000000.0
128909,Jack Robinson,2023,England,Warrington,England,left,180.0,2500000.0
129078,Nathan Redmond,2023,England,Birmingham,England,right,173.0,20000000.0
129129,João Pedro,2022,Brazil,Ipatinga,Italy,right,184.0,18000000.0
129444,David López,2024,Spain,Barcelona,Spain,right,185.0,15000000.0
129473,Rafinha,2021,Brazil,So Paulo,Brazil,left,174.0,28000000.0
129476,Gerard Deulofeu,2023,Spain,Riudarenes,Spain,right,177.0,25000000.0
129627,Charlie Austin,2020,England,Hungerford,England,right,188.0,13000000.0
129674,Jeremy Toljan,2023,Germany,Stuttgart,Germany,right,182.0,6000000.0
129693,Gaku Shibasaki,2018,Japan,"Noheji, Aomori",Japan,right,174.0,3000000.0
130360,Simone Verdi,2023,Italy,Broni,Italy,both,174.0,25000000.0
130365,Alessandro Florenzi,2024,Italy,Roma,Italy,right,173.0,30000000.0
130394,Gianluca Lapadula,2023,Italy,Torino,Peru,left,178.0,8000000.0
130485,Alfredo Donnarumma,2019,Italy,Torre Annunziata,Italy,right,180.0,6000000.0
130765,Stuart Armstrong,2022,Scotland,Inverness,Scotland,right,183.0,8000000.0
131075,Francesco Acerbi,2024,Italy,Vizzolo Predabissi,Italy,left,192.0,15000000.0
131102,Jeison Murillo,2022,Colombia,Barranquilla,Colombia,right,182.0,18000000.0
131109,Gastón Brugman,2020,Uruguay,Rosario,Uruguay,right,175.0,2800000.0
131225,Nicolás Tagliafico,2024,Argentina,Rafael Calzada,Argentina,left,171.0,35000000.0
131248,Joel Campbell,2018,Costa Rica,San Jos,Costa Rica,left,178.0,8000000.0
131667,Ramon Azeez,2020,Nigeria,Abuja,Nigeria,right,170.0,3000000.0
131827,Jere Uronen,2022,Finland,Turku,Finland,left,177.0,3500000.0
131978,Ross Barkley,2024,England,Liverpool,England,right,189.0,30000000.0
132098,Harry Kane,2024,England,London,England,right,188.0,150000000.0
133731,Patrick Mainka,2024,Germany,Gtersloh,Germany,right,194.0,3000000.0
133964,Lorenzo Insigne,2021,Italy,Frattamaggiore,Italy,right,163.0,75000000.0
134270,Dan Burn,2024,England,Blyth,England,left,201.0,12000000.0
134294,Danny Ings,2024,England,Winchester,England,right,177.0,22000000.0
134369,Andrea Tabanelli,2019,Italy,Ravenna,Italy,right,192.0,900000.0
134425,Raheem Sterling,2024,Jamaica,Kingston,England,right,170.0,160000000.0
134883,Daniele Baselli,2021,Italy,Manerbio,Italy,right,182.0,10000000.0
134936,Jesé,2022,,Las Palmas de Gran Canaria,,right,178.0,15000000.0
134983,Andrea La Mantia,2021,Italy,Marino,Italy,right,190.0,2500000.0
135343,Fabian Schär,2024,Switzerland,Wil,Switzerland,right,186.0,16000000.0
135492,Youssouf Sabaly,2024,France,Chesnay,Senegal,right,173.0,10000000.0
135617,Thiago Mendes,2022,Brazil,So Lus,Brazil,right,177.0,25000000.0
136133,Andrea Schiavone,2021,Italy,Torino,Italy,right,176.0,900000.0
136501,Kadeem Harris,2018,England,London,England,right,174.0,1500000.0
137841,Romain Amalfitano,2020,France,Nizza,France,right,175.0,2000000.0
138055,Haris Belkebla,2024,France,Drancy,Algeria,right,177.0,4000000.0
138584,Luka Krajnc,2018,Slovenia,Ptuj,Slovenia,left,187.0,1800000.0
138803,Francisco Portillo,2022,Spain,Mlaga,Spain,right,169.0,4000000.0
138935,Sergio Álvarez,2020,Spain,Avils,Spain,right,183.0,3000000.0
139208,Virgil van Dijk,2024,Netherlands,Breda,Netherlands,right,195.0,100000000.0
139279,Nicolas Pallois,2024,France,Elbeuf,France,left,189.0,3500000.0
139435,Dani Rodríguez,2024,Spain,Betanzos,Spain,right,178.0,1500000.0
140191,Ryan Fredericks,2023,England,Potters Bar,England,right,181.0,7000000.0
140559,Raffaele Maiello,2018,Italy,Acerra,Italy,right,177.0,1600000.0
140682,Rômulo,2016,Brazil,Picos,Brazil,right,185.0,7000000.0
140757,Daniel Bessa,2021,Brazil,San Paolo,Italy,right,178.0,5000000.0
140776,Yannick Carrasco,2023,Belgium,Ixelles,Belgium,right,181.0,40000000.0
141050,Danilo Pereira,2023,Guinea-Bissau,Bissau,Portugal,right,188.0,30000000.0
141660,Jesse Lingard,2022,England,Warrington,England,right,174.0,40000000.0
141834,Cristian Tello,2021,Spain,Sabadell,Spain,both,178.0,12000000.0
142021,Sergi Darder,2024,Spain,Art,Spain,right,180.0,16000000.0
142027,Pablo Hervías,2020,Spain,Logroo,Spain,right,174.0,1500000.0
142031,Omar Mascarell,2024,Spain,Santa Cruz de Tenerife,Equatorial Guinea,right,181.0,14000000.0
142281,Anthony Ujah,2021,Nigeria,Ugbokolo,Nigeria,right,180.0,5500000.0
142310,Willy Boly,2024,France,Melun,Cote d'Ivoire,right,195.0,18000000.0
144028,Leandro Trossard,2024,Belgium,Waterschei,Belgium,right,172.0,38000000.0
144143,Bartosz Bereszyński,2023,Poland,Pozna,Poland,right,183.0,12000000.0
145115,Valon Berisha,2021,Sweden,Malm,Kosovo,right,176.0,10000000.0
145466,Tim Ream,2023,United States,"St. Louis, Missouri",United States,left,186.0,4000000.0
145707,Danilo,2023,Brazil,Bicas,Brazil,right,184.0,25000000.0
145769,Sergio León,2022,Spain,La Palma del Ro,Spain,right,176.0,5000000.0
146310,Wataru Endo,2024,Japan,"Yokohama, Kanagawa",Japan,right,178.0,13000000.0
146509,Conor Townsend,2024,England,Hessle,England,left,183.0,2500000.0
146690,George Baldock,2023,England,Buckingham,Greece,right,178.0,6500000.0
146752,Gianluca Caprari,2024,Italy,Roma,Italy,right,171.0,10000000.0
146795,Ryan Fraser,2024,Scotland,Aberdeen,Scotland,right,163.0,30000000.0
146854,Wissam Ben Yedder,2023,France,Sarcelles,France,both,170.0,50000000.0
147038,Cédric Brunner,2022,Switzerland,Zollikon,Switzerland,right,180.0,3200000.0
147485,Louis Schaub,2021,Germany,Fulda,Austria,left,177.0,4000000.0
147573,Sebastian Andersson,2022,Sweden,ngelholm,Sweden,right,190.0,7000000.0
148153,Lewis Dunk,2024,England,Brighton,England,right,192.0,27000000.0
148262,Jeff Hendrick,2023,Ireland,Dublin,Ireland,right,185.0,11000000.0
148367,Christian Nørgaard,2024,Denmark,Kbenhavn,Denmark,right,187.0,20000000.0
148368,Divock Origi,2023,Belgium,Oostende,Belgium,right,189.0,20000000.0
148455,Mohamed Salah,2024,Egypt,"Nagrig, Basyoun",Egypt,left,175.0,150000000.0
148928,Saúl Ñíguez,2024,Spain,Elche,Spain,left,184.0,90000000.0
149231,Fidel,2022,Spain,Dehesa de Riotinto,Spain,left,180.0,3000000.0
149249,Ewerton,2018,Brazil,Penedo,Brazil,left,188.0,5500000.0
149716,Ivan Cavaleiro,2023,Portugal,Vila Franca de Xira,Angola,right,175.0,12000000.0
149928,Jubal,2024,Brazil,Inhumas,Brazil,right,190.0,2000000.0
152963,Florian Niederlechner,2022,Germany,Ebersberg,Germany,right,187.0,10000000.0
153084,Leon Goretzka,2024,Germany,Bochum,Germany,right,189.0,70000000.0
153207,William,2018,Brazil,Juiz de Fora,Brazil,right,182.0,1500000.0
153238,Jonathan Viera,2023,Spain,Las Palmas de Gran Canaria,Spain,right,171.0,10000000.0
153427,Bebé,2023,Portugal,Lisboa,Cape Verde,right,190.0,3000000.0
153555,Sebastian Griesbeck,2021,Germany,Ulm,Germany,right,189.0,1250000.0
153661,Tobias Mohr,2022,Germany,Aachen,Germany,left,183.0,1800000.0
154059,Charles,2019,Brazil,Belem,Brazil,right,179.0,3000000.0
154147,Hauke Wahl,2024,Germany,Hamburg,Germany,right,189.0,2000000.0
154171,Benjamin Corgnet,2019,France,Thionville,France,right,179.0,6500000.0
154199,Wesley Lautoa,2020,France,pernay,Neukaledonien,left,184.0,3000000.0
154209,Romain Métanire,2018,France,Metz,Madagascar,right,178.0,2000000.0
154396,Danilo Soares,2023,Brazil,Belo Horizonte,Brazil,left,170.0,2200000.0
155423,Varazdat Haroyan,2021,Armenia,Yerevan,Armenia,right,185.0,1200000.0
156501,Felipe,2023,Brazil,Mogi das Cruzes,Brazil,right,190.0,32000000.0
156779,Erik Thommy,2021,Germany,Ulm,Germany,right,175.0,6000000.0
156808,Unai Bustinza,2019,Spain,Bilbao,Spain,right,174.0,4000000.0
157058,Ibrahim Sissoko,2020,Cote d'Ivoire,Abidjan,Cote d'Ivoire,left,174.0,1750000.0
157491,Jordan Ikoko,2018,France,Montereau,DR Congo,right,178.0,1500000.0
157495,Benjamin Mendy,2023,France,Longjumeau,France,left,185.0,45000000.0
157509,Kurt Zouma,2023,France,Lyon,France,right,190.0,35000000.0
157635,Yussuf Poulsen,2024,Denmark,Kbenhavn,Denmark,right,192.0,35000000.0
157672,Vladimír Coufal,2024,CSSR,Ostrava,Czech Republic,right,174.0,12000000.0
158623,Cyrus Christie,2020,England,Coventry,Ireland,right,188.0,3500000.0
158704,Jon Ander Garrido,2022,Spain,Bilbao,Spain,right,185.0,800000.0
158764,Stuart Dallas,2022,Northern Ireland,Cookstown,Northern Ireland,right,183.0,4000000.0
158791,Sergio Postigo,2021,Spain,Madrid,Spain,right,185.0,3000000.0
158795,David Timor,2021,Spain,Carcaixent,Spain,left,185.0,2000000.0
158863,Iñigo Martínez,2024,Spain,Ondarroa,Spain,left,182.0,32000000.0
159372,Felipe Anderson,2023,Brazil,Braslia,Brazil,right,175.0,45000000.0
159471,Serge Gnabry,2024,Germany,Stuttgart,Germany,right,176.0,90000000.0
159844,Christopher Lenz,2024,Germany,Berlin,Germany,left,180.0,5000000.0
159883,Ernesto Torregrossa,2021,Italy,Caltanissetta,Venezuela,left,184.0,6000000.0
160182,José Ángel,2014,Spain,Salamanca,Spain,right,187.0,400000.0
160241,Kevin Akpoguma,2024,Germany,Neustadt an der Weinstrae,Nigeria,right,192.0,12000000.0
160438,Mohamed Elneny,2023,Egypt,Mahalla,Egypt,right,179.0,11000000.0
160560,Gaetano Letizia,2020,Italy,Napoli,Italy,both,173.0,2500000.0
160561,Fabio Lucioni,2019,Italy,Terni,Italy,left,185.0,900000.0
160968,Benno Schmitz,2023,Germany,Mnchen,Germany,right,182.0,3000000.0
161056,Joshua Kimmich,2024,Germany,Rottweil,Germany,right,177.0,90000000.0
161060,Streli Mamba,2019,Germany,Gppingen,Germany,right,177.0,2000000.0
161204,Julian Green,2021,United States,"Tampa, Florida",United States,right,173.0,2000000.0
161267,Josep Señé,2019,Spain,Sant Cugat del Valls,Spain,right,184.0,500000.0
161869,Djibril Sidibé,2024,France,Troyes,France,right,183.0,23000000.0
162029,Javier Manquillo,2024,Spain,Madrid,Spain,right,178.0,6000000.0
162056,Gonzalo Melero,2023,Spain,Madrid,Spain,right,183.0,7500000.0
162074,Álvaro Vadillo,2021,Spain,Puerto Real,Spain,right,180.0,5000000.0
162434,Niklas Stark,2024,Germany,Neustadt an der Aisch,Germany,right,190.0,20000000.0
162961,Valerio Verre,2022,Italy,Roma,Italy,both,181.0,4000000.0
163058,Fabinho,2013,Brazil,Guarulhos,Brazil,left,178.0,800000.0
163086,Cristiano Piccini,2021,Italy,Firenze,Italy,right,189.0,10000000.0
163216,Dimitri Bisoli,2019,Italy,Cagliari,Italy,right,180.0,3500000.0
163222,Grégoire Defrel,2023,France,Meudon,France,left,179.0,12000000.0
163532,Adam Smith,2014,England,Sunderland,England,,,250000.0
163582,Salvatore Molina,2022,Italy,Garbagnate Milanese,Italy,right,177.0,1400000.0
163744,Jack Stephens,2024,England,Torpoint,England,right,185.0,8000000.0
164055,David Juncà,2020,Spain,Girona,Spain,left,178.0,3000000.0
164108,Bruno Martella,2019,Italy,Atri,Italy,left,184.0,2200000.0
164230,Nicolas Benezet,2018,France,Montpellier,France,right,170.0,4000000.0
164534,Francesco Forte,2021,Italy,Roma,Italy,left,187.0,2700000.0
164771,Jordan Veretout,2024,France,Ancenis,France,right,177.0,35000000.0
165007,Denis Suárez,2024,Spain,Salceda de Caselas,Spain,right,176.0,18000000.0
165513,Berat Djimsiti,2024,Switzerland,Zrich,Albania,right,190.0,22000000.0
165531,Jacopo Dezi,2021,Italy,Atri,Italy,right,178.0,2800000.0
165722,Antonio Di Gaudio,2018,Italy,Palermo,Italy,right,169.0,2000000.0
165793,Takumi Minamino,2024,Japan,"Izumisano, Osaka",Japan,right,172.0,20000000.0
165873,Federico Barba,2020,Italy,Roma,Italy,left,185.0,2000000.0
166237,Leandro Paredes,2024,Argentina,San Justo,Argentina,right,180.0,40000000.0
166240,Jürgen Locadia,2021,Netherlands,Emmen,Netherlands,right,193.0,15000000.0
166601,Niklas Süle,2024,Germany,Frankfurt am Main,Germany,right,195.0,60000000.0
166677,Brian Oliván,2024,Spain,Barcelona,Spain,left,175.0,6000000.0
167329,Alassane Pléa,2024,France,Lille,France,right,181.0,38000000.0
167444,Luca Paganini,2018,Italy,Roma,Italy,right,177.0,1700000.0
167472,Youssouf M'Changama,2022,France,Marseille,Comoros,right,175.0,1500000.0
167491,Stefano Sabelli,2024,Italy,Roma,Italy,right,176.0,2000000.0
167796,Paolo Faragò,2021,Italy,Catanzaro,Italy,right,187.0,6000000.0
168933,Eddy Gnahoré,2019,France,Villeneuve-la-Garenne,France,right,188.0,4000000.0
168959,Nemanja Radoja,2021,Yugoslavia (Republic),Novi Sad,Serbia,right,186.0,8000000.0
168989,Silvan Widmer,2024,Switzerland,Aarau,Switzerland,right,183.0,9000000.0
169497,Juan Cruz,2024,Spain,Madrid,Spain,left,182.0,2500000.0
169555,Callum Paterson,2018,England,London,Scotland,right,183.0,5000000.0
169801,Cauley Woodrow,2023,England,Hemel Hempstead,England,right,184.0,3500000.0
169880,Giovanni Di Lorenzo,2024,Italy,Castelnuovo di Garfagnana,Italy,right,183.0,25000000.0
170321,Paul Dummett,2023,England,Newcastle upon Tyne,Wales,left,183.0,7000000.0
170472,Dimitri Foulquier,2024,France,Sarcelles,Guadeloupe,right,183.0,4000000.0
170527,Timo Werner,2024,Germany,Stuttgart,Germany,right,180.0,80000000.0
170961,Thomas Delaine,2024,France,Lens,France,left,180.0,2000000.0
170966,Jérémie Bela,2023,France,Melun,Angola,right,173.0,3000000.0
171209,Branimir Hrgota,2021,Bosnia-Herzegovina,Zenica,Sweden,left,185.0,3500000.0
171362,Pablo Insua,2020,Spain,A Corua,Spain,right,187.0,4000000.0
171399,Nicola Murru,2022,Italy,Cagliari,Italy,left,180.0,7000000.0
173504,James Tarkowski,2024,England,Manchester,England,right,185.0,28000000.0
173859,Davide Zappacosta,2024,Italy,Sora,Italy,right,182.0,20000000.0
173900,Hélder Costa,2021,Angola,Luanda,Angola,left,179.0,15000000.0
174094,Morgan Sanson,2024,France,Saint-Doulchard,France,right,180.0,28000000.0
174196,Kenny Lala,2024,France,Villepinte,France,right,178.0,14000000.0
174304,Rémy Dugimont,2022,France,Saint-Cloud,France,right,182.0,900000.0
175014,Youcef Belaïli,2022,,Oran,,right,182.0,3000000.0
175323,Óscar Duarte,2021,Nicaragua,Catarina,Costa Rica,right,186.0,4000000.0
175449,Moi Gómez,2024,Spain,Rojales,Spain,right,176.0,10000000.0
175639,Jonathan Clauss,2024,France,Strasbourg,France,right,178.0,15000000.0
175722,Eric Dier,2024,England,Cheltenham,England,right,191.0,40000000.0
176140,Rodrigo Ely,2022,Brazil,Lajeado,Brazil,right,188.0,6000000.0
176553,Aymeric Laporte,2023,France,Agen,Spain,left,191.0,75000000.0
177046,Rubén Duarte,2023,Spain,Almera,Spain,left,179.0,6000000.0
177065,Florin Andone,2021,Romania,Joldeti,Romania,right,181.0,6000000.0
177452,Abdón Prats,2024,Spain,Art,Spain,left,181.0,2000000.0
177467,Gerard Moreno,2024,Spain,Santa Perptua de Mogoda,Spain,left,180.0,40000000.0
177476,Nathan Aké,2024,Netherlands,Den Haag,Netherlands,left,180.0,42000000.0
177779,Janik Haberer,2024,Germany,Wangen im Allgu,Germany,right,187.0,10000000.0
177843,Domenico Berardi,2023,Italy,Cariati,Italy,left,183.0,35000000.0
177847,Adnan Januzaj,2024,Belgium,Brussel,Belgium,left,186.0,15000000.0
177907,Harry Maguire,2024,England,Sheffield,England,right,194.0,70000000.0
178187,Álex Alegría,2019,Spain,Plasencia,Spain,right,191.0,2000000.0
178313,Jean-Eudes Aholou,2024,Cote d'Ivoire,Yopougon,Cote d'Ivoire,left,186.0,10000000.0
178459,Davie Selke,2023,Germany,Schorndorf,Germany,right,195.0,20000000.0
179635,Philipp Förster,2023,Germany,Bretten,Germany,left,188.0,3500000.0
180337,Sardar Azmoun,2023,Iran,"Gonbad-e Kavus, Golestan",Iran,both,186.0,25000000.0
181136,Piotr Zieliński,2024,Poland,Zbkowice lskie,Poland,both,180.0,50000000.0
181378,Gaëtan Laborde,2024,France,Mont-de-Marsan,France,left,181.0,18000000.0
181382,Abdoulaye Touré,2024,France,Nantes,Guinea,right,188.0,10000000.0
181547,Gonçalo Paciência,2023,Portugal,Porto,Portugal,right,184.0,15000000.0
181579,James Ward-Prowse,2024,England,Portsmouth,England,right,177.0,38000000.0
181768,Hernani,2024,Brazil,So Gonalo do Sapuca,Brazil,both,188.0,6500000.0
181773,Charles,2024,Brazil,Belo Horizonte,Brazil,right,186.0,2000000.0
181778,Emerson,2024,Brazil,Santos,Italy,left,176.0,30000000.0
182574,Jean-Paul Boëtius,2022,Netherlands,Rotterdam,Netherlands,right,178.0,6000000.0
182579,Karim Rekik,2022,Netherlands,Den Haag,Netherlands,left,186.0,15000000.0
182712,João Cancelo,2023,Portugal,Barreiro,Portugal,right,182.0,70000000.0
182875,Jean-Charles Castelletto,2024,France,Clamart,Cameroon,both,186.0,5000000.0
182889,Wylan Cyprien,2021,Guadeloupe,Les Abymes,France,right,180.0,18000000.0
182893,Seko Fofana,2024,France,Paris,Cote d'Ivoire,right,185.0,32000000.0
182904,Clément Lenglet,2024,France,Beauvais,France,left,186.0,60000000.0
182913,Adrien Rabiot,2024,France,Saint-Maurice,France,left,191.0,50000000.0
182916,Wesley Saïd,2024,France,Noisy-le-Grand,France,right,171.0,8000000.0
183031,Koffi Djidji,2023,France,Bagnolet,Cote d'Ivoire,right,184.0,5000000.0
183288,Luke Shaw,2024,England,London,England,left,178.0,42000000.0
183293,Joe Rothwell,2023,England,Manchester,England,right,185.0,4000000.0
183299,Callum Robinson,2020,England,Northampton,Ireland,right,178.0,8000000.0
183302,Ben Pearson,2022,,Oldham,,right,176.0,3000000.0
183318,Jamaal Lascelles,2024,England,Derby,England,right,188.0,18000000.0
183334,Patrick Bamford,2022,England,Grantham,England,left,185.0,22000000.0
183647,Álvaro González,2021,Spain,Potes,Spain,right,182.0,9000000.0
183720,Anwar El Ghazi,2023,Netherlands,Barendrecht,Netherlands,right,189.0,13000000.0
183780,Paul Seguin,2022,Germany,Magdeburg,Germany,right,185.0,3000000.0
183841,Petar Stojanović,2023,Slovenia,Ljubljana,Slovenia,right,178.0,3000000.0
184129,Jordan Clark,2023,England,Hoyland,England,right,183.0,1000000.0
184491,Naïm Sliti,2018,France,Marseille,Tunisia,right,173.0,8000000.0
184528,Emil Krafth,2024,Sweden,Ljungby,Sweden,right,184.0,5000000.0
184573,Victor Lindelöf,2024,Sweden,Vsters,Sweden,right,187.0,35000000.0
184672,Guido Carrillo,2021,Argentina,Magdalena,Argentina,right,191.0,18000000.0
184779,Gonzalo Verdú,2022,Spain,Cartagena,Spain,right,188.0,800000.0
184892,Florian Thauvin,2024,France,Orlans,France,left,181.0,50000000.0
184894,Alfred Duncan,2024,Ghana,Accra,Ghana,left,178.0,18000000.0
184922,Ambroise Oyongo,2021,Cameroon,Ndikinimki,Cameroon,left,176.0,4000000.0
184935,Kalifa Coulibaly,2021,Mali,Bamako,Mali,right,197.0,5000000.0
185077,Vincenzo Grifo,2024,Germany,Pforzheim,Italy,right,180.0,12000000.0
185699,Tim Leibold,2018,Germany,Bblingen,Germany,left,174.0,4000000.0
186368,Valentino Lazaro,2024,Austria,Graz,Austria,right,181.0,19000000.0
186399,Thiago Galhardo,2021,Brazil,So Joo del Rei,Brazil,right,183.0,2500000.0
186477,Herbert Bockhorn,2021,Uganda,Kampala,Germany,right,176.0,800000.0
186590,John Stones,2024,England,Barnsley,England,right,188.0,60000000.0
186862,Enzo Roco,2022,Chile,Ovalle,Chile,right,192.0,3000000.0
186988,Sven Michel,2023,Germany,Freudenberg,Germany,left,177.0,1250000.0
187384,Cristian Buonaiuto,2022,Italy,Napoli,Italy,right,179.0,1000000.0
187491,Timo Baumgartl,2022,Germany,Bblingen,Germany,right,190.0,15000000.0
187492,Julian Brandt,2024,Germany,Bremen,Germany,right,185.0,50000000.0
187587,Ante Rebić,2024,Croatia,Split,Croatia,right,185.0,40000000.0
187947,Danilo,2012,Brazil,Porto dos Gachos,Brazil,right,181.0,250000.0
188077,Ryan Christie,2024,Scotland,Inverness,Scotland,left,178.0,12000000.0
188157,Sebastián Cristóforo,2019,Uruguay,Montevideo,Uruguay,right,175.0,3000000.0
188838,Bruno González,2020,Spain,Las Galletas,Spain,right,184.0,3000000.0
188888,Sheraldo Becker,2024,Netherlands,Amsterdam,Suriname,right,180.0,17000000.0
188915,Naomichi Ueda,2020,Japan,"Uto, Kumamoto",Japan,right,186.0,1500000.0
189441,Lucas Ocampos,2023,Argentina,Quilmes,Argentina,both,187.0,50000000.0
189453,Jonathan Silva,2021,Argentina,La Plata,Argentina,left,178.0,4000000.0
189458,Emiliano Velázquez,2018,Uruguay,Montevideo,Uruguay,right,184.0,4000000.0
190289,Gerrit Holtmann,2024,Germany,Bremerhaven,Philippines,left,185.0,4500000.0
190338,Anthony Briançon,2024,France,Avignon,France,right,185.0,5000000.0
190393,Corentin Tolisso,2024,France,Tarare,France,right,181.0,45000000.0
190685,Bouna Sarr,2023,France,Lyon,Senegal,right,178.0,9000000.0
190780,Emiliano Sala,2018,Argentina,Culul,Argentina,right,187.0,16000000.0
190786,Baptiste Reynet,2020,France,Romans,France,right,185.0,5000000.0
191217,Héctor Bellerín,2024,Spain,Badalona,Spain,right,178.0,40000000.0
191359,Florian Pick,2023,Germany,Wittlich,Germany,right,176.0,900000.0
191891,Arkadiusz Milik,2024,Poland,Tychy,Poland,left,186.0,40000000.0
192009,Unai López,2024,Spain,Donostia-San Sebastin,Spain,right,170.0,12000000.0
192169,Jonas Föhrenbach,2024,Germany,Freiburg im Breisgau,Germany,left,184.0,2000000.0
192492,Jordan Lefort,2024,France,Champigny-sur-Marne,France,left,184.0,3000000.0
192557,Jackson Irvine,2024,Australia,Melbourne,Australia,right,189.0,3500000.0
192565,Leroy Sané,2024,Germany,Essen,Germany,left,183.0,100000000.0
192616,Ulisses Garcia,2024,Portugal,Almada,Switzerland,left,182.0,4000000.0
192635,Nico Elvedi,2024,Switzerland,Zrich,Switzerland,right,189.0,35000000.0
192638,Nicolas Haas,2024,Switzerland,Sursee,Switzerland,right,178.0,3500000.0
192735,Stanislav Lobotka,2024,Slovakia,Trenn,Slovakia,right,168.0,40000000.0
192736,Sabin Merino,2019,Spain,Urduliz,Spain,right,187.0,3000000.0
192765,Ben Davies,2024,Wales,Neath,Wales,left,181.0,25000000.0
193004,Waldemar Anton,2024,Uzbekistan,Almalyk,Germany,right,189.0,24000000.0
193033,Tim Kleindienst,2024,Germany,Jterbog,Germany,both,194.0,17000000.0
193098,Álex Moreno,2024,Spain,Vilafranca Del Peneds,Spain,left,179.0,20000000.0
193116,John McGinn,2024,Scotland,Glasgow,Scotland,left,178.0,32000000.0
193130,Rachid Alioui,2021,France,La Rochelle,Morocco,right,186.0,5000000.0
193534,Hamadi Al Ghaddioui,2021,Germany,Bonn,Morocco,right,190.0,850000.0
193782,Lucas Alario,2023,Argentina,"Tostado, Santa Fe",Argentina,right,185.0,20000000.0
193784,Carlos Clerc,2022,Spain,Badalona,Spain,left,181.0,3000000.0
193867,Liam Henderson,2024,Scotland,Livingston,Scotland,right,183.0,3000000.0
193877,Pascal Köpke,2019,Germany,Hanau,Germany,right,178.0,2000000.0
194460,Joe Bryan,2022,England,Bristol,England,left,170.0,7000000.0
195171,Samu Castillejo,2023,Spain,Mlaga,Spain,left,182.0,18000000.0
195246,Pascal Stenzel,2024,Germany,Bnde,Germany,right,183.0,6500000.0
195605,José Pozo,2023,Spain,Mlaga,Spain,left,171.0,3000000.0
195633,Charlie Taylor,2024,England,York,England,left,183.0,7000000.0
195652,Jordon Ibe,2019,England,London,England,right,176.0,10000000.0
195680,Joe Ralls,2018,England,Aldershot,England,left,178.0,5000000.0
195736,Florian Grillitsch,2024,Austria,Neunkirchen,Austria,right,187.0,25000000.0
195762,Víctor García,2019,Venezuela,Ca,Venezuela,right,178.0,1500000.0
196095,Luca Waldschmidt,2023,Germany,Siegen,Germany,left,181.0,20000000.0
196357,Jonathan Tah,2024,Germany,Hamburg,Germany,right,195.0,40000000.0
196435,Saidy Janko,2022,Switzerland,Zrich,The Gambia,right,181.0,3000000.0
196792,Julian Weigl,2024,Germany,Bad Aibling,Germany,right,186.0,30000000.0
196815,Joshua Mees,2020,Germany,Lebach,Germany,both,180.0,1000000.0
196948,Andreas Christensen,2024,Denmark,Lillerd,Denmark,right,187.0,40000000.0
197122,Unai García,2024,Spain,Esquiroz,Spain,right,186.0,2500000.0
197300,Federico Bernardeschi,2021,Italy,Carrara,Italy,left,183.0,45000000.0
197473,Alberto Grassi,2024,Italy,Lumezzane,Italy,right,183.0,7000000.0
197491,Alex Ferrari,2022,Italy,Modena,Italy,right,191.0,2500000.0
197545,Ander Capa,2022,Spain,Portugalete,Spain,right,175.0,7500000.0
197747,Alessio Romagnoli,2024,Italy,Anzio,Italy,left,185.0,50000000.0
197751,Alberto Cerri,2023,Italy,Parma,Italy,right,194.0,7500000.0
197838,Jamie Vardy,2024,England,Sheffield,England,right,179.0,20000000.0
198008,André Silva,2024,Portugal,Baguim do Monte,Portugal,right,186.0,45000000.0
198116,Federico Dimarco,2024,Italy,Milano,Italy,left,175.0,60000000.0
198516,Harry Toffolo,2024,England,Welwyn Garden City,England,left,183.0,5000000.0
198589,Lewis Baker,2021,England,Luton,England,right,182.0,5500000.0
198709,Cédric Hountondji,2024,France,Toulouse,Benin,right,194.0,3000000.0
199248,Bryan Cristante,2024,Italy,San Vito al Tagliamento,Italy,right,186.0,25000000.0
199258,Andrea Petagna,2024,Italy,Trieste,Italy,left,190.0,20000000.0
199341,Óscar Gil,2017,Spain,Peralta/Azkoien,Spain,right,184.0,700000.0
199369,Sandro Ramírez,2024,Spain,Las Palmas de Gran Canaria,Spain,right,174.0,10000000.0
199527,Jacob Murphy,2024,England,London,England,right,179.0,16000000.0
199528,Josh Murphy,2018,England,London,England,right,173.0,10000000.0
199704,Yunis Abdelhamid,2024,France,Montpellier,Morocco,left,190.0,2500000.0
199733,Danilo Cataldi,2024,Italy,Roma,Italy,right,180.0,10000000.0
199941,Andrea Beghetto,2018,Italy,Perugia,Italy,left,182.0,2000000.0
199953,Caleb Ekuban,2024,Italy,Villafranca di Verona,Ghana,right,182.0,7000000.0
200056,Elseid Hysaj,2024,Albania,Shkodr,Albania,right,182.0,25000000.0
200512,Sadio Mané,2022,Senegal,Bambaly,Senegal,right,174.0,150000000.0
201737,Christopher Jullien,2024,France,Lagny-sur-Marne,France,right,196.0,6500000.0
202318,Farid Boulaya,2021,France,Vitrolles,Algeria,right,180.0,5500000.0
202591,Benjamin Henrichs,2024,Germany,Bocholt,Germany,right,185.0,20000000.0
202886,Ruben Loftus-Cheek,2024,England,London,England,right,191.0,30000000.0
202984,Roque Mesa,2022,Spain,Telde,Spain,right,172.0,12000000.0
203026,Danny Ward,2024,Wales,Wrexham,Wales,right,191.0,10000000.0
203043,Pedro Bigas,2022,Spain,Palma de Mallorca,Spain,left,181.0,5000000.0
203123,Haris Tabakovic,2024,Switzerland,Grenchen,Bosnia-Herzegovina,right,194.0,3000000.0
203348,Chancel Mbemba,2024,Zaire,Kinshasa,DR Congo,right,182.0,20000000.0
203394,Andreas Pereira,2024,Belgium,Duffel,Brazil,right,178.0,20000000.0
203460,Jack Grealish,2024,England,Birmingham,England,right,180.0,100000000.0
203496,Nabil Fekir,2023,France,Lyon,France,left,173.0,70000000.0
203504,Pierre-Yves Hamel,2021,France,Brest,France,right,189.0,3500000.0
203507,Adrien Hunou,2024,France,vry,France,right,179.0,6000000.0
203517,Steven Moreira,2019,France,Noisy-le-Grand,France,right,180.0,2000000.0
203746,Ruben Aguilar,2024,France,Grenoble,France,right,172.0,12000000.0
203842,Viktor Kovalenko,2024,Ukraine,Kherson,Ukraine,right,182.0,6000000.0
203853,Oleksandr Zinchenko,2024,Ukraine,"Radomyshl, Zhytomyr Oblast",Ukraine,left,175.0,42000000.0
204103,Adama Traoré,2024,Spain,L'Hospitalet de Llobregat,Spain,right,178.0,40000000.0
204294,Saman Ghoddos,2023,Sweden,Malm,Iran,right,175.0,5000000.0
205022,Rafinha,2018,Portugal,Paos de Ferreira,Portugal,both,166.0,150000.0
205054,Norbert Gyömbér,2023,CSSR,Revca,Slovakia,right,189.0,1500000.0
205503,Ibrahim Amadou,2022,Cameroon,Douala,France,right,183.0,15000000.0
205562,Thomas Lemar,2024,Guadeloupe,Baie-Mahault,France,left,171.0,70000000.0
205587,Opa Nguette,2021,France,Mantes-la-Jolie,Senegal,right,182.0,5000000.0
205677,Luca Garritano,2023,Italy,Cosenza,Italy,right,172.0,1800000.0
206050,Paulo Dybala,2024,Argentina,Laguna Larga,Argentina,left,177.0,110000000.0
206225,Isaac Hayden,2023,England,Chelmsford,England,right,187.0,10000000.0
206746,Kenny Tete,2024,Netherlands,Amsterdam,Netherlands,right,180.0,15000000.0
206912,Jimmy Cabot,2023,France,Chambry,France,right,164.0,5000000.0
207014,Will Hughes,2024,England,Weybridge,England,left,185.0,18000000.0
207597,Cedric Teuchert,2021,Germany,Coburg,Germany,right,182.0,2000000.0
207715,Ibrahima Mbaye,2022,Senegal,Gudiawaye,Senegal,right,188.0,6500000.0
207742,Tom Lockyer,2023,Wales,Cardiff,Wales,right,185.0,3500000.0
207877,Ruslan Malinovskyi,2024,Ukraine,Zhytomyr,Ukraine,left,181.0,30000000.0
207917,Alberto Moreno,2024,Spain,Sevilla,Spain,left,171.0,15000000.0
207929,Dele Alli,2024,England,Milton Keynes,England,right,188.0,100000000.0
208167,Dawid Kownacki,2023,Poland,Gorzw Wielkopolski,Poland,right,186.0,9000000.0
209212,Solly March,2024,England,Eastbourne,England,left,180.0,22000000.0
209781,Oumar Niasse,2019,Senegal,Dakar,Senegal,right,182.0,13000000.0
210143,Álex Gallar,2018,Spain,Sabadell,Spain,left,178.0,1500000.0
210178,Pablo Marí,2024,Spain,Almussafes,Spain,left,193.0,7000000.0
211072,Paulinho,2023,Portugal,Barcelos,Portugal,left,188.0,15000000.0
211251,Darwin Machís,2024,Venezuela,Tucupita,Venezuela,right,171.0,10000000.0
211389,Helibelton Palacios,2022,Colombia,Santander de Quilichao,Colombia,right,181.0,1500000.0
211474,Ali Abdi,2024,Tunisia,Sfax,Tunisia,left,183.0,3000000.0
212391,Roger Martí,2023,Spain,Torrent,Spain,right,179.0,10000000.0
212723,Djibril Sow,2024,Switzerland,Zrich,Switzerland,right,184.0,22000000.0
212804,Florian Tardieu,2024,France,Istres,France,right,181.0,3000000.0
212829,Jack O'Connell,2020,England,Liverpool,England,left,190.0,12000000.0
212847,Adam Webster,2024,England,West Wittering,England,right,190.0,25000000.0
212923,Paulinho,2019,Brazil,Ceilndia,Brazil,left,166.0,4000000.0
213260,Rubén García,2024,Spain,Xtiva,Spain,left,172.0,10000000.0
213605,Vitinho,2018,Brazil,Rio de Janeiro,Brazil,right,180.0,8000000.0
213614,Jhon Chancellor,2019,Venezuela,Puerto Ordaz,Venezuela,right,194.0,1800000.0
213670,Lucas Torró,2024,Spain,Cocentaina,Spain,right,190.0,8000000.0
213751,Sebastian Schonlau,2019,Germany,Warburg,Germany,both,188.0,2000000.0
213854,Cedric Gondo,2021,Cote d'Ivoire,Divo,Cote d'Ivoire,right,187.0,900000.0
214070,Ewerton,2022,,So Paulo,,right,181.0,2500000.0
214532,Pierrick Capelle,2024,France,Lesquin,France,left,181.0,2000000.0
214666,Connor Roberts,2023,Wales,Neath,Wales,right,175.0,8000000.0
214775,Óliver Torres,2023,Spain,Navalmoral de la Mata,Spain,right,175.0,17000000.0
214928,Kean Bryan,2020,England,Manchester,England,left,185.0,2000000.0
215118,Calum Chambers,2023,England,Petersfield,England,right,182.0,18000000.0
215599,Lukas Klostermann,2024,Germany,Gevelsberg,Germany,right,189.0,38000000.0
215616,Erick Pulgar,2021,Chile,Antofagasta,Chile,right,187.0,15000000.0
215977,Adrien Thomasson,2024,France,Bourg-Saint-Maurice,France,right,175.0,9000000.0
216179,Stefano Sensi,2024,Italy,Urbino,Italy,right,168.0,30000000.0
216181,Almamy Touré,2022,,Bamako,,right,183.0,8000000.0
216464,Carlos Fernández,2023,Spain,Castilleja de Guzmn,Spain,left,185.0,10000000.0
216499,Fouad Chafik,2020,France,Pierrelatte,Morocco,right,183.0,1500000.0
216804,Joakim Nilsson,2021,Sweden,Hrnsand,Sweden,left,187.0,3500000.0
216870,Nacho Vidal,2023,Spain,El Campello,Spain,right,180.0,5000000.0
216872,Francesco Zampano,2024,Italy,Genova,Italy,right,177.0,2500000.0
217115,Neal Maupay,2024,France,Versailles,France,right,171.0,22000000.0
217144,Aleix Febas,2021,Spain,Lleida,Spain,right,172.0,4000000.0
218067,Jacopo Petriccione,2020,Italy,Gorizia,Italy,right,176.0,3000000.0
218087,Ben Osborn,2023,England,Derby,England,left,176.0,3000000.0
220878,Issiaga Sylla,2024,Guinea,Conakry,Guinea,left,180.0,3500000.0
221025,André Gomes,2024,Portugal,Grij,Portugal,right,190.0,30000000.0
221150,Djené,2024,Togo,Lome Dapaong,Togo,right,178.0,30000000.0
221151,Jodel Dossou,2022,Benin,Dassa-Zoum,Benin,right,171.0,2000000.0
221309,Óscar Plano,2022,Spain,Mstoles,Spain,both,179.0,4000000.0
221311,Iván Sánchez,2024,Spain,Jan,Spain,left,169.0,1200000.0
221315,Kevin Vázquez,2023,Spain,Nigrn,Spain,right,175.0,2000000.0
221316,Lucas Vázquez,2024,Spain,A Corua,Spain,right,173.0,25000000.0
221611,Paulo Otávio,2022,Brazil,Ourinhos,Brazil,left,173.0,8000000.0
222859,Florent Mollet,2024,France,Fontaine-ls-Dijon,France,right,175.0,9000000.0
223572,Kai Pröger,2019,Germany,Wilhelmshaven,Germany,right,177.0,1800000.0
223725,Munir El Haddadi,2024,Spain,El Escorial,Morocco,left,177.0,12000000.0
223967,Konrad Laimer,2024,Austria,Salzburg,Austria,right,180.0,30000000.0
223974,Stefan Posch,2024,Austria,Judenburg,Austria,right,190.0,14000000.0
223979,Xaver Schlager,2024,Austria,Linz,Austria,left,174.0,28000000.0
225015,Carlos Akapo,2021,Spain,Elche,Equatorial Guinea,right,179.0,1200000.0
225083,N'Golo Kanté,2022,,Paris,,right,171.0,100000000.0
225122,Gonçalo Guedes,2024,Portugal,Benavente,Portugal,right,179.0,40000000.0
225161,Rúben Neves,2022,Portugal,Santa Maria da Feira,Portugal,right,180.0,50000000.0
225452,Patrick Roberts,2021,England,Kingston-upon-Thames,England,left,167.0,7500000.0
225462,José Mari,2023,Spain,Rota (Cdiz),Spain,right,182.0,800000.0
225593,Pere Milla,2024,Spain,Lleida,Spain,left,180.0,3000000.0
225657,Philipp Lienhart,2024,Austria,Lilienfeld,Austria,right,189.0,20000000.0
225693,Fabinho,2022,Brazil,Campinas,Brazil,right,188.0,70000000.0
225873,Karol Linetty,2024,Poland,nin,Poland,right,175.0,15000000.0
226025,Luca Mazzitelli,2023,Italy,Roma,Italy,right,184.0,4000000.0
226261,César de la Hoz,2022,Spain,Orejo,Spain,right,179.0,1200000.0
226524,Morten Thorsby,2024,Norway,Oslo,Norway,right,188.0,7000000.0
226973,Harrison Reed,2024,England,Worthing,England,right,181.0,18000000.0
227081,Joaquín Correa,2024,Argentina,Juan Bautista Alberdi,Argentina,right,188.0,38000000.0
227084,Benedikt Gimber,2024,Germany,Buchen,Germany,left,187.0,3000000.0
227085,Jonas Hofmann,2019,Germany,Bamberg,Germany,right,173.0,250000.0
227961,Jaime Mata,2024,Spain,Madrid,Spain,right,186.0,10000000.0
228761,Jony,2021,Spain,Cangas de Narcea,Spain,left,179.0,10000000.0
228917,Jorge Miramón,2021,Spain,Zaragoza,Spain,right,175.0,3500000.0
228948,Thilo Kehrer,2024,Germany,Tbingen,Germany,both,186.0,35000000.0
229004,Moussa Dembélé,2022,France,Pontoise,France,right,187.0,50000000.0
229005,Abdou Diallo,2022,France,Tours,Senegal,left,187.0,35000000.0
229006,Franck Honorat,2024,France,Toulon,France,right,180.0,12000000.0
229804,Aritz Elustondo,2024,Spain,Beasain,Spain,right,180.0,20000000.0
229853,Birama Touré,2022,Mali,Kayes,Mali,right,183.0,2000000.0
230066,Adama Mbengue,2018,Senegal,Rufisque,Senegal,left,182.0,3000000.0
230784,Thomas Partey,2024,Ghana,Odumase Krobo,Ghana,right,185.0,50000000.0
230937,Fernandinho,2014,Brazil,Limeira,Brazil,left,174.0,2700000.0
231025,Jordan Marié,2020,France,Epinal,France,right,177.0,1500000.0
231289,Otávio,2023,Brazil,Joo Pessoa,Portugal,right,172.0,35000000.0
231572,Nélson Semedo,2024,Portugal,Lisboa,Portugal,right,177.0,40000000.0
231586,Jannes Horn,2022,Germany,Braunschweig,Germany,left,186.0,4000000.0
232320,Atakan Karazor,2024,Germany,Essen,Trkiye,right,191.0,12000000.0
232418,Ondrej Duda,2024,Slovakia,Snina,Slovakia,right,180.0,17000000.0
232454,Nadiem Amiri,2024,Germany,Ludwigshafen am Rhein,Germany,right,180.0,22000000.0
232463,Luca Pfeiffer,2023,Germany,Bad Mergentheim,Germany,right,196.0,2800000.0
232895,Zinedine Ferhat,2024,Algeria,Bordj Menael,Algeria,right,180.0,8000000.0
233124,Kortney Hause,2024,England,Redbridge,England,left,191.0,8000000.0
233782,Aïssa Laïdouni,2023,France,Montfermeil,Tunisia,right,184.0,10000000.0
234006,Keagan Dolly,2020,South Africa,"Johannesburg, Gauteng",South Africa,left,170.0,1500000.0
234029,Grischa Prömel,2024,Germany,Stuttgart,Germany,right,184.0,7500000.0
234523,Antonio Sanabria,2024,Paraguay,San Lorenzo,Paraguay,right,180.0,10000000.0
234803,Andrew Robertson,2024,Scotland,Glasgow,Scotland,left,178.0,80000000.0
235412,Jawad El Yamiq,2022,Morocco,Khouribga,Morocco,right,193.0,2000000.0
235568,João Pedro,2023,Portugal,Vermil,Portugal,right,177.0,1500000.0
235931,Alessandro Deiola,2024,Italy,San Gavino Monreale,Italy,right,190.0,2000000.0
236041,Alexis Blin,2023,France,Le Mans,France,right,186.0,8000000.0
236045,Denis Bouanga,2021,France,Le Mans,Gabon,right,180.0,12000000.0
236490,Ola Aina,2024,England,London,Nigeria,right,184.0,20000000.0
236953,Sam Byram,2021,England,Thurrock,England,right,183.0,4500000.0
236981,Timo Hübers,2023,Germany,Hildesheim,Germany,right,190.0,8500000.0
237164,Ihlas Bebou,2024,Togo,Aledjo Kadara,Togo,right,185.0,16000000.0
237499,Aleksandar Sedlar,2024,Jugoslawien (SFR),Novi Sad,Serbia,right,180.0,900000.0
237617,Cristian Herrera,2023,Spain,Las Palmas de Gran Canaria,Spain,both,182.0,1500000.0
237662,Breel Embolo,2024,Cameroon,Yaound,Switzerland,right,187.0,22000000.0
237666,Silvan Hefti,2023,Switzerland,Rorschach,Switzerland,right,183.0,5000000.0
238407,Alexander Sørloth,2024,Norway,Trondheim,Norway,left,195.0,25000000.0
238626,Laurent Abergel,2023,France,Marseille,France,right,170.0,3000000.0
238639,Steve Mounié,2024,Benin,Parakou,Benin,right,189.0,10000000.0
238654,Jaime Báez,2023,Uruguay,Montevideo,Uruguay,right,178.0,2500000.0
238716,Théo Pellenard,2022,,Lille,,left,182.0,2000000.0
238752,Keita Baldé,2024,Spain,Arbcies,Senegal,both,178.0,30000000.0
238868,Rubén Peña,2024,Spain,vila,Spain,right,170.0,10000000.0
238977,Gabriele Moncini,2020,Italy,Pistoia,Italy,right,183.0,2000000.0
238981,Vittorio Parigini,2020,Italy,Moncalieri,Italy,right,180.0,2000000.0
239099,Pietro Ceccaroni,2022,Italy,Sarzana,Italy,left,188.0,2500000.0
239962,Denis Vavro,2024,Slovakia,Partiznske,Slovakia,right,189.0,8000000.0
240158,Francesco Vicari,2019,Italy,Roma,Italy,right,190.0,5000000.0
240219,Lorenzo Venuti,2023,Italy,Montevarchi,Italy,right,179.0,3000000.0
240274,Anderson Lucoqui,2022,Germany,Zweibrcken,Angola,left,180.0,2500000.0
240306,Bruno Fernandes,2024,Portugal,Maia,Portugal,right,179.0,90000000.0
240360,Esteban Saveljich,2022,Argentina,Tandil,Montenegro,right,187.0,1000000.0
240897,Arturo Calabresi,2022,,Roma,,right,186.0,2800000.0
240934,Filippo Bandinelli,2022,Italy,Firenze,Italy,left,180.0,3500000.0
241076,Emmanuel Gyasi,2024,Italy,Palermo,Ghana,right,181.0,2500000.0
241229,Jordan Amavi,2024,France,Toulon,France,left,176.0,16000000.0
241307,Finn Porath,2024,Germany,Eutin,Germany,right,180.0,2000000.0
241527,Federico Bonazzoli,2023,Italy,Manerbio,Italy,left,185.0,5000000.0
241641,Bernardo Silva,2024,Portugal,Lisboa,Portugal,left,173.0,100000000.0
241889,Antonio Barreca,2020,Italy,Torino,Italy,left,180.0,8000000.0
242086,Patrik Schick,2024,Czech Republic,Praha,Czech Republic,left,191.0,50000000.0
242497,Pere Pons,2021,Spain,Sant Mart Vell,Spain,right,177.0,7500000.0
242606,Josh Cullen,2023,England,Westcliff-on-Sea,Ireland,right,175.0,13000000.0
242631,Alex Iwobi,2024,Nigeria,Lagos,Nigeria,right,183.0,32000000.0
242940,Edoardo Goldaniga,2024,Italy,Milano,Italy,right,193.0,3000000.0
243028,Jan Bednarek,2024,Poland,Supca,Poland,right,189.0,25000000.0
243541,Deyverson,2020,Brazil,Santa Margarida,Brazil,left,187.0,5000000.0
243589,Josh Onomah,2022,England,London,England,right,185.0,6000000.0
243606,Anastasios Donis,2021,England,Blackburn,Greece,right,178.0,4000000.0
243714,Kingsley Coman,2024,France,Paris,France,right,181.0,65000000.0
243737,Roli Pereira de Sa,2021,France,Mantes-la-Jolie,France,right,178.0,700000.0
243760,Álex Muñoz,2024,Spain,Sant Joan d'Alacant,Spain,left,187.0,1200000.0
243856,Cedric Itten,2021,Switzerland,Basel,Switzerland,right,189.0,4500000.0
243879,Charles Pickel,2022,Switzerland,Solothurn,Switzerland,right,187.0,3800000.0
244338,Pelly Ruddock Mpanzu,2023,England,London,DR Congo,right,175.0,1800000.0
244940,Salih Özcan,2024,Germany,Kln,Trkiye,right,183.0,17000000.0
245056,Saša Lukić,2024,Yugoslavia (Republic),abac,Serbia,right,182.0,15000000.0
245078,Nemanja Radonjić,2023,Yugoslavia (Republic),Ni,Serbia,both,185.0,10000000.0
245537,Nabil Bentaleb,2024,France,Lille,Algeria,left,187.0,20000000.0
245744,Takuma Asano,2024,Japan,"Komono, Mie",Japan,right,173.0,4000000.0
246277,Burgui,2020,Spain,Burguillos del Cerro,Spain,right,186.0,3000000.0
246291,Diego Llorente,2024,Spain,Madrid,Spain,right,186.0,25000000.0
246963,Carlton Morris,2023,England,Cambridge,England,right,185.0,13000000.0
246968,Ayoze Pérez,2024,Spain,Santa Cruz de Tenerife,Spain,right,178.0,30000000.0
247250,Rubén Alcaraz,2023,Spain,Barcelona,Spain,right,180.0,10000000.0
247377,Kevin Bonifazi,2023,Italy,Rieti,Italy,right,187.0,7000000.0
247459,Chadrac Akolo,2019,Zaire,Kinshasa,DR Congo,right,172.0,6000000.0
247555,Edimilson Fernandes,2024,Switzerland,Sion,Switzerland,right,187.0,8000000.0
247652,Shon Weissman,2023,Israel,Haifa,Israel,right,174.0,8000000.0
248732,Paweł Dawidowicz,2024,Poland,Olsztyn,Poland,both,189.0,5000000.0
248999,Lucas Höler,2024,Germany,Achim,Germany,right,184.0,6500000.0
249089,Lewis Cook,2024,England,York,England,right,175.0,20000000.0
249126,Harry Winks,2024,England,Hemel Hempstead,England,right,178.0,40000000.0
249157,Fredrik Jensen,2024,Finland,Porvoo,Finland,right,183.0,3500000.0
249356,Jack Stacey,2022,England,Ascot,England,right,180.0,4000000.0
249513,Diego Rico,2024,Spain,Burgos,Spain,left,183.0,10000000.0
249565,Youri Tielemans,2024,Belgium,Sint-Pieters-Leeuw,Belgium,right,177.0,55000000.0
249636,Gautier Lloris,2024,France,Nice,France,left,191.0,3000000.0
249730,Guillermo Maripán,2024,Chile,Vitacura,Chile,right,193.0,15000000.0
250013,Angelo Fulgini,2024,Cote d'Ivoire,Abidjan,France,right,182.0,12000000.0
250153,Pasquale Mazzocchi,2024,Italy,Napoli,Italy,right,183.0,5000000.0
250426,Adam Armstrong,2022,England,West Denton,England,right,173.0,18000000.0
250779,Brendan Chardonnet,2024,France,Saint-Renan,France,right,181.0,8000000.0
250845,José María Giménez,2024,Uruguay,Toledo,Uruguay,right,185.0,70000000.0
251075,Zeki Çelik,2024,Trkiye,Bursa,Trkiye,right,180.0,20000000.0
251106,Enes Ünal,2024,Trkiye,Bursa,Trkiye,right,187.0,25000000.0
251302,Niklas Dorsch,2024,Germany,Lichtenfels,Germany,right,178.0,10000000.0
251303,Johannes Eggestein,2024,Germany,Hannover,Germany,right,183.0,10000000.0
251309,Dennis Geiger,2024,Germany,Mosbach,Germany,right,173.0,13000000.0
251664,Ivan Toney,2023,England,Northampton,England,right,185.0,50000000.0
251845,Sergi Canós,2024,Spain,Nules,Spain,right,177.0,14000000.0
251876,Pablo Maffeo,2024,Spain,Sant Joan Desp,Argentina,right,172.0,10000000.0
251878,Aarón Martín,2024,Spain,Montmel,Spain,left,178.0,20000000.0
251897,Asier Villalibre,2024,Spain,Gernika,Spain,left,182.0,4500000.0
251912,Semi Ajayi,2020,England,London,Nigeria,right,193.0,6000000.0
252345,Ken Sema,2021,Sweden,Norrkping,Sweden,left,180.0,5000000.0
252667,Fali,2023,Spain,Valencia,Spain,right,186.0,3000000.0
252677,José Luis Morales,2023,Spain,Madrid,Spain,right,180.0,10000000.0
253677,Tyrone Mings,2024,England,Bath,England,left,196.0,32000000.0
253839,Álvaro Medrán,2018,Spain,Dos Torres (Crdoba),Spain,right,177.0,4000000.0
254934,Jamilu Collins,2019,Nigeria,Kaduna,Nigeria,left,183.0,3000000.0
255220,Romain Philippoteaux,2021,France,Apt,France,,170.0,2000000.0
255284,Álex Granell,2018,Spain,Girona,Spain,left,181.0,7500000.0
255488,Yeray Álvarez,2024,Spain,Barakaldo,Spain,right,182.0,30000000.0
255501,Iñigo Lekue,2024,Spain,Bilbao,Spain,right,180.0,7500000.0
255508,Iñaki Williams,2024,Spain,Bilbao,Ghana,right,186.0,50000000.0
255653,Santi Mina,2021,Spain,Vigo,Spain,right,181.0,30000000.0
255729,Awer Mabil,2022,Kenya,Kakuma,Australia,right,178.0,3000000.0
255731,Wes Burns,2024,Wales,Cardiff,Wales,right,173.0,4000000.0
255755,Alex Telles,2022,,Caxias do Sul,,left,181.0,40000000.0
255838,Patrick Ciurria,2024,Italy,Sassuolo,Italy,both,178.0,5000000.0
255942,Nicolò Barella,2024,Italy,Cagliari,Italy,right,175.0,80000000.0
256120,Wilfrid Kaptoum,2019,Cameroon,Douala,Cameroon,right,174.0,4000000.0
256178,Joe Gomez,2024,England,London,England,right,188.0,42000000.0
256361,Daniele Verde,2022,Italy,Napoli,Italy,left,168.0,5000000.0
256429,Sergi Guardiola,2024,Spain,Manacor,Spain,left,185.0,7500000.0
256448,Gianluca Mancini,2024,Italy,Pontedera,Italy,right,190.0,30000000.0
256678,Filippo Romagna,2022,Italy,Fano,Italy,right,186.0,7000000.0
256866,Carlos Salcedo,2018,Mexico,Guadalajara,Mexico,right,188.0,10000000.0
257062,Álvaro García,2024,Spain,Utrera,Spain,both,167.0,6000000.0
257097,Ben Davies,2023,England,Barrow-in-Furness,England,left,185.0,3500000.0
257376,Domingos Duarte,2024,Portugal,Cascais,Portugal,right,192.0,12000000.0
257455,João Palhinha,2024,Portugal,Lisboa,Portugal,right,190.0,60000000.0
257462,Luka Jović,2024,Yugoslavia (Republic),Loznica,Serbia,right,182.0,60000000.0
257751,Simone Bastoni,2023,Italy,La Spezia,Italy,left,181.0,7500000.0
258004,Rúben Dias,2024,Portugal,Amadora,Portugal,right,187.0,80000000.0
258039,Aurélio Buta,2024,Angola,Miconge,Portugal,right,172.0,8000000.0
258254,Jemerson,2021,Brazil,Jeremoabo,Brazil,right,184.0,18000000.0
258878,Tosin Adarabioyo,2024,England,London,England,right,197.0,20000000.0
258883,Jonjoe Kenny,2022,England,Liverpool,England,right,176.0,12000000.0
258889,Dominic Solanke,2024,England,Basingstoke,England,right,186.0,45000000.0
258987,Carl Starfelt,2024,Sweden,Stockholm,Sweden,right,187.0,6500000.0
259461,Paulinho,2017,Brazil,So Paulo,Brazil,right,178.0,1800000.0
259930,Gabriel Fernández,2019,Uruguay,Montevideo,Uruguay,right,188.0,3000000.0
260655,Eduard Löwen,2021,Germany,Idar-Oberstein,Germany,right,188.0,7000000.0
260827,Joachim Andersen,2024,Denmark,Frederiksberg,Denmark,right,192.0,35000000.0
261504,Aleix García,2024,Spain,Ulldecona,Spain,right,173.0,25000000.0
261905,Suat Serdar,2024,Germany,Bingen,Germany,right,184.0,25000000.0
262226,Timothy Castagne,2024,Belgium,Arlon,Belgium,right,185.0,28000000.0
262365,Antonio Puertas,2023,Spain,Benahadux,Spain,right,183.0,7500000.0
262523,Davide Calabria,2024,Italy,Brescia,Italy,right,176.0,25000000.0
262608,Adama Traoré,2021,Mali,Bamako,Mali,left,178.0,10000000.0
262939,Johan Mojica,2024,Colombia,Santiago de Cali,Colombia,left,185.0,5000000.0
262980,Jefferson Lerma,2024,Colombia,Cerrito,Colombia,right,179.0,25000000.0
263183,Roger Assalé,2020,Cote d'Ivoire,Abengourou,Cote d'Ivoire,right,167.0,7500000.0
263236,Kevin Danso,2024,Austria,Voitsberg,Austria,right,190.0,25000000.0
263727,Joan Jordán,2024,Spain,Regencs,Spain,right,185.0,30000000.0
263856,Víctor Camarasa,2022,Spain,Meliana,Spain,right,183.0,10000000.0
263918,Aleksandr Golovin,2024,Russia,"Kaltan, Kemerovo Oblast",Russia,right,178.0,30000000.0
263951,Hamza Sakhi,2022,Morocco,Rabat,Morocco,right,176.0,2000000.0
264116,Gastón Pereiro,2023,Uruguay,Montevideo,Uruguay,left,188.0,15000000.0
264956,Jean-Kévin Augustin,2021,France,Paris,France,right,179.0,25000000.0
265078,Patrick Cutrone,2024,Italy,Como,Italy,right,183.0,30000000.0
266302,Sergej Milinković-Savić,2022,,Lleida,,right,191.0,90000000.0
266359,Benjamin Bourigeaud,2023,France,Calais,France,right,178.0,18000000.0
266795,Gonzalo Escalante,2023,Argentina,Bella Vista,Argentina,right,182.0,5000000.0
266807,Ángel Correa,2024,Argentina,Rosario,Argentina,right,171.0,45000000.0
267147,Cyrille Bayala,2022,Burkina Faso,Ouagadougou,Burkina Faso,right,181.0,1000000.0
268176,Sergi Palencia,2019,Spain,Badalona,Spain,right,172.0,6000000.0
268178,Arkadiusz Reca,2022,,Chojnice,,left,187.0,4000000.0
268429,Sandi Lovrić,2024,Austria,Lienz,Slovenia,right,180.0,10000000.0
268670,Gerard Gumbau,2024,Spain,Campllong,Spain,left,188.0,3500000.0
270051,Andrei Girotto,2022,Brazil,Bento Gonalves,Brazil,right,186.0,5000000.0
270171,Vitaly Janelt,2024,Germany,Hamburg,Germany,left,184.0,22000000.0
270411,Saîf-Eddine Khaoui,2022,France,Paris,Tunisia,left,180.0,5000000.0
270541,Serhou Guirassy,2024,France,Arles,Guinea,right,187.0,40000000.0
271988,Borja Fernández,2020,Spain,Vigo,Spain,right,178.0,400000.0
272278,Chris Führich,2024,Germany,Castrop-Rauxel,Germany,right,181.0,28000000.0
272549,Tony Mauricio,2020,France,Limoges,France,left,169.0,2500000.0
272622,Issa Diop,2024,France,Toulouse,France,right,194.0,35000000.0
272812,Kingsley Ehizibue,2024,Germany,Mnchen,Netherlands,right,189.0,3000000.0
272855,Paul Onuachu,2024,Nigeria,Lagos,Nigeria,right,201.0,22000000.0
273438,Danilo Barbosa,2021,Brazil,Simes Filho,Brazil,right,183.0,10000000.0
273669,Adrian Beck,2024,Germany,Crailsheim,Germany,right,186.0,2000000.0
274461,Felix Passlack,2024,Germany,Bottrop,Germany,right,170.0,3000000.0
274839,Wilfred Ndidi,2024,Nigeria,Lagos,Nigeria,right,183.0,60000000.0
274862,Moses Simon,2024,Nigeria,Jos,Nigeria,right,168.0,12000000.0
275249,Niklas Schmidt,2024,Germany,Kassel,Germany,both,184.0,3000000.0
275303,Hans Hateboer,2024,Netherlands,Beerta,Netherlands,right,187.0,18000000.0
275361,Karim Azamoum,2021,France,Rognac,France,right,178.0,1500000.0
275423,Christian Gebauer,2021,Austria,Innsbruck,Austria,right,187.0,800000.0
275590,Kieffer Moore,2023,England,Torquay,Wales,right,196.0,5000000.0
276111,David Costas,2020,Spain,Vigo,Spain,right,184.0,3500000.0
276895,Steven Fortes,2022,France,Marseille,Cape Verde,right,192.0,1000000.0
276896,Samuel Gigot,2024,France,Avignon,France,right,187.0,11000000.0
277033,David Brooks,2024,England,Warrington,Wales,left,173.0,30000000.0
277111,Jorginho,2018,Guinea-Bissau,Bissau,Guinea-Bissau,right,171.0,1800000.0
277114,Jason Denayer,2021,Belgium,Jette,Belgium,right,184.0,25000000.0
277167,Gian Marco Ferrari,2023,Italy,Parma,Italy,left,189.0,14000000.0
277179,Angeliño,2024,Spain,Coristanco,Spain,left,171.0,35000000.0
277533,Josan,2022,Spain,Crevillente,Spain,right,176.0,1000000.0
277635,Rominigue Kouamé,2023,Cote d'Ivoire,Lopou,Mali,left,177.0,5000000.0
278166,Amari'i Bell,2023,England,Burton upon Trent,Jamaica,left,180.0,2500000.0
278323,Alexander Fuchs,2018,Germany,Mnchen,Germany,right,186.0,1250000.0
278332,Florian Neuhaus,2024,Germany,Landsberg am Lech,Germany,right,185.0,38000000.0
278359,Borja Iglesias,2024,Spain,Santiago de Compostela,Spain,right,187.0,28000000.0
278531,Sebastiano Luperto,2024,Italy,Lecce,Italy,left,191.0,5000000.0
278837,Luis Rioja,2024,Spain,Sevilla,Spain,left,176.0,4000000.0
279079,Lukas Mühl,2018,Germany,Zwiesel,Germany,right,189.0,4500000.0
279455,Harry Wilson,2024,Wales,Wrexham,Wales,left,173.0,25000000.0
279570,Daler Kuzyaev,2024,Russia,"Naberezhnye Chelny, Tatarstan Republic",Russia,right,182.0,11000000.0
280387,Vincent Sierro,2024,Switzerland,Sion,Switzerland,right,185.0,4000000.0
280730,Álvaro Odriozola,2024,Spain,Donostia-San Sebastin,Spain,right,176.0,30000000.0
281319,Alberth Elis,2022,Honduras,San Pedro Sula,Honduras,right,185.0,6500000.0
281404,Kenedy,2024,Brazil,Santa Rita do Sapuca,Brazil,left,180.0,12000000.0
281755,Iván Alejo,2023,Spain,Valladolid,Spain,right,186.0,4000000.0
281963,Lucas Hernández,2024,France,Marseille,France,left,184.0,70000000.0
281989,Luis Milla,2024,Spain,Madrid,Spain,right,175.0,6000000.0
282041,Presnel Kimpembe,2024,France,Beaumont-sur-Oise,France,left,183.0,40000000.0
282058,Cheikh N'Doye,2018,Senegal,Rufisque,Senegal,right,193.0,4000000.0
282349,Timo Becker,2024,Germany,Herten,Germany,right,190.0,2000000.0
282388,Giovanni Simeone,2024,Argentina,Buenos Aires,Argentina,right,180.0,25000000.0
282406,Álvaro Jiménez,2021,Spain,Crdoba,Spain,right,175.0,1000000.0
282429,Sergio Reguilón,2024,Spain,Madrid,Spain,left,178.0,28000000.0
282577,Lukas Klünter,2021,Germany,Euskirchen,Germany,right,184.0,5000000.0
282672,Benito Ramírez,2024,Spain,La Aldea de San Nicols,Spain,left,179.0,800000.0
282694,Augusto Solari,2022,Argentina,Rosario,Argentina,right,176.0,6000000.0
282700,Enric Franquesa,2024,Spain,Sant Cugat del Valls,Spain,left,175.0,1500000.0
282722,Álex Collado,2022,Spain,Sabadell,Spain,left,177.0,5000000.0
282810,Carles Pérez,2024,Spain,Granollers,Spain,left,173.0,10000000.0
282900,Pablo Martínez,2020,France,Orange,France,left,182.0,3500000.0
283001,Noah Joel Sarenren Bazee,2022,,Celle,,right,183.0,1500000.0
283127,Oualid El Hajjam,2024,France,Chteauroux,Morocco,right,181.0,1200000.0
283141,Blendi Idrizi,2022,Germany,Bonn,Kosovo,right,179.0,600000.0
283528,Ignacio Pussetto,2022,Argentina,Caada Rosqun,Argentina,right,180.0,10000000.0
283871,Florian Dietz,2023,Germany,Bad Neustadt an der Saale,Germany,right,190.0,1000000.0
283994,Ludovic Ajorque,2024,Runion,Saint-Joseph,France,left,196.0,16000000.0
284248,Paul Jaeckel,2023,Germany,Eisenhttenstadt,Germany,right,186.0,7500000.0
284595,Tommaso Augello,2024,Italy,Milano,Italy,left,180.0,4000000.0
284727,Jonathan Calleri,2020,Argentina,Buenos Aires,Argentina,right,181.0,10000000.0
284732,Ramy Bensebaini,2024,Algeria,Constantine,Algeria,left,187.0,22000000.0
284737,Törles Knöll,2018,Germany,Dieburg,Germany,right,184.0,1000000.0
284854,Carles Aleñá,2024,Spain,Matar,Spain,left,180.0,30000000.0
285323,Baptiste Santamaria,2024,France,Saint-Doulchard,France,right,183.0,16000000.0
285845,Ainsley Maitland-Niles,2024,England,London,England,right,180.0,18000000.0
285951,Nathan de Medina,2021,Belgium,Brssel,Belgium,right,183.0,900000.0
286297,Lorenzo Pellegrini,2024,Italy,Roma,Italy,right,186.0,45000000.0
286384,Eric Bailly,2024,Cote d'Ivoire,Bingerville,Cote d'Ivoire,right,187.0,35000000.0
286596,Emir Karic,2023,Austria,Linz,Bosnia-Herzegovina,left,184.0,1000000.0
286779,Jorge Meré,2023,Spain,Oviedo,Spain,right,182.0,10000000.0
286949,Adam Masina,2024,Morocco,Khouribga,Morocco,left,191.0,7000000.0
287188,Dejan Ljubicic,2023,Austria,Wien,Austria,right,187.0,10000000.0
287367,Luca Vignali,2022,Italy,La Spezia,Italy,right,186.0,1300000.0
287635,Assane Dioussé,2024,Senegal,Dakar,Senegal,left,175.0,5000000.0
287717,Emanuele Ndoj,2019,Italy,Catania,Albania,right,189.0,3000000.0
287875,Luca Fiordilino,2021,Italy,Palermo,Italy,right,178.0,1500000.0
287876,Antonino La Gumina,2020,Italy,Palermo,Italy,right,182.0,6000000.0
287920,Tim Skarke,2024,Germany,Heidenheim an der Brenz,Germany,right,181.0,3000000.0
288225,Ludovic Blas,2024,France,Colombes,France,left,180.0,22000000.0
288230,Ousmane Dembélé,2024,France,Vernon,France,both,178.0,120000000.0
288255,Donny van de Beek,2024,Netherlands,Nijkerkerveen,Netherlands,right,184.0,55000000.0
288340,Phillip Tietz,2024,Germany,Braunschweig,Germany,right,190.0,5000000.0
289061,Alessandro Murgia,2019,Italy,Roma,Italy,right,185.0,6000000.0
289167,Kamil Jóźwiak,2023,Poland,Midzyrzecz,Poland,right,176.0,4000000.0
289182,Christopher Antwi-Adjei,2023,Germany,Hagen,Ghana,right,174.0,2200000.0
289236,Jon Bautista,2021,Spain,Mahn,Spain,right,180.0,5000000.0
289255,Andoni Gorosabel,2024,Spain,Arrasate,Spain,right,174.0,10000000.0
289257,Jon Guridi,2024,Spain,Azpeitia,Spain,left,179.0,5000000.0
289286,Luca Sangalli,2020,Spain,San Sebastin,Spain,right,167.0,4000000.0
289432,Dylan Batubinsika,2024,France,Cergy-Pontoise,DR Congo,right,185.0,2500000.0
289446,Yerry Mina,2024,Colombia,Guachen,Colombia,right,195.0,30000000.0
289592,Orel Mangala,2024,Belgium,Brussel,Belgium,right,178.0,22000000.0
289802,Rafael Ratão,2022,,Cascavel,,right,183.0,2500000.0
289835,Jens Stage,2024,Denmark,Hjbjerg,Denmark,right,187.0,12000000.0
290017,Hassane Kamara,2024,France,Saint-Denis,Cote d'Ivoire,left,170.0,8000000.0
290273,Álvaro Tejero,2024,Spain,Madrid,Spain,both,174.0,3000000.0
290532,Saïd Benrahma,2023,Algeria,An Tmouchent,Algeria,right,172.0,25000000.0
290561,Alexandre Mendy,2020,France,Toulon,Guinea-Bissau,right,184.0,3500000.0
290587,Ellyes Skhiri,2024,France,Lunel,Tunisia,right,185.0,13000000.0
290593,Sada Thioub,2022,France,Nanterre,Senegal,right,179.0,5500000.0
291417,Ferland Mendy,2024,France,Meulan-en-Yvelines,France,left,180.0,50000000.0
292139,Sammie Szmodics,2024,England,Colchester,Ireland,right,168.0,12000000.0
292417,Demarai Gray,2022,England,Birmingham,Jamaica,right,183.0,22000000.0
292534,Eric Smith,2024,Sweden,Halmstad,Sweden,right,192.0,5000000.0
292749,Fabinho,2016,Portugal,Santa Maria da Feira,Portugal,right,180.0,600000.0
292808,Wout Faes,2024,Belgium,Mol,Belgium,right,187.0,20000000.0
292818,Jonathan Bamba,2023,France,Alfortville,Cote d'Ivoire,right,175.0,25000000.0
293194,Borna Sosa,2024,Croatia,Zagreb,Croatia,left,187.0,23000000.0
293200,Nikola Vlašić,2024,Croatia,Split,Croatia,right,179.0,30000000.0
293210,Amer Gojak,2020,Bosnia-Herzegovina,Sarajevo,Bosnia-Herzegovina,right,184.0,7000000.0
293281,Jacob Bruun Larsen,2024,Denmark,Lyngby,Denmark,right,183.0,20000000.0
293385,Dani Olmo,2024,Spain,Terrassa,Spain,right,179.0,60000000.0
293569,Josh Brownhill,2023,England,Warrington,England,right,179.0,18000000.0
293592,Brandon Borrello,2019,Australia,Adelaide,Australia,right,178.0,1200000.0
293944,Habib Maïga,2023,Cote d'Ivoire,Gagnoa,Cote d'Ivoire,right,181.0,5500000.0
294057,James Maddison,2024,England,Coventry,England,right,175.0,70000000.0
294808,Franck Kessié,2022,Cote d'Ivoire,Ouragahio,Cote d'Ivoire,right,183.0,55000000.0
294817,Thiago Silva,2023,Brazil,Rio de Janeiro,Brazil,right,188.0,300000.0
294873,Thiago Maia,2019,Brazil,Boa Vista,Brazil,left,179.0,9000000.0
295060,Koji Miyoshi,2024,Japan,"Kawasaki, Kanagawa",Japan,left,167.0,3000000.0
295065,Toni Moya,2021,Spain,Mrida,Spain,right,185.0,1500000.0
295183,Răzvan Marin,2024,Romania,Bucharest,Romania,right,178.0,15000000.0
295313,Taiwo Awoniyi,2024,Nigeria,Ilorin,Nigeria,right,183.0,30000000.0
295330,Kelechi Iheanacho,2022,Nigeria,Imo,Nigeria,left,185.0,20000000.0
295331,Isaac Success,2023,Nigeria,Benin City,Nigeria,right,182.0,5000000.0
295622,Keidi Bare,2022,Albania,Fier,Albania,right,174.0,4000000.0
296359,Félix Eboa Eboa,2018,Cameroon,Douala,Cameroon,right,186.0,5000000.0
296397,Arne Maier,2024,Germany,Ludwigsfelde,Germany,right,186.0,24000000.0
296422,Fodé Ballo-Touré,2024,France,Conflans-Sainte-Honorine,Senegal,left,182.0,12000000.0
296879,Steffen Tigges,2023,Germany,Osnabrck,Germany,left,194.0,3500000.0
296986,Tyler Roberts,2022,England,Gloucester,Wales,right,180.0,8000000.0
297070,Hamari Traoré,2024,Mali,Bamako,Mali,right,175.0,10000000.0
297212,Joe Rodon,2023,Wales,Swansea,Wales,right,193.0,10000000.0
298091,Harry Souttar,2024,Scotland,Aberdeen,Australia,right,198.0,15000000.0
298410,João Pedro,2023,Portugal,So Miguel,Guinea-Bissau,right,185.0,450000.0
298575,Kike Barja,2024,Spain,Noin,Spain,right,179.0,4000000.0
298583,Eray Cömert,2024,Switzerland,Rheinfelden,Switzerland,right,183.0,4000000.0
298589,David García,2023,Spain,Ibero,Spain,both,186.0,20000000.0
298635,Grigoris Kastanos,2024,Cyprus,Sotira,Cyprus,left,179.0,1800000.0
298975,Pol Lirola,2024,Spain,Mollet del Valls,Spain,right,183.0,13000000.0
298976,Borja Mayoral,2024,Spain,Parla,Spain,right,182.0,15000000.0
300532,Pontus Almqvist,2024,Sweden,Nykping,Sweden,left,183.0,3000000.0
300716,Kieran Tierney,2024,Isle of Man,Douglas,Scotland,left,180.0,32000000.0
301236,Francesco Cassata,2021,Italy,Sarzana,Italy,right,183.0,3500000.0
302215,Naby Keïta,2023,Guinea,Conakry,Guinea,right,172.0,65000000.0
302371,Toni Martínez,2024,Spain,Barrio del Progreso,Spain,right,187.0,7000000.0
303116,Gaetano Castrovilli,2024,Italy,Canosa di Puglia,Italy,right,187.0,25000000.0
303254,Fikayo Tomori,2024,Canada,"Calgary, Alberta",England,right,185.0,50000000.0
305274,Fred Onyedinma,2023,Nigeria,Lagos,Nigeria,right,185.0,800000.0
306024,Dominic Calvert-Lewin,2024,England,Sheffield,England,right,189.0,45000000.0
306191,Jason Berthomier,2022,France,Montluon,France,left,177.0,1250000.0
306382,Benjamin Tetteh,2023,Ghana,Accra,Ghana,right,193.0,4500000.0
307183,Sirlord Conteh,2024,Germany,Hamburg,Germany,right,178.0,1500000.0
307519,Fede San Emeterio,2023,Spain,Sierra de Ibio,Spain,right,176.0,5000000.0
308133,Ado Onaiwu,2024,Japan,"Kamikawa, Saitama",Japan,right,180.0,1800000.0
308279,Rolando Mandragora,2024,Italy,Napoli,Italy,left,183.0,15000000.0
309110,Brais Méndez,2024,Spain,Mos,Spain,left,184.0,40000000.0
309400,Kai Havertz,2024,Germany,Aachen,Germany,left,193.0,90000000.0
309944,Tyronne Ebuehi,2024,Netherlands,Haarlem,Nigeria,right,187.0,2500000.0
310458,Giangiacomo Magnani,2023,Italy,Correggio,Italy,right,192.0,5000000.0
310527,Paulo Azzi,2023,Brazil,Bragana Paulista,Brazil,right,188.0,1600000.0
311044,Alfonso Espino,2024,Uruguay,San Jacinto,Uruguay,left,172.0,6000000.0
312314,Otávio,2021,Brazil,Macei,Brazil,right,173.0,8000000.0
312731,Diego Moreno,2020,Colombia,Apartad,Colombia,right,186.0,800000.0
313477,Paolo Ghiglione,2022,Italy,Voghera,Italy,right,191.0,4000000.0
314183,Karlan Grant,2020,England,London,England,right,183.0,10000000.0
314210,Tom Davies,2023,England,Liverpool,England,right,180.0,18000000.0
314288,Lukas Nmecha,2024,Germany,Hamburg,Germany,right,185.0,18000000.0
314353,Trent Alexander-Arnold,2024,England,Liverpool,England,right,175.0,110000000.0
314678,Brahim Díaz,2024,Spain,Mlaga,Morocco,both,170.0,45000000.0
314875,Jarrod Bowen,2024,England,Leominster,England,left,176.0,50000000.0
314912,Jérôme Hergault,2021,France,Montmorency,France,right,185.0,300000.0
314940,Dimitri Liénard,2022,France,Belfort,France,left,181.0,2000000.0
314965,Pedro Pereira,2024,Portugal,Vendas Novas,Portugal,right,185.0,2300000.0
315063,Nahitan Nández,2023,Uruguay,Punta del Este,Uruguay,right,172.0,26000000.0
315110,Karl Toko Ekambi,2022,France,Paris,Cameroon,right,182.0,18000000.0
315131,Timothy Fosu-Mensah,2023,Netherlands,Amsterdam,Netherlands,right,185.0,7000000.0
315145,Azor Matusiwa,2024,Netherlands,Hilversum,Netherlands,right,173.0,13000000.0
315289,Myrto Uzuni,2023,Albania,Berat,Albania,right,178.0,10000000.0
315332,Aymen Barkok,2023,Germany,Frankfurt am Main,Morocco,right,189.0,3500000.0
315762,Luca de la Torre,2023,United States,"San Diego, California",United States,right,177.0,3500000.0
315779,Christian Pulisic,2024,United States,"Hershey, Pennsylvania",United States,right,177.0,60000000.0
315843,Alessandro Semprini,2019,Italy,Brescia,Italy,right,183.0,800000.0
315853,Alessandro Bastoni,2024,Italy,Casalmaggiore,Italy,left,190.0,80000000.0
315862,Filippo Melegoni,2023,Italy,Bergamo,Italy,right,186.0,2000000.0
315865,Andrea Pinamonti,2024,Italy,Cles,Italy,right,185.0,20000000.0
315867,Gianluca Scamacca,2024,Italy,Roma,Italy,right,195.0,35000000.0
315969,Scott McTominay,2024,England,Lancaster,Scotland,right,191.0,40000000.0
316125,Ben Chilwell,2024,England,Milton Keynes,England,left,180.0,50000000.0
316137,Moussa Doumbia,2021,Cote d'Ivoire,Bouak,Mali,right,173.0,2500000.0
316575,Moritz-Broni Kwarteng,2023,Germany,Stuttgart,Germany,both,175.0,1500000.0
316889,Hirving Lozano,2023,Mexico,Mexico City,Mexico,right,175.0,45000000.0
316934,Nikola Moro,2024,Croatia,Split,Croatia,right,184.0,9000000.0
318204,David Raum,2024,Germany,Nrnberg,Germany,left,181.0,26000000.0
318523,Romain Perraud,2024,France,Toulouse,France,left,173.0,12000000.0
319160,Jakub Jankto,2024,Czech Republic,Praha,Czech Republic,left,184.0,15000000.0
319301,Daniel James,2022,England,Beverley,Wales,right,171.0,28000000.0
319745,Dani Ceballos,2024,Spain,Utrera,Spain,right,179.0,45000000.0
319900,Elijah Adebayo,2023,England,London,England,,193.0,12000000.0
320271,Toni Lato,2024,Spain,La Pobla de Vallbona,Spain,left,171.0,8000000.0
320411,Philip Billing,2024,Denmark,Copenhagen,Denmark,left,193.0,22000000.0
321070,Hannes Wolf,2023,Austria,Graz,Austria,left,179.0,12000000.0
321528,Denzel Dumfries,2024,Netherlands,Rotterdam,Netherlands,right,188.0,30000000.0
322305,Jean-Victor Makengo,2023,France,tampes,France,left,177.0,10000000.0
322655,Flavius Daniliuc,2024,Austria,Wien,Austria,right,188.0,8000000.0
322985,Gustavo Hamer,2023,Brazil,Itajai,Netherlands,right,169.0,16000000.0
323147,Enrico Brignola,2019,Italy,Caserta,Italy,left,168.0,4500000.0
323169,Sergio García,2014,Spain,Rota,Spain,,182.0,100000.0
323831,Rafael Borré,2023,Colombia,Barranquilla,Colombia,right,174.0,20000000.0
323872,Andrés Cubas,2020,Argentina,Aristbulo del Valle,Paraguay,right,166.0,4500000.0
323954,Walace,2023,Brazil,Salvador,Brazil,right,188.0,14000000.0
324223,James Bree,2024,England,Wakefield,England,right,178.0,3000000.0
324278,Christoph Baumgartner,2024,Austria,Horn,Austria,right,180.0,24000000.0
324282,Fabio Depaoli,2022,Italy,Riva del Garda,Italy,right,182.0,5000000.0
324358,Ollie Watkins,2024,England,Torquay,England,right,180.0,65000000.0
324377,Youssef Maleh,2024,Italy,Castel San Pietro Terme,Morocco,left,179.0,5000000.0
324804,Yann Karamoh,2024,Cote d'Ivoire,Abidjan,France,right,184.0,10000000.0
324811,Arnaud Nordin,2024,France,Paris,France,both,170.0,8000000.0
325993,Oliver Abildgaard,2022,Denmark,Aalborg,Denmark,left,192.0,7500000.0
326029,Donyell Malen,2024,Netherlands,Wieringen,Netherlands,right,176.0,40000000.0
326300,Jeff Reine-Adélaïde,2023,France,Champigny-sur-Marne,France,right,184.0,25000000.0
326330,Frenkie de Jong,2024,Netherlands,Arkel,Netherlands,right,181.0,90000000.0
326416,Dani Calvo,2020,Spain,Huesca,Spain,right,193.0,1500000.0
327126,Anuar,2024,Spain,Ceuta,Morocco,right,173.0,1500000.0
327863,Akim Zedadka,2023,France,Pertuis,Algeria,right,173.0,4000000.0
328658,Kristoffer Ajer,2024,Norway,Rlingen,Norway,right,198.0,18000000.0
329373,Carlo Boukhalfa,2024,Germany,Freiburg im Breisgau,Germany,left,186.0,1000000.0
330208,Alessandro Vogliacco,2024,Italy,Acquaviva delle Fonti,Italy,right,186.0,2000000.0
330223,Hendrik Weydandt,2018,Germany,Gehrden,Germany,right,195.0,1500000.0
330659,Justin Kluivert,2024,Netherlands,Zaandam,Netherlands,both,172.0,35000000.0
331362,Benedikt Pichler,2024,Austria,Salzburg,Austria,right,188.0,2000000.0
331389,Andrés Tello,2020,Colombia,Medelln,Colombia,right,180.0,1500000.0
331496,Valery Fernández,2024,Spain,L'Escala,Spain,right,182.0,5000000.0
331505,Óscar Mingueza,2024,Spain,Santa Perptua de Mogoda,Spain,right,184.0,20000000.0
331560,Takehiro Tomiyasu,2024,Japan,"Fukuoka, Fukuoka",Japan,right,188.0,35000000.0
331726,Tammy Abraham,2024,England,London,England,right,194.0,50000000.0
332560,Deiver Machado,2024,Colombia,Tad,Colombia,left,180.0,4000000.0
332697,Weston McKennie,2024,United States,"Little Elm, Texas",United States,right,185.0,28000000.0
332705,Tyler Adams,2024,United States,"Wappingers Falls, New York",United States,right,175.0,20000000.0
332889,Valentin Rongier,2024,France,Mcon,France,right,172.0,22000000.0
333014,Sander Berge,2024,Norway,Brum,Norway,right,195.0,25000000.0
333241,Joelinton,2024,Brazil,Aliana,Brazil,right,186.0,42000000.0
333361,Chumi,2023,Spain,Laracha,Spain,right,183.0,2500000.0
333383,Bonke Innocent,2023,Nigeria,Kaduna,Nigeria,right,178.0,2000000.0
333516,Sebastian Vasiliadis,2021,Germany,Auenwald,Greece,right,177.0,4000000.0
333647,Jonathan Burkardt,2024,Germany,Darmstadt,Germany,right,183.0,35000000.0
334186,Fabian Kunze,2021,Germany,Bielefeld,Germany,right,191.0,1500000.0
334213,Lukas Daschner,2023,Germany,Duisburg,Germany,both,185.0,1500000.0
334221,Amos Pieper,2024,Germany,Ldinghausen,Germany,right,192.0,7000000.0
334222,Lucas Boyé,2023,Argentina,San Gregorio,Argentina,right,183.0,15000000.0
334526,Denis Zakaria,2024,Switzerland,Genf,Switzerland,right,190.0,45000000.0
334557,Chiquinho,2024,Portugal,Santo Tirso,Portugal,right,175.0,9000000.0
334835,Toma Bašić,2024,Croatia,Zagreb,Croatia,left,190.0,10000000.0
335103,Linton Maina,2023,Germany,Berlin,Germany,right,180.0,9000000.0
335147,Junior Sambia,2024,France,Lyon,France,right,185.0,6500000.0
335721,Ben White,2024,England,Poole,England,right,186.0,55000000.0
336125,Mërgim Vojvoda,2024,Germany,Hof (Saale),Kosovo,right,187.0,5500000.0
336747,Jorge Pombo,2020,Spain,Zaragoza,Spain,right,177.0,1200000.0
336960,Giuseppe Pezzella,2024,Italy,Napoli,Italy,left,187.0,6000000.0
337036,Florent Muslija,2024,Germany,Achern,Kosovo,right,172.0,3000000.0
337066,Toni Villa,2023,Spain,Lorqu,Spain,right,172.0,6000000.0
337333,Alex Král,2024,Slovakia,Koice,Czech Republic,right,186.0,10000000.0
337381,Andrea Cistana,2019,Italy,Brescia,Italy,right,185.0,8000000.0
337715,Umar Sadiq,2024,Nigeria,Kaduna,Nigeria,right,191.0,18000000.0
337716,Claud Adjapong,2019,Italy,Modena,Italy,right,180.0,4000000.0
337725,Christian Kouamé,2024,Cote d'Ivoire,Abidjan,Cote d'Ivoire,right,185.0,22000000.0
337798,Abdu Conté,2022,Guinea-Bissau,Bissau,Portugal,,183.0,3000000.0
337811,Francesco Gelli,2023,Italy,Livorno,Italy,right,173.0,1000000.0
337922,Esteban Burgos,2020,Argentina,Salta,Argentina,right,191.0,3000000.0
337946,Jairo Izquierdo,2020,Spain,Santa Cruz de Tenerife,Spain,left,165.0,800000.0
338032,Deyovaisio Zeefuik,2022,Netherlands,Amsterdam,Netherlands,right,177.0,5000000.0
338285,Unai Núñez,2024,Spain,Portugalete,Spain,right,186.0,20000000.0
338425,Álex Berenguer,2024,Spain,Baraain,Spain,right,175.0,15000000.0
338629,Sebastiaan Bornauw,2024,Belgium,Wemmel,Belgium,right,191.0,14000000.0
338635,Hannes Delcroix,2023,Haiti,Grande Hatte,Belgium,left,183.0,4000000.0
338668,Senne Lynen,2024,Belgium,Antwerpen,Belgium,right,185.0,9000000.0
339314,Deniz Undav,2024,Germany,Varel,Germany,both,179.0,28000000.0
339808,Theo Hernández,2024,France,Marseille,France,left,184.0,60000000.0
339816,Tete Morente,2024,Spain,La Lnea de la Concepcin,Spain,right,184.0,3000000.0
340070,Simone Edera,2022,Italy,Torino,Italy,left,174.0,1500000.0
340151,Andrea Favilli,2021,Italy,Pisa,Italy,right,191.0,6500000.0
340205,Gorka Guruzeta,2024,Spain,Donostia-San Sebastin,Spain,right,188.0,18000000.0
340321,Josh Dasilva,2024,England,London,England,left,184.0,16000000.0
340322,Nathan Tella,2024,England,Stevenage,Nigeria,right,173.0,23000000.0
340324,Eddie Nketiah,2024,England,London,England,right,175.0,35000000.0
340328,Stephy Mavididi,2024,England,Derby,England,right,182.0,11000000.0
340329,Joe Willock,2024,England,London,England,right,186.0,38000000.0
340339,Jorge Sáenz,2024,Spain,Santa Cruz de Tenerife,Spain,right,188.0,3000000.0
340376,Abel Ruiz,2024,Spain,Almussafes,Spain,right,182.0,14000000.0
340394,Abdelhamid Sabiri,2023,Morocco,Goulmima,Morocco,right,186.0,4000000.0
340456,Noussair Mazraoui,2024,Netherlands,Leiderdorp,Morocco,right,183.0,32000000.0
340459,Dani de Wit,2024,Netherlands,Hoorn,Netherlands,right,184.0,5000000.0
340707,Leonardo Sernicola,2022,Italy,Civita Castellana,Italy,right,187.0,2000000.0
340853,Javi Sánchez,2024,Spain,Getafe,Spain,right,189.0,3000000.0
340867,Jaime Seoane,2022,Spain,Madrid,Spain,right,177.0,4000000.0
340950,Diogo Jota,2024,Portugal,Porto,Portugal,right,178.0,60000000.0
341051,Kyle Walker-Peters,2024,England,London,England,right,173.0,25000000.0
341092,Federico Chiesa,2024,Italy,Genova,Italy,right,175.0,70000000.0
341110,Franco Cervi,2024,Argentina,San Lorenzo,Argentina,left,166.0,18000000.0
341227,Juan Miranda,2024,Spain,Olivares,Spain,left,185.0,11000000.0
341278,Iván Martín,2024,Spain,Bilbao,Spain,left,178.0,15000000.0
341317,Oliver Burke,2024,Scotland,Kirkcaldy,Scotland,right,188.0,12000000.0
341501,Hamza Choudhury,2022,England,Loughborough,England,right,178.0,10000000.0
341705,Gerson,2022,,Rio de Janeiro,,left,184.0,22000000.0
341710,William,2021,Brazil,Pelotas,Brazil,right,176.0,14000000.0
342024,João Pedro,2018,Brazil,Presidente Prudente,Brazil,right,179.0,3000000.0
342039,Yannik Keitel,2024,Germany,Breisach am Rhein,Germany,both,186.0,5000000.0
342048,Grady Diangana,2020,DR Congo,Lubumbashi,England,left,180.0,12000000.0
342209,Kévin N'Doram,2023,France,Saint-Sbastien-sur-Loire,France,right,184.0,6000000.0
342226,Irvin Cardona,2024,France,Nmes,France,right,185.0,8000000.0
342229,Kylian Mbappé,2024,France,Paris,France,right,178.0,200000000.0
342385,Guido Rodríguez,2024,Argentina,Senz Pea,Argentina,right,185.0,28000000.0
343052,Nicolas Pépé,2024,France,Mantes-la-Jolie,Cote d'Ivoire,left,183.0,75000000.0
343463,Cyle Larin,2024,Canada,"Brampton, Ontario",Canada,right,188.0,11500000.0
343475,Ben Godfrey,2024,England,York,England,right,184.0,25000000.0
343488,João Gomes,2015,Portugal,Castelo Branco,Portugal,right,190.0,50000.0
343537,Artem Dovbyk,2024,Ukraine,Cherkasy,Ukraine,left,189.0,35000000.0
343945,Niccolò Zanellato,2020,Italy,Milano,Italy,right,187.0,1800000.0
344009,Nathan Broadhead,2024,Wales,Bangor,Wales,right,178.0,5000000.0
344069,Anton Stach,2024,Germany,Buchholz in der Nordheide,Germany,right,194.0,15000000.0
344072,Kelvin Amian,2024,France,Toulouse,France,right,180.0,7000000.0
344381,Christopher Nkunku,2024,France,Lagny-sur-Marne,France,right,177.0,80000000.0
344575,Antonin Bobichon,2022,France,Bagnols-sur-Cze,France,right,178.0,5000000.0
344598,Dan-Axel Zagadou,2024,France,Crteil,France,left,196.0,35000000.0
344599,Yassine Benrahou,2020,France,Le Blanc-Mesnil,Morocco,left,172.0,4000000.0
344605,Boubakary Soumaré,2024,France,Noisy-le-Sec,France,right,188.0,28000000.0
344695,Dayot Upamecano,2024,France,vreux,France,right,186.0,60000000.0
344830,Tahith Chong,2023,Netherlands Antilles,Willemstad,Netherlands,left,185.0,7000000.0
344888,Habib Diallo,2022,,This,,right,186.0,18000000.0
344892,Gauthier Hein,2022,France,Thionville,France,left,170.0,3000000.0
345041,Vlatko Stojanovski,2019,Macedonia,Delcevo,North Macedonia,right,186.0,500000.0
345189,Luka Lochoshvili,2022,Georgia,Tiflis,Georgia,left,192.0,1800000.0
345458,Sebastian Walukiewicz,2024,Poland,Gorzw Wielkopolski,Poland,right,188.0,10000000.0
345590,Jens Odgaard,2024,Denmark,Hillerd,Denmark,left,188.0,12000000.0
346018,Jamal Lewis,2024,England,Luton,Northern Ireland,left,178.0,17000000.0
346289,Mouctar Diakhaby,2024,France,Vendme,Guinea,right,192.0,30000000.0
346314,Trevoh Chalobah,2024,Sierra Leone,Freetown,England,right,192.0,22000000.0
346332,Nassim Boujellab,2022,Germany,Hagen,Morocco,both,182.0,1500000.0
346478,Japhet Tanganga,2023,England,London,England,right,184.0,15000000.0
346499,Danel Sinani,2024,Yugoslavia (Republic),Belgrad,Luxembourg,left,185.0,1500000.0
346561,Luca Ranieri,2024,Italy,La Spezia,Italy,left,187.0,12000000.0
346567,Luca Pellegrini,2024,Italy,Roma,Italy,left,178.0,15000000.0
346707,Sean Longstaff,2024,England,Newcastle upon Tyne,England,right,187.0,25000000.0
346766,Guilherme Arana,2019,Brazil,So Paulo,Brazil,left,176.0,14000000.0
346849,Christoph Klarer,2023,Austria,Bheimkirchen,Austria,right,191.0,3000000.0
346853,Romano Schmid,2024,Austria,Graz,Austria,right,168.0,15000000.0
346890,Noah Okafor,2024,Switzerland,Binningen,Switzerland,right,185.0,25000000.0
346918,Paulinho,2015,Brazil,Belo Horizonte,Brazil,,173.0,250000.0
347253,Dany Mota,2024,Luxembourg,Niederkorn,Portugal,right,180.0,6000000.0
347595,Clément Depres,2020,France,Nmes,France,right,188.0,1500000.0
348026,Nordi Mukiele,2024,France,Montreuil,France,right,187.0,25000000.0
348791,Junya Ito,2024,Japan,"Yokosuka, Kanagawa",Japan,right,176.0,10000000.0
348795,Giovani Lo Celso,2024,Argentina,Rosario,Argentina,left,177.0,50000000.0
349066,Alexander Isak,2024,Sweden,Solna,Sweden,right,192.0,100000000.0
349433,Fabian Nürnberger,2023,Germany,Hamburg,Bulgaria,left,181.0,2500000.0
349503,Conor Chaplin,2024,England,Worthing,England,left,168.0,8000000.0
349599,Pervis Estupiñán,2024,Ecuador,Esmeraldas,Ecuador,left,175.0,35000000.0
349701,Antonee Robinson,2024,England,Milton Keynes,United States,left,183.0,35000000.0
349836,Diego González,2022,Spain,Chiclana de la Frontera (Cdiz),Spain,right,185.0,2000000.0
349856,Son,2021,Spain,Sevilla,Spain,right,178.0,1000000.0
351749,Kalvin Phillips,2024,England,Leeds,England,right,179.0,50000000.0
351755,Darnell Furlong,2020,England,Luton,England,right,183.0,5000000.0
351816,Ismaël Bennacer,2024,France,Arles,Algeria,left,175.0,40000000.0
351843,Yoann Salmier,2023,France,Villiers-le-Bel,French Guiana,right,188.0,2000000.0
351955,Federico Baschirotto,2024,Italy,Isola della Scala,Italy,right,187.0,8000000.0
353032,Omar Alderete,2024,Paraguay,Asuncin,Paraguay,left,188.0,10000000.0
353366,Benjamin Pavard,2024,France,Maubeuge,France,right,186.0,50000000.0
353399,Romain Del Castillo,2024,France,Lyon,France,left,172.0,10000000.0
353404,Gaëtan Perrin,2024,France,Lyon,France,right,169.0,6000000.0
353796,Giulio Maggiore,2023,Italy,Genova,Italy,right,184.0,8500000.0
353892,Hiroki Ito,2024,Japan,"Hamamatsu, Shizuoka",Japan,left,188.0,30000000.0
353948,Lucas Tousart,2024,France,Arras,France,right,184.0,25000000.0
354666,Shamar Nicholson,2023,Jamaica,Kingston,Jamaica,right,192.0,7500000.0
354726,Florian Sotoca,2024,France,Narbonne,France,right,187.0,4000000.0
354909,Giorgio Altare,2023,Italy,Bergamo,Italy,right,190.0,2000000.0
355335,Adrián Diéguez,2018,Spain,Madrid,Spain,left,188.0,800000.0
355627,Sergio Akieme,2024,Spain,Madrid,Spain,left,175.0,9000000.0
355628,Igor Zubeldia,2024,Spain,Azkoitia,Spain,right,181.0,30000000.0
355816,Ko Itakura,2024,Japan,"Yokohama, Kanagawa",Japan,right,188.0,15000000.0
355861,Arnaut Danjuma,2024,Nigeria,Lagos,Netherlands,right,178.0,50000000.0
355915,Cristian Romero,2024,Argentina,Crdoba,Argentina,right,185.0,65000000.0
356118,Suleiman Abdullahi,2021,Nigeria,Kaduna,Nigeria,right,185.0,2000000.0
356141,Daichi Kamada,2024,Japan,"Iyo, Ehime",Japan,right,180.0,30000000.0
356197,Alfonso Pedraza,2024,Spain,San Sebastin de los Ballesteros,Spain,left,184.0,22000000.0
357072,Faitout Maouassa,2023,France,Villepinte,France,left,170.0,13000000.0
357119,Ibrahima Konaté,2024,France,Paris,France,right,194.0,60000000.0
357147,Diogo Dalot,2024,Portugal,Braga,Portugal,right,183.0,40000000.0
357156,Diogo Leite,2024,Portugal,Porto,Portugal,left,190.0,17000000.0
357158,Rúben Vinagre,2023,Portugal,Charneca da Caparica,Portugal,left,174.0,10000000.0
357164,Rafael Leão,2024,Portugal,Almada,Portugal,right,188.0,90000000.0
357498,Dušan Vlahović,2024,Yugoslavia (Republic),Belgrad,Serbia,left,190.0,85000000.0
357662,Declan Rice,2024,England,London,England,right,188.0,120000000.0
357796,Domagoj Bradarić,2024,Croatia,Split,Croatia,left,178.0,7000000.0
357884,Fernando Calero,2024,Spain,Boecillo (Valladolid),Spain,right,184.0,10000000.0
357885,Pablo Fornals,2024,Spain,Castell de la Plana,Spain,right,178.0,30000000.0
358008,Gianluca Gaetano,2024,Italy,Cimitile,Italy,right,183.0,6000000.0
358032,Cyril Ngonge,2024,Belgium,Ukkel,Belgium,left,180.0,12000000.0
358115,Luis Pérez,2024,Spain,Utrera,Spain,right,173.0,2000000.0
358165,Yordan Osorio,2024,Venezuela,Barinas,Venezuela,right,189.0,4000000.0
358166,Eldor Shomurodov,2024,Uzbekistan,"Jarkurgan, Surxondaryo Region",Uzbekistan,right,190.0,14000000.0
358250,Joseph Aidoo,2024,Ghana,Tema,Ghana,right,181.0,8000000.0
358421,Jakob Johansson,2018,,,Denmark,right,181.0,350000.0
358515,Jean-Philippe Krasso,2021,Germany,Stuttgart,Cote d'Ivoire,left,187.0,6000000.0
358870,Dennis Jastrzembski,2021,Germany,Rendsburg,Germany,left,180.0,1000000.0
360518,Teun Koopmeiners,2024,Netherlands,Castricum,Netherlands,left,184.0,55000000.0
361068,Jurgen Ekkelenkamp,2024,Netherlands,Zeist,Netherlands,right,188.0,7500000.0
361093,Sven Botman,2024,Netherlands,Badhoevedorp,Netherlands,left,195.0,45000000.0
361238,Rubén García,2024,Spain,Elche,Spain,right,180.0,250000.0
361254,Rafa Mir,2024,Spain,Cartagena,Spain,right,191.0,16000000.0
361260,Ozan Kabak,2024,Trkiye,Ankara,Trkiye,right,187.0,32000000.0
361914,Nayef Aguerd,2024,Morocco,Knitra,Morocco,left,190.0,38000000.0
362108,Gabriel Gudmundsson,2024,Sweden,Malm,Sweden,left,180.0,9000000.0
362842,Arthur Melo,2024,Brazil,Goinia,Brazil,right,172.0,70000000.0
363205,Gabriel Jesus,2024,Brazil,So Paulo,Brazil,right,175.0,80000000.0
364133,Pietro Pellegri,2024,Italy,Genova,Italy,right,189.0,8000000.0
364135,Moise Kean,2024,Italy,Vercelli,Italy,right,183.0,40000000.0
364245,Jordan Teze,2024,Netherlands,Groningen,Netherlands,right,183.0,18000000.0
364258,Bernardo,2024,Brazil,So Paulo,Brazil,left,186.0,9000000.0
364405,Adama Traoré,2020,Mali,Bamako,Mali,left,178.0,5000000.0
364409,Gabriel Osho,2024,England,Reading,Nigeria,right,185.0,3000000.0
364525,Bevic Moussiti-Oko,2022,,Brazzaville,,right,184.0,800000.0
364827,Cédric Kipré,2024,France,Paris,Cote d'Ivoire,right,193.0,3000000.0
364857,Falaye Sacko,2024,Mali,Bamako,Mali,right,180.0,4000000.0
365108,Dan Ndoye,2024,Switzerland,Nyon,Switzerland,right,184.0,25000000.0
365172,Patson Daka,2024,Zambia,Chingola,Zambia,right,183.0,22000000.0
366045,Ablie Jallow,2023,The Gambia,Bundung,The Gambia,left,166.0,2000000.0
366930,Sergio Gómez,2024,Spain,Badalona,Spain,left,171.0,20000000.0
367466,Thierry Correia,2024,Portugal,Amadora,Portugal,right,176.0,14000000.0
367992,Jesper Karlsson,2024,Sweden,Falkenberg,Sweden,right,179.0,18000000.0
368559,Ádám Nagy,2018,Hungary,Budapest,Hungary,right,178.0,3500000.0
368887,Loïs Openda,2024,Belgium,Lige,Belgium,right,177.0,60000000.0
368891,Arthur Theate,2024,Belgium,Lige,Belgium,left,185.0,24000000.0
369081,Federico Valverde,2024,Uruguay,Montevideo,Uruguay,right,182.0,130000000.0
369567,Sasa Kalajdzic,2024,Austria,Wien,Austria,right,200.0,25000000.0
370683,Andreas Hanche-Olsen,2024,Norway,Bod,Norway,right,185.0,9000000.0
370691,Francis Guerrero,2019,Spain,Con,Spain,right,175.0,7500000.0
370789,Julian Ryerson,2024,Norway,Lyngdal,Norway,right,183.0,20000000.0
370791,Pablo Rosario,2024,Netherlands,Amsterdam,Netherlands,right,185.0,13000000.0
370846,Timothy Weah,2024,United States,"New York City, New York",United States,right,183.0,17000000.0
371436,Francisco Sierralta,2021,Chile,Las Condes,Chile,right,192.0,2000000.0
371554,Kevin Spadanuda,2022,,Blach,,right,177.0,800000.0
371814,Nathaniel Phillips,2023,England,Bolton,England,right,190.0,8000000.0
371851,Jaka Bijol,2024,Slovenia,Vuzenica,Slovenia,right,190.0,18000000.0
372246,Carlos Soler,2024,Spain,Valencia,Spain,right,180.0,50000000.0
372670,Paulinho,2016,Portugal,So Joo da Madeira,Portugal,right,176.0,200000.0
372711,Amine Harit,2024,France,Pontoise,Morocco,right,180.0,30000000.0
372712,Ibrahima Sissoko,2024,France,Meaux,Mali,right,193.0,8000000.0
372713,Florian Ayé,2024,France,Paris,France,right,184.0,4000000.0
372809,Petko Hristov,2022,Bulgaria,Sofia,Bulgaria,right,191.0,1000000.0
373373,Lucas Martínez Quarta,2023,Argentina,Mar del Plata,Argentina,right,183.0,15000000.0
373899,Jacopo Segre,2022,Italy,Torino,Italy,right,185.0,1700000.0
374040,Vincent Marchetti,2022,France,Ajaccio,France,left,181.0,3000000.0
374139,Junior Firpo,2022,,Santo Domingo de Guzmn,,left,184.0,25000000.0
375391,Joel Asoro,2023,Sweden,Haninge,Sweden,right,176.0,2500000.0
375885,Ibrahim Sangaré,2024,Cote d'Ivoire,Abidjan,Cote d'Ivoire,right,191.0,35000000.0
377219,Selim Amallah,2024,Belgium,Hautrage,Morocco,right,185.0,7000000.0
377393,Pierre Lees-Melou,2024,France,Langon,France,right,185.0,10000000.0
378139,Aitor Ruibal,2024,Spain,Sallent de Llobregat,Spain,right,176.0,5000000.0
378293,Yangel Herrera,2024,Venezuela,"La Guaira, Vargas",Venezuela,right,184.0,25000000.0
378954,Joris Gnagnon,2020,France,Bondy,France,right,182.0,15000000.0
378965,Cheick Traoré,2020,France,Paris,Mali,right,174.0,1500000.0
379807,Lyanco,2022,Brazil,Vitria,Brazil,right,187.0,8000000.0
379877,Luis Henrique,2020,Brazil,Vila Velha,Brazil,right,184.0,750000.0
380350,Igor,2024,Brazil,Bom Sucesso,Brazil,left,188.0,22000000.0
380598,Santi Comesaña,2024,Spain,Vigo,Spain,both,188.0,8000000.0
381187,Emmanuel Sabbi,2023,Italy,Vicenza,United States,right,178.0,2500000.0
381362,Wesley Moraes,2021,Brazil,Juiz de Fora,Brazil,right,191.0,30000000.0
381753,Ilia Gruev,2023,Bulgaria,Sofia,Bulgaria,left,185.0,5000000.0
381950,Alexis Saelemaekers,2024,Belgium,Berchem-Sainte-Agathe,Belgium,right,180.0,20000000.0
381967,Albert Sambi Lokonga,2024,Belgium,Verviers,Belgium,right,183.0,16000000.0
382571,Francesco Forte,2016,Italy,Pozzuoli,Italy,,190.0,125000.0
384060,Tino Kadewere,2024,Zimbabwe,Harare,Zimbabwe,right,183.0,14000000.0
384553,Luca Kilian,2023,Germany,Witten,Germany,right,192.0,4500000.0
384593,Alexis Claude-Maurice,2024,France,Noisy-le-Grand,France,right,176.0,12000000.0
384745,Tobias Raschl,2021,Germany,Dsseldorf,Germany,right,177.0,1500000.0
384859,Fabien Centonze,2024,France,Voiron,France,right,182.0,8000000.0
385105,Gabriel Suazo,2024,Chile,San Bernardo,Chile,left,178.0,4000000.0
385271,Allan,2018,Brazil,Porto Alegre,Brazil,left,172.0,7000000.0
385394,Alberto Dossena,2024,Italy,Brescia,Italy,right,195.0,7000000.0
386047,Axel Disasi,2024,France,Gonesse,France,right,191.0,42000000.0
386057,Julien Laporte,2023,France,Aurillac,France,right,185.0,3000000.0
386315,Nathaël Julan,2018,France,Montvilliers,France,right,196.0,2000000.0
386446,Alessandro Buongiorno,2024,Italy,Torino,Italy,left,190.0,45000000.0
386552,Lassana Coulibaly,2024,Mali,Bamako,Mali,right,183.0,5000000.0
386755,Gianluca Frabotta,2022,Italy,Roma,Italy,left,187.0,2500000.0
387047,Danilho Doekhi,2024,Netherlands,Rotterdam,Netherlands,right,190.0,17000000.0
387106,Lovro Majer,2024,Croatia,Zagreb,Croatia,left,178.0,27000000.0
387234,Szymon Żurkowski,2024,Poland,Tychy,Poland,right,185.0,7000000.0
387626,Leon Bailey,2024,Jamaica,Kingston,Jamaica,left,178.0,45000000.0
388160,Fraser Hornby,2023,England,Northampton,Scotland,right,195.0,2000000.0
388165,Yoane Wissa,2024,France,Villeneuve-Saint-George,DR Congo,right,176.0,30000000.0
388198,Nico Schlotterbeck,2024,Germany,Waiblingen,Germany,left,191.0,40000000.0
388294,Omar Traoré,2024,Germany,Osnabrck,Germany,right,187.0,4000000.0
388382,Assan Ceesay,2023,The Gambia,Banjul,The Gambia,left,188.0,3000000.0
388409,Philipp Sander,2024,Germany,Rostock,Germany,both,186.0,4000000.0
388795,Oumar Gonzalez,2022,Cameroon,Douala,Cameroon,right,186.0,2500000.0
389324,Fernandinho,2018,,,Brazil,left,169.0,75000.0
389837,Nicolò Casale,2024,Italy,Negrar,Italy,right,191.0,22000000.0
390160,Salvatore Esposito,2022,Italy,Castellammare di Stabia,Italy,right,178.0,3500000.0
391004,Jonas Wind,2024,Denmark,Hvidovre,Denmark,right,190.0,25000000.0
391192,Jean-Claude Billong,2022,France,Mantes-la-Jolie,Cameroon,right,192.0,1000000.0
391376,Lamine Fomba,2024,France,Rosny-sous-Bois,France,right,188.0,4000000.0
391719,Domingos Quina,2023,Guinea-Bissau,Bissau,Portugal,right,173.0,5000000.0
391780,Derrick Köhn,2024,Germany,Hamburg,Germany,left,180.0,6000000.0
392085,Nicolò Zaniolo,2024,Italy,Massa,Italy,left,190.0,55000000.0
392163,Noah Weißhaupt,2024,Germany,Rostock,Germany,right,181.0,7000000.0
392516,Antonino Gallo,2024,Italy,Palermo,Italy,left,183.0,5500000.0
392538,Tommaso Pobega,2024,Italy,Trieste,Italy,left,188.0,18000000.0
392545,Frank Tsadjout,2022,Italy,Perugia,Italy,left,190.0,1200000.0
392569,Gabriele Zappa,2024,Italy,Monza,Italy,right,187.0,7000000.0
392591,Chiedozie Ogbene,2024,Nigeria,Lagos,Ireland,right,181.0,8000000.0
392710,Lennard Maloney,2024,Germany,Berlin,United States,right,188.0,5000000.0
392763,Ian Poveda,2022,England,London,England,left,167.0,2000000.0
392765,Emile Smith Rowe,2024,England,London,England,right,182.0,40000000.0
392768,Callum Hudson-Odoi,2024,England,London,England,right,178.0,35000000.0
392770,Angel Gomes,2024,England,London,England,right,166.0,28000000.0
392771,Ethan Ampadu,2022,England,Exeter,Wales,right,182.0,15000000.0
392775,Ryan Sessegnon,2024,England,London,England,left,178.0,35000000.0
392810,Casimir Ninga,2021,Chad,Mandoul,Chad,right,186.0,3000000.0
392959,Andrea Colpani,2024,Italy,Brescia,Italy,left,184.0,18000000.0
392966,Nadir Zortea,2024,Italy,Feltre,Italy,right,187.0,4500000.0
393238,Zakaria Aboukhlal,2024,Netherlands,Rotterdam,Morocco,both,179.0,12000000.0
393323,Brenden Aaronson,2023,United States,"Medford, New Jersey",United States,right,177.0,30000000.0
393325,Josh Sargent,2021,United States,"O'Fallon, Missouri",United States,right,185.0,12000000.0
393512,Felix Agu,2024,Germany,Osnabrck,Germany,right,180.0,6000000.0
393904,Filippo Delli Carri,2021,Italy,Torino,Italy,left,191.0,400000.0
394033,Stefan Schimmer,2024,Germany,Wertingen,Germany,right,185.0,500000.0
394285,Víctor Campuzano,2019,Spain,Barcelona,Spain,left,174.0,3000000.0
394300,Davide Frattesi,2024,Italy,Roma,Italy,right,178.0,35000000.0
394327,Boubacar Kamara,2024,France,Marseille,France,right,184.0,38000000.0
394346,Emanuel Vignato,2023,Italy,Negrar,Italy,right,175.0,6000000.0
394694,Sergio Ruiz,2023,Spain,Astillero,Spain,right,176.0,2000000.0
395236,Yacine Adli,2024,France,Vitry-sur-Seine,France,right,186.0,15000000.0
395516,Moussa Diaby,2023,France,Paris,France,left,170.0,60000000.0
395693,Houssem Aouar,2023,France,Lyon,Algeria,right,175.0,55000000.0
395695,Elisha Owusu,2024,France,Montreuil,Ghana,right,182.0,7500000.0
396174,Jimmy Dunne,2020,Ireland,Drogheda,Ireland,right,191.0,4000000.0
396334,Joaquín Muñoz,2020,Spain,Mlaga,Spain,both,172.0,1000000.0
397033,Sandro Tonali,2024,Italy,Lodi,Italy,right,181.0,60000000.0
397171,Gideon Mensah,2024,Ghana,Accra,Ghana,left,178.0,3500000.0
397225,Alessandro Zanoli,2024,Italy,Carpi,Italy,right,188.0,6000000.0
397486,Dennis Man,2024,Romania,Vladimirescu,Romania,left,183.0,17000000.0
398030,Giuseppe Caso,2023,Italy,Torre Annunziata,Italy,right,172.0,3000000.0
398065,Harvey Barnes,2024,England,Burnley,England,right,182.0,35000000.0
398073,Achraf Hakimi,2024,Spain,Madrid,Morocco,right,181.0,70000000.0
398163,Gonzalo Villar,2023,Spain,Murcia,Spain,right,181.0,15000000.0
398402,Sam Surridge,2022,England,Slough,England,right,190.0,5500000.0
399776,Pau Torres,2024,Spain,Villarreal,Spain,left,192.0,50000000.0
399887,Esteban Rolón,2018,Argentina,Posadas,Argentina,right,175.0,1000000.0
400485,Adam Ounas,2023,France,Chambray-ls-Tours,Algeria,left,172.0,10000000.0
400931,Ibrahima Diallo,2016,Guinea,Tliml,Guinea,left,181.0,75000.0
401173,Jadon Sancho,2024,England,London,England,right,180.0,130000000.0
401320,Dara O'Shea,2024,Ireland,Dublin,Ireland,right,189.0,14000000.0
401356,Edson Álvarez,2024,Mexico,Tlalnepantla,Mexico,right,190.0,35000000.0
401527,Rogério,2024,Brazil,Nobres,Brazil,left,178.0,10000000.0
401529,Dodô,2024,Brazil,Taubat,Brazil,right,166.0,22000000.0
401530,Éder Militão,2024,Brazil,Sertozinho,Brazil,right,186.0,70000000.0
401571,Tomás Conechny,2024,Argentina,Comodoro Rivadavia,Argentina,left,176.0,4500000.0
401578,Exequiel Palacios,2024,Argentina,Famaill,Argentina,right,178.0,45000000.0
401922,Samuel Chukwueze,2024,Nigeria,Umuahia,Nigeria,left,172.0,30000000.0
402008,Amadou Haidara,2024,Mali,Bamako,Mali,right,178.0,24000000.0
402117,Jules Keita,2019,Guinea,Conakry,Guinea,right,168.0,2000000.0
402733,Gonzalo Montiel,2023,Argentina,Gonzlez Catn,Argentina,right,175.0,17000000.0
403898,Jordan Beyer,2023,Germany,Kempen,Germany,right,187.0,16000000.0
404842,Vitaliy Mykolenko,2024,Ukraine,Cherkasy,Ukraine,left,180.0,28000000.0
405385,Yukinari Sugawara,2024,Japan,"Toyokawa, Aichi",Japan,right,179.0,15000000.0
405393,Soichiro Kozuki,2022,Japan,"Uji, Kyoto",Japan,right,180.0,600000.0
405397,Keito Nakamura,2024,Japan,"Abiko, Chiba",Japan,right,180.0,12000000.0
405398,Takefusa Kubo,2024,Japan,"Kawasaki, Kanagawa",Japan,left,173.0,60000000.0
405670,Yannik Engelhardt,2024,Germany,Gttingen,Germany,right,184.0,7000000.0
405687,Tom Krauß,2024,Germany,Leipzig,Germany,right,182.0,7000000.0
405885,Giacomo Raspadori,2024,Italy,Bentivoglio,Italy,right,172.0,35000000.0
406008,Yan Valery,2022,France,Champigny-sur-Marne,Tunisia,right,185.0,7000000.0
406040,Ademola Lookman,2024,England,London,Nigeria,right,174.0,60000000.0
406042,Dennis Johnsen,2021,Norway,Skien,Norway,right,185.0,1500000.0
406625,Lautaro Martínez,2024,Argentina,Baha Blanca,Argentina,right,174.0,110000000.0
406635,Phil Foden,2024,England,Stockport,England,left,171.0,150000000.0
406638,Oliver Skipp,2024,England,Welwyn Garden City,England,right,175.0,20000000.0
406640,Felix Nmecha,2024,Germany,Hamburg,Germany,right,190.0,28000000.0
406806,Emil Bohinen,2023,England,Derby,Norway,left,189.0,4000000.0
406973,Moritz Broschinski,2024,Germany,Finsterwalde,Germany,right,190.0,3000000.0
407265,Luca Zanimacchia,2022,Italy,Desio,Italy,right,178.0,2000000.0
408471,Javi Puado,2024,Spain,Barcelona,Spain,right,177.0,8000000.0
409153,Teddy Teuma,2024,France,Toulon,Malta,left,176.0,7000000.0
409517,Yorbe Vertessen,2023,Belgium,Tienen,Belgium,right,174.0,5000000.0
410059,Bakaye Dibassy,2019,France,Paris,Mali,left,183.0,4000000.0
410185,Ronaël Pierre-Gabriel,2023,France,Paris,France,right,177.0,6000000.0
410425,Yves Bissouma,2024,Cote d'Ivoire,Issia,Mali,right,182.0,35000000.0
410708,Pascal Struijk,2022,Belgium,Deurne,Netherlands,left,190.0,20000000.0
411975,Jules Koundé,2024,France,Paris,France,right,180.0,60000000.0
412045,Pol Lozano,2024,Spain,Sant Quirze del Valls,Spain,right,176.0,4000000.0
412092,Gaëtan Paquiez,2020,France,Valras,France,right,182.0,1000000.0
412095,Ihsan Sacko,2021,France,Alfortville,France,right,183.0,2000000.0
412363,Rodrygo,2024,Brazil,Osasco,Brazil,right,174.0,110000000.0
412366,Brenner,2024,Brazil,Cuiab,Brazil,right,175.0,9000000.0
412513,Thomas Henry,2023,France,Argenteuil,France,right,191.0,5000000.0
412660,Keinan Davis,2024,England,Stevenage,England,left,189.0,4000000.0
412671,Quentin Boisgard,2023,France,Toulouse,France,right,174.0,2500000.0
412932,Myron Boadu,2024,Netherlands,Amsterdam,Netherlands,right,181.0,20000000.0
413032,Ibrahima Diallo,2022,France,Tours,France,right,179.0,15000000.0
413039,Bryan Mbeumo,2024,France,Avallon,Cameroon,left,171.0,50000000.0
413112,Aurélien Tchouaméni,2024,France,Rouen,France,right,188.0,100000000.0
413220,James Justin,2024,England,Luton,England,both,183.0,25000000.0
413262,Dani Raba,2024,Spain,Santander,Spain,left,185.0,5000000.0
413403,Ezri Konsa,2024,England,London,England,right,183.0,35000000.0
413507,Nikola Milenković,2024,Yugoslavia (Republic),Belgrade,Serbia,right,195.0,35000000.0
413565,Jhon Lucumí,2024,Colombia,Cali,Colombia,left,187.0,18000000.0
413843,Keven Schlotterbeck,2024,Germany,Weinstadt,Germany,left,188.0,7500000.0
415912,Konstantinos Mavropanos,2024,Greece,Athens,Greece,right,194.0,20000000.0
415970,Joe Worrall,2023,England,Nottingham,England,right,190.0,12000000.0
416380,Ragnar Ache,2021,Germany,Frankfurt am Main,Germany,right,183.0,2000000.0
416386,Abdou Harroui,2024,Netherlands,Leiden,Morocco,both,182.0,3500000.0
417346,Jack Harrison,2024,England,Stoke-on-Trent,England,left,175.0,28000000.0
418543,Perr Schuurs,2024,Netherlands,Nieuwstadt,Netherlands,right,191.0,25000000.0
418559,Erik Botheim,2023,Norway,Oslo,Norway,right,185.0,4000000.0
418560,Erling Haaland,2024,England,Leeds,Norway,left,195.0,200000000.0
418571,Hamza Rafia,2024,Tunisia,Kalaat Senan,Tunisia,right,181.0,1700000.0
418658,Charles Abi,2021,France,Clermont-Ferrand,France,left,189.0,3000000.0
418659,Amine Gouiri,2024,France,Bourgoin-Jallieu,Algeria,right,181.0,50000000.0
418662,Florian Chabrolle,2022,,Montmorency,,right,171.0,300000.0
420002,Jean-Philippe Mateta,2024,France,Sevran,France,right,192.0,30000000.0
420210,Lutsharel Geertruida,2024,Netherlands,Rotterdam,Netherlands,right,184.0,35000000.0
421637,Frank Onyeka,2024,Nigeria,Abuya,Nigeria,right,183.0,10000000.0
421726,Keita Endo,2021,Japan,"Yokohama, Kanagawa",Japan,right,175.0,1600000.0
422355,Jens Petter Hauge,2023,Norway,Bod,Norway,right,184.0,10000000.0
422380,Bernard Tekpetey,2019,Ghana,Accra,Ghana,right,172.0,5500000.0
422460,Dani Gómez,2022,Spain,Alcorcn,Spain,right,178.0,2500000.0
422466,Javi Hernández,2024,Spain,Jerez de la Frontera,Spain,left,180.0,3000000.0
422715,Arial Mendy,2022,Senegal,Ziguinchor,Senegal,left,180.0,800000.0
422850,Ghislain Konan,2021,Cote d'Ivoire,Abidjan,Cote d'Ivoire,left,176.0,8000000.0
423436,Santiago Ascacíbar,2022,Argentina,La Plata,Argentina,right,168.0,25000000.0
423443,Álex Centelles,2023,Spain,Valencia,Spain,left,185.0,5000000.0
423444,Fran Beltrán,2024,Spain,Madrid,Spain,right,165.0,18000000.0
423744,Billy Gilmour,2024,Scotland,Irvine,Scotland,right,170.0,18000000.0
424015,Nathan Patterson,2024,Scotland,Glasgow,Scotland,right,189.0,16000000.0
424042,Nahuel Molina,2024,Argentina,Embalse,Argentina,right,175.0,50000000.0
424051,Samuel Kalu,2021,Nigeria,Abia State,Nigeria,right,177.0,10000000.0
424204,Alphonso Davies,2024,Ghana,Buduburam,Canada,left,183.0,80000000.0
424709,Cheick Timite,2019,Cote d'Ivoire,Abidjan,Cote d'Ivoire,right,180.0,2000000.0
424784,Luis Suárez,2023,Colombia,Santa Marta,Colombia,right,181.0,10000000.0
425400,Farid El Melali,2024,Algeria,Blida,Algeria,both,168.0,4000000.0
425902,Ryan Yates,2024,England,Nottingham,England,right,190.0,13000000.0
425918,Jakub Kiwior,2024,Poland,Tychy,Poland,left,189.0,30000000.0
427161,Lebo Mothiba,2023,South Africa,"Johannesburg, Gauteng",South Africa,right,182.0,7000000.0
427572,Zuriko Davitashvili,2024,Georgia,Tiflis,Georgia,right,175.0,10000000.0
428563,Lewis Ferguson,2024,Scotland,Hamilton,Scotland,right,181.0,24000000.0
428791,Paulinho,2022,Brazil,Rio de Janeiro,Brazil,right,177.0,25000000.0
428954,Stéphane Diarra,2022,,Abidjan,,left,173.0,3000000.0
429014,Morgan Gibbs-White,2024,England,Stafford,England,right,171.0,50000000.0
429874,Ansgar Knauff,2024,Germany,Gttingen,Germany,right,180.0,10000000.0
429901,Paul Akouokou,2024,Cote d'Ivoire,Abidjan,Cote d'Ivoire,right,181.0,5000000.0
429983,Jørgen Strand Larsen,2024,Norway,Halden,Norway,right,193.0,27000000.0
430280,Hans Nicolussi Caviglia,2024,Italy,Aosta,Italy,right,184.0,8000000.0
431755,Dejan Kulusevski,2024,Sweden,Stockholm,Sweden,left,186.0,60000000.0
431811,Ola Solbakken,2024,Norway,Oslo,Norway,left,189.0,3500000.0
432090,Nicolò Fagioli,2024,Italy,Piacenza,Italy,right,178.0,35000000.0
432281,Márton Dárdai,2021,Germany,Berlin,Germany,left,188.0,6000000.0
432772,Samuel Grandsir,2023,France,Evreux,France,right,170.0,5000000.0
432895,Pedro,2019,Brazil,Rio de Janeiro,Brazil,right,185.0,22000000.0
432982,Andreas Skov Olsen,2024,Denmark,Hillerd,Denmark,left,187.0,20000000.0
433177,Bukayo Saka,2024,England,London,England,left,178.0,150000000.0
433183,Tommy Doyle,2024,England,Manchester,England,right,172.0,10000000.0
433188,Curtis Jones,2024,England,Liverpool,England,right,185.0,50000000.0
433584,Alessio Zerbin,2024,Italy,Novara,Italy,right,182.0,4000000.0
433984,Sam Beukema,2024,Netherlands,Deventer,Netherlands,right,188.0,25000000.0
434358,Sofiane Alakouch,2023,France,Nmes,Morocco,right,175.0,5000000.0
434433,Nikola Krstović,2024,Yugoslavia (Republic),Golubovac,Montenegro,right,185.0,14000000.0
434675,Cody Gakpo,2024,Netherlands,Eindhoven,Netherlands,right,193.0,70000000.0
434676,Ronaldo Vieira,2022,Guinea-Bissau,Bissau,England,right,178.0,7000000.0
435228,Ardian Ismajli,2024,Yugoslavia (Republic),Majance,Albania,right,187.0,6000000.0
435338,Gabriel Magalhães,2024,Brazil,So Paulo,Brazil,left,190.0,75000000.0
435485,Luiz Araújo,2021,Brazil,Taquaritinga,Brazil,left,175.0,10000000.0
435648,Joshua Zirkzee,2024,Netherlands,Schiedam,Netherlands,right,193.0,50000000.0
435772,Charles De Ketelaere,2024,Belgium,Brugge,Belgium,left,192.0,38000000.0
435796,Kilian Fischer,2024,Germany,Miltenberg,Germany,both,182.0,6000000.0
436585,Delano Burgzorg,2022,Netherlands,Amsterdam,Netherlands,right,186.0,2000000.0
438001,Santiago Bueno,2024,Uruguay,Montevideo,Uruguay,right,190.0,8000000.0
438315,Andreas Müller,2023,Germany,Sinsheim,Germany,right,173.0,1000000.0
439914,John Yeboah,2024,Germany,Hamburg,Ecuador,left,170.0,2500000.0
441170,Valentin Rosier,2024,France,Montauban,France,right,175.0,8000000.0
441385,Gonzalo Maroni,2019,Argentina,Crdoba,Argentina,right,170.0,5000000.0
441515,Daniel Boloca,2023,Italy,Chieri,Italy,right,185.0,10000000.0
442248,Ethan Pinnock,2024,England,London,Jamaica,left,194.0,15000000.0
442552,Houboulang Mendes,2023,France,Courcouronnes,Guinea-Bissau,right,185.0,3000000.0
442703,Ylber Ramadani,2024,Germany,Starnberg,Albania,right,185.0,4000000.0
442805,Iddrisu Baba,2023,Ghana,Accra,Ghana,right,182.0,3500000.0
442816,Fran Gámez,2019,Spain,Puerto de Sagunto,Spain,right,174.0,800000.0
443331,Patrick Osterhage,2024,Germany,Gttingen,Germany,left,186.0,8500000.0
443710,Angelo Stiller,2024,Germany,Mnchen,Germany,left,183.0,38000000.0
444523,Lucas Paquetá,2024,Brazil,Paquet,Brazil,left,180.0,65000000.0
445126,Emanuele Valeri,2024,Italy,Roma,Italy,left,180.0,3500000.0
445939,Omar Marmoush,2024,Egypt,Kairo,Egypt,right,183.0,75000000.0
447052,Peru Nolaskoain,2023,Spain,Zumaia,Spain,right,186.0,5000000.0
447661,Douglas Luiz,2024,Brazil,Rio de Janeiro,Brazil,right,177.0,70000000.0
448028,Kevin Sessa,2023,Germany,Stuttgart,Germany,right,175.0,2500000.0
448177,Jessic Ngankam,2023,Germany,Berlin,Germany,right,184.0,5000000.0
448258,Josha Vagnoman,2024,Germany,Hamburg,Germany,right,190.0,12000000.0
448344,Óscar Melendo,2023,Spain,Barcelona,Spain,left,167.0,10000000.0
448628,Javi Galán,2024,Spain,Badajoz,Spain,left,172.0,12000000.0
448844,Carlos Neva,2023,Spain,El Puerto de Santa Mara,Spain,left,174.0,5000000.0
448854,Emmanuel Dennis,2023,Nigeria,Abuja,Nigeria,right,175.0,17000000.0
449151,Junior Messias,2024,Brazil,Belo Horizonte,Brazil,left,174.0,6500000.0
449496,Álvaro Aguado,2024,Spain,Jan,Spain,right,175.0,3000000.0
450050,Jean-Ricner Bellegarde,2024,France,Colombes,France,right,172.0,18000000.0
450417,Dylan Bronn,2023,France,Cannes,Tunisia,right,185.0,7000000.0
450826,Callum Wilson,2017,,,Scotland,left,189.0,25000.0
451276,Dominik Szoboszlai,2024,Hungary,Szkesfehrvr,Hungary,right,187.0,80000000.0
451801,Abdul Mumin,2024,Ghana,Accra,Ghana,right,188.0,5000000.0
452477,Junior Adamu,2024,Nigeria,Kano,Austria,right,183.0,8000000.0
453016,Anthony Caci,2024,France,Forbach,France,right,184.0,10000000.0
453376,Joseph Okumu,2024,Kenya,Kisumu,Kenya,right,190.0,9000000.0
453594,Adama Diakhaby,2018,France,Ajaccio,France,left,184.0,9000000.0
453824,Josh Maja,2021,England,London,Nigeria,right,181.0,7000000.0
453870,Benedict Hollerbach,2024,Germany,Starnberg,Germany,right,181.0,7500000.0
454238,Tomás Alarcón,2022,Chile,Rancagua,Chile,right,176.0,3000000.0
454863,András Schäfer,2024,Hungary,Szombathely,Hungary,right,178.0,5000000.0
455181,Jorge de Frutos,2024,Spain,Navares de Enmedio,Spain,right,173.0,15000000.0
455349,Jon Morcillo,2022,Spain,Amorebieta-Etxano,Spain,left,183.0,5000000.0
455661,Nick Woltemade,2024,Germany,Bremen,Germany,right,198.0,17000000.0
456080,Karim Aribi,2020,Algeria,Rghaa,Algeria,right,192.0,1000000.0
456492,Faride Alidou,2023,Germany,Hamburg,Germany,right,186.0,2500000.0
457221,Lucas Robertone,2023,Argentina,Concordia,Argentina,right,169.0,8000000.0
457422,Samuele Mulattieri,2023,Italy,La Spezia,Italy,right,183.0,4500000.0
457673,Gabriel Strefezza,2024,Brazil,So Paulo,Brazil,right,168.0,10000000.0
457736,Tijjani Noslin,2024,Netherlands,Amsterdam,Netherlands,right,178.0,12000000.0
457931,Luiz Felipe,2024,Brazil,Colina,Italy,right,187.0,22000000.0
458178,Jack Taylor,2024,England,London,Ireland,right,185.0,3000000.0
458777,Giacomo Quagliata,2022,Italy,Palermo,Italy,left,180.0,2000000.0
459151,Nicolò Cambiaghi,2024,Italy,Monza,Italy,right,173.0,8000000.0
459658,Andrea Cambiaso,2024,Italy,Genova,Italy,both,182.0,40000000.0
460245,Moritz Jenz,2024,Germany,Berlin,Germany,right,190.0,7500000.0
460651,Antoine Makoumbou,2024,France,Paris,Congo,right,187.0,4500000.0
460939,Tijjani Reijnders,2024,Netherlands,Zwolle,Netherlands,right,185.0,50000000.0
461019,Samuele Birindelli,2024,Italy,Pisa,Italy,right,176.0,3500000.0
461617,Rodrigo Riquelme,2024,Spain,Madrid,Spain,right,174.0,25000000.0
461790,Louis Mafouta,2021,France,Beaumont-sur-Oise,Central African Republic,,181.0,1000000.0
461833,Caleb Okoli,2024,Italy,Vicenza,Italy,right,191.0,12000000.0
461883,Calvin Bassey,2024,Italy,Aosta,Nigeria,left,185.0,25000000.0
461906,João Moutinho,2022,Portugal,Lisbon,Portugal,left,183.0,1500000.0
462250,João Félix,2024,Portugal,Viseu,Portugal,right,181.0,100000000.0
462348,Mostafa Mohamed,2024,Egypt,Giza,Egypt,right,185.0,10000000.0
462823,Gustav Isaksen,2024,Denmark,Hjerk,Denmark,left,181.0,20000000.0
463603,Benoît Badiashile,2024,France,Limoges,France,left,194.0,40000000.0
463605,Bafodé Diakité,2024,France,Toulouse,France,right,184.0,25000000.0
463613,Yann Gboho,2024,Cote d'Ivoire,Man,France,right,178.0,8000000.0
463618,Khéphren Thuram,2024,Italy,Reggio Emilia,France,right,192.0,40000000.0
463620,Willem Geubbels,2021,France,Villeurbanne,France,right,185.0,12000000.0
464598,Casper Tengstedt,2024,Denmark,Herning,Denmark,right,184.0,7000000.0
465717,Jayden Bogle,2023,England,Reading,England,right,178.0,7000000.0
465967,Ander Guevara,2024,Spain,Vitoria-Gasteiz,Spain,right,180.0,7500000.0
466268,Juan Brunetta,2020,Argentina,Laboulaye,Argentina,right,178.0,7000000.0
466298,Santiago Cáseres,2019,Argentina,Parque Leloir,Argentina,right,179.0,10000000.0
466602,Karamoko Dembélé,2023,England,London,England,left,167.0,900000.0
466794,Eric García,2024,Spain,Barcelona,Spain,right,182.0,20000000.0
466801,Sergi Altimira,2024,Spain,Cardedeu,Spain,right,188.0,10000000.0
466807,Adrià Altimira,2024,Spain,Cardedeu,Spain,right,170.0,2000000.0
466810,Ansu Fati,2024,Guinea-Bissau,Bissau,Spain,right,178.0,80000000.0
467623,Lyle Foster,2023,South Africa,"Soweto, Gauteng",South Africa,right,185.0,13000000.0
467632,Cristian Cásseres Jr.,2024,Venezuela,Caracas,Venezuela,right,176.0,5000000.0
467720,Youssoufa Moukoko,2024,Cameroon,Yaound,Germany,left,179.0,30000000.0
467940,Vitinho,2023,Brazil,Guaraulhos,Brazil,right,175.0,1000000.0
467992,Samuele Ricci,2024,Italy,Pontedera,Italy,right,181.0,30000000.0
468002,Ben Johnson,2024,England,London,England,right,184.0,12000000.0
468066,Jens Cajuste,2024,Sweden,Gteborg,Sweden,right,188.0,12000000.0
468198,Joe Aribo,2024,England,London,Nigeria,left,183.0,15000000.0
468249,Vitinho,2023,Brazil,Belo Horizonte,Brazil,right,174.0,5000000.0
469050,Nathan Collins,2024,Ireland,Leixlip,Ireland,right,193.0,28000000.0
469211,Liberato Cacace,2024,New Zealand,Wellington,New Zealand,left,183.0,3000000.0
469669,Yvan Neyou,2024,Cameroon,Douala,Cameroon,right,180.0,5000000.0
469822,David Neres,2024,Brazil,So Paulo,Brazil,left,176.0,45000000.0
469949,Noah Katterbach,2023,Germany,Simmerath,Germany,left,180.0,7000000.0
469958,Jacob Brown,2023,England,Halifax,Scotland,right,178.0,6000000.0
470607,Brennan Johnson,2024,England,Nottingham,Wales,right,186.0,50000000.0
470618,Denis Genreau,2023,France,Paris,Australia,right,175.0,2000000.0
470794,Ivan Ilić,2024,Yugoslavia (Republic),Ni,Serbia,left,186.0,19000000.0
470815,Niklas Tauer,2022,Germany,Mainz,Germany,right,183.0,1500000.0
471474,Javi Martínez,2023,Spain,lvega,Spain,right,181.0,2500000.0
472249,Jan Thielmann,2023,Germany,Fhren,Germany,right,178.0,9000000.0
473050,Kevin Schade,2024,Germany,Potsdam,Germany,right,185.0,27000000.0
474662,Hugo Magnetti,2024,France,Marseille,France,right,180.0,7000000.0
474701,Crysencio Summerville,2024,Netherlands,Rotterdam,Netherlands,right,174.0,22000000.0
474800,Facundo Medina,2024,Argentina,Villa Fiorito,Argentina,left,184.0,25000000.0
475188,Kiernan Dewsbury-Hall,2024,England,Shepshed,England,left,176.0,30000000.0
475411,Wesley Fofana,2024,France,Marseille,France,right,185.0,65000000.0
475416,Sorba Thomas,2024,England,London,Wales,right,185.0,6000000.0
476219,Bojan Miovski,2024,Macedonia,tip,North Macedonia,left,189.0,4000000.0
476237,Steven Alzate,2023,England,London,Colombia,right,180.0,7000000.0
476836,Aron Dønnum,2024,Norway,Eidsvoll,Norway,left,178.0,4000000.0
477109,Bryan Lasme,2021,France,Montauban,France,right,194.0,2000000.0
477238,Sergio Arribas,2017,Spain,Legans,Spain,right,,150000.0
477758,Aaron Wan-Bissaka,2024,England,London,England,right,183.0,40000000.0
478573,Ryan Gravenberch,2024,Netherlands,Amsterdam,Netherlands,right,190.0,70000000.0
479999,Eberechi Eze,2024,England,London,England,right,178.0,60000000.0
480116,Lloyd Kelly,2024,England,Bristol,England,left,189.0,18000000.0
480692,Luis Díaz,2024,Colombia,Barrancas,Colombia,right,180.0,85000000.0
480762,Lisandro Martínez,2024,Argentina,Gualeguay,Argentina,left,175.0,50000000.0
480763,Juan Foyth,2024,Argentina,La Plata,Argentina,right,187.0,25000000.0
480987,Chris Mepham,2023,England,London,Wales,right,190.0,13000000.0
481513,Koffi Kouao,2023,Cote d'Ivoire,Abidjan,Cote d'Ivoire,right,173.0,2000000.0
481834,Andrea Carboni,2024,Italy,Sorgono,Italy,left,187.0,5000000.0
484547,Jeremie Frimpong,2024,Netherlands,Amsterdam,Netherlands,right,172.0,50000000.0
484888,Ibrahim Sissoko,2024,France,Crteil,Mali,right,192.0,2500000.0
484988,Logan Costa,2024,France,Saint-Denis,Cape Verde,right,190.0,18000000.0
485583,Ki-Jana Hoever,2024,Netherlands,Amsterdam,Netherlands,right,183.0,7000000.0
485585,Ian Maatsen,2024,Netherlands,Vlaardingen,Netherlands,left,178.0,40000000.0
485706,Amadou Onana,2024,Senegal,Dakar,Belgium,right,195.0,55000000.0
485960,Lilian Brassier,2024,France,Argenteuil,France,left,186.0,12000000.0
485963,Pape Gueye,2024,France,Montreuil,Senegal,left,189.0,12000000.0
485965,Nicolas Cozza,2024,France,Ganges,France,left,178.0,5000000.0
486078,Charles,2023,Brazil,Santiago,Brazil,right,187.0,1000000.0
486624,Musa Barrow,2022,The Gambia,Banjul,The Gambia,right,184.0,20000000.0
487465,Pedro Neto,2024,Portugal,Viana do Castelo,Portugal,left,174.0,55000000.0
487469,Vitinha,2024,Portugal,Vila das Aves,Portugal,right,172.0,60000000.0
487474,Francisco Conceição,2024,Portugal,Coimbra,Portugal,left,170.0,36000000.0
487688,Alberto Soro,2023,Spain,Ejea de los Caballeros,Spain,left,173.0,3000000.0
487843,Lorenzo Colombo,2024,Italy,Vimercate,Italy,left,183.0,7000000.0
487850,Oladapo Afolayan,2024,England,London,England,right,180.0,4000000.0
487969,Randal Kolo Muani,2024,France,Bondy,France,right,187.0,80000000.0
488362,Conor Gallagher,2024,England,Epsom,England,right,182.0,50000000.0
488626,Jesús Areso,2024,Spain,Cascante,Spain,right,182.0,8000000.0
488656,Siriki Dembélé,2022,Cote d'Ivoire,Ouragahio,Scotland,right,173.0,2800000.0
489611,Filippo Ranocchia,2023,Italy,Perugia,Italy,both,186.0,4000000.0
490223,Ibrahima Koné,2023,Mali,Bamako,Mali,left,190.0,4500000.0
490307,Enock Mwepu,2022,Zambia,Chambishi,Zambia,right,184.0,20000000.0
490384,Koni De Winter,2024,Belgium,Antwerpen,Belgium,right,191.0,18000000.0
490417,Ibrahima Niane,2024,Senegal,M'bour,Senegal,right,187.0,9000000.0
490426,Krépin Diatta,2024,Senegal,Dakar,Senegal,right,175.0,21000000.0
491296,Anass Zaroury,2024,Belgium,Mechelen,Morocco,right,176.0,12000000.0
493003,Daniel Muñoz,2024,Colombia,Amalfi,Colombia,right,181.0,25000000.0
494236,Andy Pelmard,2024,France,Nice,France,right,180.0,5000000.0
494880,Jorge Cuenca,2024,Spain,Madrid,Spain,left,190.0,8000000.0
495600,Álvaro García,2021,Spain,Albacete,Spain,left,184.0,200000.0
495621,Antonio Blanco,2024,Spain,Montalbn,Spain,right,176.0,7500000.0
495625,Víctor Chust,2023,Spain,Valencia,Spain,both,184.0,3000000.0
495629,Hugo Guillamón,2024,Spain,Donostia-San Sebastin,Spain,right,178.0,25000000.0
495666,William Saliba,2024,France,Bondy,France,right,192.0,80000000.0
495667,Lucas Da Cunha,2024,France,Roanne,France,left,174.0,7000000.0
496094,Karim Adeyemi,2024,Germany,Mnchen,Germany,left,180.0,40000000.0
496706,Montassar Talbi,2023,France,Paris,Tunisia,right,190.0,8000000.0
496745,Emil Holm,2024,Sweden,Gteborg,Sweden,right,191.0,12000000.0
496857,Edon Zhegrova,2024,Germany,Herford,Kosovo,left,180.0,25000000.0
497291,Nicolás Domínguez,2024,Argentina,Haedo,Argentina,right,179.0,17500000.0
500054,David Jurásek,2024,Czech Republic,Doln Nm,Czech Republic,left,183.0,8000000.0
500067,Chidera Ejuke,2024,Nigeria,Zaria,Nigeria,right,176.0,9000000.0
500689,Evann Guessand,2024,France,Ajaccio,Cote d'Ivoire,right,188.0,25000000.0
501418,Adrià Pedrosa,2024,Spain,Barcelona,Spain,left,172.0,10000000.0
502670,Khvicha Kvaratskhelia,2024,Georgia,Tiflis,Georgia,both,183.0,85000000.0
503075,Isak Hien,2024,Sweden,Kista,Sweden,right,191.0,30000000.0
503160,Paul Nebel,2024,Germany,Bad Nauheim,Germany,both,169.0,17000000.0
503680,Neco Williams,2024,Wales,Wrexham,Wales,right,183.0,20000000.0
503733,Anthony Gordon,2024,England,Liverpool,England,right,183.0,65000000.0
503743,Morgan Rogers,2024,England,Halesowen,England,right,187.0,50000000.0
503749,Jacob Ramsey,2024,England,Birmingham,England,right,180.0,42000000.0
503770,Folarin Balogun,2024,United States,"New York City, New York",United States,right,178.0,30000000.0
503866,Albert Grønbaek,2024,Denmark,Risskov,Denmark,right,181.0,15000000.0
503871,Morten Frendrup,2024,Denmark,Holbk,Denmark,right,178.0,20000000.0
503881,Aster Vranckx,2024,Belgium,Erps-Kwerps,Belgium,right,183.0,12000000.0
503977,Taylor Harwood-Bellis,2024,England,Stockport,England,right,188.0,25000000.0
503980,Joe Gelhardt,2022,England,Liverpool,England,left,179.0,8000000.0
503987,Noni Madueke,2024,England,London,England,left,182.0,40000000.0
503991,Yunus Musah,2024,United States,"New York City, New York",United States,right,178.0,25000000.0
504148,Tariq Lamptey,2024,England,London,Ghana,right,163.0,18000000.0
504153,Joe Scally,2024,United States,"Lake Grove, New York",United States,right,184.0,12000000.0
504209,Gianluca Busio,2024,United States,"Greensboro, North Carolina",United States,right,172.0,10000000.0
504849,Kaoru Mitoma,2024,Japan,"Kawasaki, Kanagawa",Japan,right,178.0,50000000.0
505194,Luke Thomas,2024,England,Syston,England,left,181.0,12000000.0
505219,James Garner,2024,England,Birkenhead,England,right,182.0,22000000.0
505653,Fábio Silva,2024,Portugal,Porto,Portugal,right,185.0,25000000.0
505674,Sergio Camello,2024,Spain,Madrid,Spain,right,182.0,10000000.0
506009,Amine Bassi,2021,France,Bezons,Morocco,right,173.0,2500000.0
506189,Flynn Downes,2024,England,Brentwood,England,right,178.0,15000000.0
506248,Edu Expósito,2024,Spain,Barcelona,Spain,right,178.0,6000000.0
507341,Fabian Rieder,2024,Switzerland,Bern,Switzerland,left,179.0,15000000.0
507344,Becir Omeragic,2024,Switzerland,Genf,Switzerland,right,187.0,8000000.0
507345,Leonidas Stergiou,2024,Switzerland,Wattwil,Switzerland,right,181.0,7000000.0
507486,Simon Sohm,2024,Switzerland,Zrich,Switzerland,right,188.0,5000000.0
507700,Brandon Williams,2023,England,Crumpsall,England,right,180.0,12000000.0
508941,Dylan Chambost,2021,France,Annecy,France,left,177.0,1800000.0
509022,Federico Gatti,2024,Italy,Rivoli,Italy,right,190.0,25000000.0
512352,Lasse Rosenboom,2024,Germany,Aurich,Germany,right,190.0,1000000.0
512356,Jorginho,2017,Portugal,Guimares,Portugal,left,173.0,200000.0
512385,Luis Sinisterra,2024,Colombia,Santander de Quilichao,Colombia,right,172.0,25000000.0
513031,Antonio Sánchez,2024,Spain,Palma de Mallorca,Spain,right,179.0,2500000.0
513245,Jesper Lindstrøm,2024,Denmark,Taastrup,Denmark,right,182.0,28000000.0
517518,Arthur,2018,Brazil,Belo Horizonte,Brazil,right,190.0,200000.0
517753,Óscar Valentín,2024,Spain,Ajofrn,Spain,right,177.0,5000000.0
517842,Aihen Muñoz,2024,Spain,Etxauri,Spain,left,175.0,8000000.0
518505,Jamie Leweling,2024,Germany,Nrnberg,Germany,both,185.0,20000000.0
518644,Largie Ramazani,2023,Belgium,Berchem-Sainte-Agathe,Belgium,right,168.0,10000000.0
519731,Danilo,2024,Brazil,So Paulo,Brazil,right,174.0,7000000.0
520454,Nino,2024,Brazil,Recife,Brazil,right,188.0,11000000.0
520462,Rômulo,2020,Brazil,Cascavel,Brazil,right,185.0,750000.0
520468,Iago,2023,Brazil,Monte Azul Paulista,Brazil,left,181.0,6500000.0
520492,Paulinho,2024,Brazil,So Paulo,Brazil,left,178.0,1500000.0
520530,Fali Candé,2024,Guinea-Bissau,Bissau,Guinea-Bissau,left,184.0,2500000.0
520624,Bruno Guimarães,2024,Brazil,Rio de Janeiro,Brazil,right,182.0,85000000.0
520947,Santiago Arzamendia,2022,Argentina,"Wanda, Misiones",Paraguay,left,172.0,5000000.0
521407,Walid Cheddira,2024,Italy,Loreto,Morocco,right,187.0,8000000.0
522223,Connor Metcalfe,2024,Australia,"Newcastle, NSW",Australia,left,183.0,2500000.0
523318,Anastasios Douvikas,2024,Greece,Athens,Greece,right,186.0,12000000.0
524010,Oier Zarraga,2024,Spain,Getxo,Spain,right,175.0,3500000.0
524285,Luca Netz,2024,Germany,Berlin,Germany,left,184.0,10000000.0
524925,Modibo Sagnan,2024,France,Saint-Denis,Mali,left,187.0,4500000.0
525287,Carlos Vinícius,2024,Brazil,Bom Jesus das Selvas,Brazil,left,190.0,20000000.0
525578,Pathé Ciss,2024,Senegal,Dakar,Senegal,right,186.0,4000000.0
525704,Nicolò Rovella,2024,Italy,Segrate,Italy,right,179.0,28000000.0
526466,Elias Saad,2024,Germany,Hamburg,Tunisia,right,185.0,4000000.0
527698,Kike Pérez,2024,Spain,Toledo,Spain,left,184.0,4500000.0
530902,Abdoulaye Touré,2019,France,Clamart,France,,,150000.0
531065,Oussama El Azzouzi,2024,Netherlands,Veenendaal,Morocco,right,189.0,2500000.0
531277,Andrés Martín,2022,Spain,Aguadulce,Spain,left,178.0,2500000.0
531824,Kike Hermoso,2021,Spain,Madrid,Spain,right,190.0,400000.0
531829,Dani Escriche,2020,Spain,Burriana,Spain,right,178.0,1500000.0
531949,Ignatius Ganago,2023,Cameroon,Douala,Cameroon,right,176.0,8000000.0
532040,Giuseppe Di Serio,2020,Italy,Trento,Italy,right,182.0,1400000.0
532178,Sam Greenwood,2022,England,Sunderland,England,right,180.0,5000000.0
532539,Lee Buchanan,2022,England,Mansfield,England,left,179.0,3500000.0
532776,Amine Adli,2024,France,Bziers,Morocco,left,180.0,30000000.0
532937,Johan Vásquez,2024,Mexico,Navojoa,Mexico,left,185.0,12000000.0
533295,Patrick Wimmer,2024,Austria,Tulln,Austria,right,182.0,18000000.0
533568,Nahuel Tenaglia,2024,Argentina,Saladillo,Argentina,right,181.0,5200000.0
533662,Cameron Archer,2024,England,Walsall,England,right,175.0,18000000.0
533738,Jonathan David,2024,United States,"Brooklyn, New York",Canada,both,178.0,60000000.0
533916,Shandon Baptiste,2023,England,Reading,Grenada,right,180.0,3000000.0
534033,Alexis Mac Allister,2024,Argentina,Santa Rosa,Argentina,right,176.0,90000000.0
534084,Niccolò Pierozzi,2023,Italy,Firenze,Italy,right,184.0,1800000.0
534379,Pejiño,2023,Spain,Barbate (Cdiz),Spain,left,178.0,1800000.0
534473,Paulinho,2021,Brazil,Rio de Janeiro,Brazil,right,175.0,1600000.0
534700,Jamie Shackleton,2022,,Leeds,,right,168.0,3000000.0
535834,Eliot Matazo,2023,Belgium,Woluwe-Saint-Lambert,Belgium,right,170.0,8000000.0
535955,Nuno Tavares,2024,Portugal,Lisboa,Portugal,left,183.0,25000000.0
536030,Arnau Puigmal,2023,Spain,Barcelona,Spain,right,173.0,2000000.0
536482,Junior Dina Ebimbe,2024,France,Stains,France,right,184.0,14000000.0
536508,Han-Noah Massengo,2024,France,Villepinte,France,right,178.0,8000000.0
536835,Amad Diallo,2024,Cote d'Ivoire,Abidjan,Cote d'Ivoire,left,173.0,40000000.0
537127,Théo Sainte-Luce,2024,France,Chauny,France,left,176.0,2000000.0
537382,Bryan Gil,2024,Spain,Barbate,Spain,left,175.0,30000000.0
537762,Sergio Arribas,2023,Spain,Madrid,Spain,left,174.0,10000000.0
538810,Chris Ramos,2023,Spain,Cdiz,Spain,right,190.0,4000000.0
538874,Terem Moffi,2024,Nigeria,Calabar,Nigeria,left,188.0,25000000.0
538918,Sebastiano Esposito,2024,Italy,Castellammare di Stabia,Italy,right,183.0,10000000.0
538964,Thijs Dallinga,2024,Netherlands,Groningen,Netherlands,right,190.0,18000000.0
538971,Naouirou Ahamada,2024,France,Marseille,France,right,183.0,10000000.0
538974,Janis Antiste,2022,,Toulouse,,right,183.0,4500000.0
538977,Georginio Rutter,2024,France,Plescop,France,left,182.0,32000000.0
538996,Tanguy Nianzou,2024,France,Paris,France,right,191.0,12000000.0
539065,Alexis Beka Beka,2023,France,Paris,France,right,178.0,7000000.0
539134,Daniel Maldini,2024,Italy,Milano,Italy,right,188.0,10000000.0
539232,Jessy Deminguet,2023,France,Caen,France,left,178.0,3000000.0
540536,Carlos Vicente,2024,Spain,Zaragoza,Spain,right,179.0,8000000.0
540664,Dilane Bakwa,2024,France,Crteil,France,left,180.0,18000000.0
541231,Sepp van den Berg,2024,Netherlands,Zwolle,Netherlands,right,192.0,20000000.0
543382,Mohamed Camara,2023,Mali,Bamako,Mali,right,173.0,30000000.0
543387,Cheick Doucouré,2024,Mali,Bamako,Mali,right,180.0,35000000.0
543499,Mohammed Kudus,2024,Ghana,Accra,Ghana,left,177.0,50000000.0
543537,Seydouba Cissé,2024,Guinea,Dabola,Guinea,right,178.0,3000000.0
543771,Kristjan Asllani,2024,Albania,Elbasan,Albania,right,175.0,18000000.0
544106,Óscar Gil,2024,Spain,Elche,Spain,right,175.0,3000000.0
544149,David Zima,2023,Czech Republic,Olomouc,Czech Republic,right,192.0,7500000.0
544895,Paulinho,2024,Brazil,Gama,Brazil,right,171.0,1200000.0
545520,Kelyan Guessoum,2020,France,Als,France,right,176.0,700000.0
545538,Lameck Banda,2024,Zambia,Lusaka,Zambia,right,169.0,6000000.0
545647,Sergio Carreira,2024,Spain,Vigo,Spain,right,170.0,3000000.0
546212,Diego Costa,2024,Brazil,Campo Grande,Brazil,right,184.0,7000000.0
546213,Tuta,2024,Brazil,"So Paulo, Sao Paulo",Brazil,right,185.0,15000000.0
546543,Darwin Núñez,2024,Uruguay,Artigas,Uruguay,right,187.0,70000000.0
546880,Brandon Soppy,2023,France,Aubervilliers,France,right,180.0,10000000.0
546926,Jay Idzes,2024,Netherlands,Mierlo,Indonesia,right,190.0,5000000.0
547985,Fabiano Parisi,2024,Italy,Solofra,Italy,left,178.0,10000000.0
548348,Kiliann Sildillia,2024,France,Metz,France,right,186.0,18000000.0
548470,Teden Mengi,2023,England,Manchester,England,right,186.0,12000000.0
548650,Osman Bukari,2021,Ghana,Accra,Ghana,both,170.0,6500000.0
548716,Yoël Armougom,2023,Runion,Saint-Denis,France,left,175.0,3000000.0
550108,Nicola Zalewski,2024,Italy,Tivoli,Poland,right,175.0,20000000.0
550116,Ilario Monterisi,2023,Italy,Trani,Italy,right,190.0,3000000.0
550495,Fernando,2021,Brazil,Belo Horizonte,Brazil,right,176.0,10000000.0
550550,Gonçalo Ramos,2024,Portugal,Olho,Portugal,right,185.0,50000000.0
550580,Shuto Machino,2024,Japan,"Iga, Mie",Japan,right,185.0,3500000.0
551752,Demba Seck,2023,Senegal,Gudiawaye,Senegal,left,190.0,3000000.0
552425,Jon Moncayola,2024,Spain,Garinoain,Spain,right,182.0,12000000.0
552472,Nahuel Estévez,2024,Argentina,Buenos Aires,Argentina,right,181.0,3500000.0
552912,Bruno Méndez,2023,Uruguay,Montevideo,Uruguay,right,180.0,6000000.0
553285,Tim Lemperle,2022,Germany,Frankfurt am Main,Germany,right,189.0,2000000.0
553875,Pedro Porro,2024,Spain,Don Benito,Spain,right,173.0,45000000.0
553905,Kerim Calhanoglu,2022,Germany,Mannheim,Germany,left,183.0,1200000.0
554251,Yasser Larouci,2023,Algeria,El Oued,Algeria,left,176.0,3500000.0
555076,Romain Faivre,2024,France,Asnires-sur-Seine,France,left,180.0,15000000.0
555143,Arsen Zakharyan,2024,Russia,Samara,Russia,right,183.0,18000000.0
556385,Destiny Udogie,2024,Italy,Verona,Italy,left,188.0,45000000.0
557610,Isaac Lihadji,2022,France,Marseille,France,left,177.0,4000000.0
557613,Quentin Merlin,2024,France,Nantes,France,left,174.0,12000000.0
557939,Neto Borges,2023,Brazil,Saubara,Brazil,left,185.0,4000000.0
559328,Emanuel Emegha,2024,Netherlands,Den Haag,Netherlands,right,196.0,20000000.0
559794,Jack Clarke,2024,England,York,England,right,181.0,15000000.0
559979,Abdel Abqar,2024,Morocco,Settat,Morocco,right,188.0,7500000.0
560483,Randy Nteka,2024,France,Paris,Angola,left,189.0,4000000.0
560593,Hicham Boudaoui,2024,Algeria,Bchar,Algeria,right,175.0,10000000.0
560694,Lewis O'Brien,2023,England,Colchester,England,left,173.0,8000000.0
560725,Abdoul Kader Bamba,2023,France,Sarcelles,France,right,177.0,2000000.0
562049,Edoardo Bove,2024,Italy,Roma,Italy,right,181.0,18000000.0
563812,Christian Oliva,2021,Uruguay,Ciudad del Plata,Uruguay,right,178.0,5000000.0
563963,Mohammed Salisu,2024,Ghana,Kumasi,Ghana,left,188.0,18000000.0
564545,Edmond Tapsoba,2024,Burkina Faso,Ouagadougou,Burkina Faso,right,194.0,45000000.0
564785,Kristian Thorstvedt,2023,Norway,Stavanger,Norway,left,189.0,8500000.0
565232,André Silva,2023,Brazil,Taboo da Serra,Brazil,left,181.0,3500000.0
565822,Harvey Elliott,2024,England,London,England,left,170.0,35000000.0
566574,Kirian Rodríguez,2024,Spain,Santa Cruz de Tenerife,Spain,right,178.0,12000000.0
566823,Achraf Dari,2023,Morocco,Casablanca,Morocco,right,188.0,2500000.0
566931,Xavi Simons,2024,Netherlands,Amsterdam,Netherlands,right,179.0,80000000.0
567129,Josh Doig,2023,Scotland,Edinburgh,Scotland,left,189.0,10000000.0
567309,Naatan Skyttä,2023,Finland,Yljrvi,Finland,left,174.0,500000.0
567576,Elliot Anderson,2024,England,Whitley Bay,England,right,179.0,30000000.0
568005,Jeremy Sarmiento,2023,Spain,Madrid,Ecuador,right,178.0,7000000.0
568149,Alberto Moreno,2022,Spain,Madrid,Spain,right,175.0,150000.0
568158,Javi López,2024,Spain,Santa Cruz de Tenerife,Spain,left,183.0,7500000.0
568177,Cole Palmer,2024,England,Manchester,England,left,185.0,130000000.0
568333,Adam Obert,2024,Slovakia,Bratislava,Slovakia,left,188.0,3500000.0
568535,Theo Corbeanu,2023,Canada,"Hamilton, Ontario",Canada,left,190.0,1900000.0
568559,Radu Drăgușin,2024,Romania,Bucharest,Romania,right,191.0,25000000.0
568693,Pape Matar Sarr,2024,Senegal,Thiaroye,Senegal,right,184.0,45000000.0
568698,Issa Soumaré,2024,Senegal,Podor,Senegal,right,182.0,1500000.0
568701,Lamine Gueye,2021,Senegal,M'bour,Senegal,,178.0,3000000.0
568702,Papa Ndiaga Yade,2022,Senegal,Saint-Louis,Senegal,left,185.0,3000000.0
568835,Pablo Martínez,2021,Spain,Madrid,Spain,right,182.0,1500000.0
569031,Umut Tohumcu,2024,Germany,Offenburg,Germany,right,175.0,7000000.0
569033,Armindo Sieb,2024,Germany,Halle (Saale),Germany,both,175.0,4000000.0
569140,Lassine Sinayoko,2024,Mali,Bamako,Mali,right,186.0,3500000.0
569366,Enzo Millot,2024,France,Luc,France,left,175.0,42000000.0
569385,Adil Aouchiche,2022,,Le Blanc-Mesnil,,right,181.0,10000000.0
569387,Valentin Gendrey,2024,France,La Garenne-Colombes,France,right,179.0,8500000.0
569388,Clément Vidal,2022,France,Montpellier,France,right,181.0,2000000.0
569389,Sofiane Diop,2024,France,Tours,Morocco,right,175.0,20000000.0
569390,Julien Ponceau,2023,Angola,Catumbela,France,right,170.0,3500000.0
569598,Youssouf Fofana,2024,France,Paris,France,right,185.0,30000000.0
571020,Oihan Sancet,2024,Spain,Pamplona,Spain,right,188.0,60000000.0
571604,Giorgio Scalvini,2024,Italy,Chiari,Italy,right,194.0,45000000.0
571607,Fabio Miretti,2024,Italy,Pinerolo,Italy,right,180.0,15000000.0
571743,Armando Broja,2024,England,Slough,Albania,right,191.0,30000000.0
572265,Lorenzo Lucca,2024,Italy,Moncalieri,Italy,right,201.0,22000000.0
572326,Christopher Wooh,2024,France,Louvres,Cameroon,right,191.0,7000000.0
573775,Hugo Duro,2024,Spain,Getafe,Spain,left,177.0,16000000.0
573907,Luiz Felipe,2023,Brazil,Rio Grande,Brazil,left,198.0,700000.0
574495,Kristoffer Askildsen,2022,Norway,Oslo,Norway,right,190.0,2000000.0
574671,Strahinja Pavlović,2024,Yugoslavia (Republic),abac,Serbia,left,194.0,25000000.0
575693,Ibrahim Cissoko,2023,Netherlands,Nijmegen,Netherlands,right,188.0,2500000.0
575998,Leonardo Balerdi,2024,Argentina,Villa Mercedes,Argentina,right,187.0,20000000.0
576121,Josh Wilson-Esbrand,2023,England,London,England,left,176.0,4000000.0
576314,Jan Paul van Hecke,2024,Netherlands,Arnemuiden,Netherlands,right,189.0,32000000.0
577486,Gastón Álvarez,2023,Uruguay,Melo,Uruguay,left,184.0,15000000.0
578539,Chris Richards,2024,United States,"Birmingham, Alabama",United States,right,188.0,12000000.0
578872,Jean Lucas,2022,Brazil,Rio de Janeiro,Brazil,right,179.0,8000000.0
579263,Augustine Boakye,2024,Ghana,Bompata,Ghana,left,178.0,3000000.0
579928,Sebastian Nanasi,2024,Sweden,Kristianstad,Sweden,right,178.0,15000000.0
580195,Jamal Musiala,2024,Germany,Stuttgart,Germany,right,184.0,140000000.0
580560,Jon Pacheco,2024,Spain,Elizondo,Spain,left,184.0,15000000.0
580657,Osame Sahraoui,2024,Norway,Oslo,Morocco,right,170.0,12000000.0
581357,Jan Schöppner,2024,Germany,Homberg (Efze),Germany,right,190.0,4500000.0
581672,Samuel Iling-Junior,2023,England,London,England,left,182.0,13000000.0
581678,Jude Bellingham,2024,England,Stourbridge,England,right,186.0,180000000.0
581781,Enzo Loiodice,2024,France,Paris,France,left,177.0,5500000.0
583189,Anthony Elanga,2024,Sweden,Hyllie,Sweden,right,178.0,35000000.0
583255,Antoine Semenyo,2024,England,London,Ghana,right,185.0,35000000.0
584769,Dwight McNeil,2024,England,Rochdale,England,left,183.0,25000000.0
585700,Juan Cruz,2024,Argentina,Quilmes,Spain,left,180.0,4000000.0
585949,Pierre Kalulu,2024,France,Lyon,France,right,182.0,35000000.0
585959,Arnaud Kalimuendo,2024,France,Suresnes,France,right,175.0,25000000.0
585973,Johann Lepenant,2024,France,Granville,France,right,176.0,10000000.0
585982,Carlos Augusto,2024,Brazil,Campinas,Brazil,left,184.0,22000000.0
586853,Vitinha,2024,Portugal,Cabeceiras de Basto,Portugal,right,178.0,22000000.0
587458,Kevin Agudelo,2022,Colombia,Puerto Caicedo,Colombia,left,178.0,4000000.0
588426,Saúl Coco,2024,Spain,Lanzarote,Equatorial Guinea,right,187.0,14000000.0
589737,Kelvin Yeboah,2023,Ghana,Accra,Italy,right,185.0,5500000.0
590690,Víctor García,2019,Spain,Valencia,Spain,right,180.0,400000.0
591193,Niels Nkounkou,2024,France,Pontoise,France,left,180.0,7500000.0
591914,Warren Tchimbembé,2023,France,Gonesse,Congo,left,180.0,1500000.0
591916,Aitor Paredes,2024,Spain,Bilbao,Spain,right,185.0,22000000.0
591949,Aaron Hickey,2024,Scotland,Glasgow,Scotland,both,185.0,30000000.0
592534,Nicolai Remberg,2024,Germany,Rheine,Germany,right,188.0,2800000.0
592735,Gonzalo Plata,2022,,Guayaquil,,left,178.0,6000000.0
592979,Himad Abdelli,2024,France,Montivilliers,Algeria,right,185.0,7000000.0
594997,Yohann Magnin,2023,France,Clermont-Ferrand,France,right,183.0,2500000.0
595809,Beto,2024,Portugal,Lisboa,Guinea-Bissau,right,194.0,25000000.0
596122,Pep Chavarría,2024,Spain,Figueres,Spain,left,174.0,3500000.0
596153,Justin Njinmah,2024,Germany,Hamburg,Germany,right,185.0,9000000.0
596240,Senou Coulibaly,2020,France,Pontoise,Mali,right,193.0,1000000.0
596446,Leif Davis,2024,England,Newcastle,England,left,182.0,25000000.0
596813,Dickson Abiama,2021,Nigeria,Lagos,Nigeria,right,184.0,900000.0
596881,Florian Flick,2022,Germany,Mannheim,Germany,both,190.0,2000000.0
597000,Eric Martel,2023,Germany,Straubing,Germany,right,188.0,9000000.0
597432,Leopold Querfeld,2024,Austria,Wien,Austria,right,190.0,7000000.0
597659,Charlie Cresswell,2024,England,Preston,England,right,190.0,7000000.0
598577,Florian Wirtz,2024,Germany,Pulheim,Germany,right,177.0,140000000.0
598765,Brian Ocampo,2023,Uruguay,Florida,Uruguay,right,172.0,4000000.0
602105,Antony,2024,Brazil,So Paulo,Brazil,left,172.0,75000000.0
602124,Alessandro Bianco,2024,Italy,Torino,Italy,right,173.0,5000000.0
605184,Jean-Clair Todibo,2024,French Guiana,Cayenne,France,right,190.0,35000000.0
605268,Igor Matanovic,2024,Germany,Hamburg,Croatia,right,194.0,8000000.0
605893,Lucas Ribeiro,2019,Brazil,Salvador,Brazil,right,190.0,3000000.0
606119,Phil Harres,2024,Germany,Datteln,Germany,right,193.0,4500000.0
606450,Gaoussou Traoré,2018,France,Amiens,France,right,178.0,600000.0
607034,Akor Adams,2024,Nigeria,Kogi State,Nigeria,right,190.0,12000000.0
607226,Loum Tchaouna,2024,Chad,N'Djamena,France,left,180.0,10000000.0
607854,Éderson,2024,Brazil,Campo Grande,Brazil,right,183.0,50000000.0
608175,Alfie Doughty,2023,England,London,England,left,183.0,10000000.0
609556,William Osula,2024,Denmark,Aarhus,Denmark,right,191.0,7000000.0
610431,Wahid Faghir,2024,Denmark,Vejle,Denmark,right,186.0,4500000.0
610849,Liam Delap,2024,England,Winchester,England,right,186.0,35000000.0
613393,Gaetano Oristanio,2024,Italy,Vallo della Lucania,Italy,left,174.0,6500000.0
614258,Levi Colwill,2024,England,Southampton,England,left,187.0,55000000.0
614742,Drissa Camara,2024,Cote d'Ivoire,Abobo,Cote d'Ivoire,right,179.0,1800000.0
615350,Cenk Özkacar,2024,Trkiye,Izmir,Trkiye,left,190.0,5000000.0
616341,Nuno Mendes,2024,Portugal,Lisboa,Portugal,left,183.0,65000000.0
616344,Tiago Tomás,2024,Portugal,Cascais,Portugal,right,180.0,12000000.0
616369,Ander Barrenetxea,2024,Spain,Donostia-San Sebastin,Spain,right,175.0,20000000.0
617021,Ben Old,2024,New Zealand,Auckland,New Zealand,left,173.0,800000.0
617074,Ilaix Moriba,2024,Guinea,Conakry,Guinea,right,185.0,25000000.0
617081,Diego López,2024,Spain,Turn,Spain,right,172.0,14000000.0
618425,Tanguy Coulibaly,2024,France,Svres,France,left,179.0,5000000.0
618472,Castello Lukeba,2024,France,Lyon,France,left,184.0,50000000.0
618813,Carlos Martín,2024,Spain,Madrid,Spain,right,180.0,4000000.0
619461,Mohamed Bamba,2023,Cote d'Ivoire,Bouak,Cote d'Ivoire,,185.0,6000000.0
620313,Lucas Gourna-Douath,2024,France,Villeneuve-Saint-Georges,France,right,185.0,12000000.0
620477,Kaio Jorge,2023,Brazil,Olinda,Brazil,right,182.0,12000000.0
620598,Ameen Al-Dakhil,2024,Iraq,Baghdad,Belgium,right,187.0,15000000.0
621193,Kasey McAteer,2024,England,Northampton,Ireland,right,177.0,900000.0
623040,Yayah Kallon,2023,Sierra Leone,Koidu-Sefadu,Sierra Leone,left,175.0,2000000.0
623521,Juanmi Latasa,2024,Spain,Madrid,Spain,left,192.0,3000000.0
623570,Iliman Ndiaye,2024,France,Rouen,Senegal,right,180.0,22000000.0
624037,Joris Chotard,2024,France,Orange,France,right,179.0,10000000.0
624258,Conor Bradley,2024,Northern Ireland,Castlederg,Northern Ireland,right,181.0,25000000.0
625047,Beñat Prados,2024,Spain,Pamplona,Spain,right,180.0,20000000.0
626724,João Pedro,2024,Brazil,Ribeiro Preto,Brazil,right,182.0,50000000.0
626913,Boulaye Dia,2024,France,Oyonnax,Senegal,right,180.0,25000000.0
627224,Gabriel Silva,2024,Brazil,Ribeiro Preto,Brazil,right,177.0,3000000.0
627228,Yan Couto,2024,Brazil,Curitiba,Brazil,right,168.0,25000000.0
627248,Lewis Dobbin,2023,England,Stoke,England,right,175.0,2500000.0
627626,Wilfried Gnonto,2022,Italy,Verbania,Italy,right,170.0,18000000.0
628366,Lucas Beltrán,2024,Argentina,Crdoba,Argentina,right,176.0,18000000.0
628451,Roméo Lavia,2024,Belgium,Brussels,Belgium,right,181.0,50000000.0
631007,Filippo Terracciano,2024,Italy,Verona,Italy,right,186.0,4500000.0
631221,Isma Ruiz,2021,Spain,Gjar,Spain,right,180.0,600000.0
632349,Jarell Quansah,2024,England,Warrington,England,right,190.0,22000000.0
632741,Iker Losada,2024,Spain,Catoira,Spain,right,175.0,1800000.0
633454,Alexander Bernhardsson,2024,Sweden,Gteborg,Sweden,left,185.0,1500000.0
633530,Jordan Zemura,2024,England,London,Zimbabwe,left,173.0,6000000.0
633668,Giovanni Fabbian,2024,Italy,Camposampiero,Italy,right,186.0,14000000.0
633992,Enzo Le Fée,2023,France,Lorient,France,right,173.0,20000000.0
634105,Alberto Marí,2023,Spain,Alicante,Spain,right,183.0,1500000.0
634122,Diego Moreno,2022,Spain,Cintrunigo,Spain,right,177.0,800000.0
634131,Aimar Oroz,2024,Spain,Pamplona,Spain,right,177.0,15000000.0
634431,Beñat Turrientes,2024,Spain,Beasain,Spain,right,181.0,20000000.0
635346,Diego Moreno,2022,Spain,Villa del Ro,Spain,left,175.0,100000.0
636688,Alejandro Balde,2024,Spain,Barcelona,Spain,left,175.0,60000000.0
638589,Ángel Algobia,2022,Spain,Velilla de San Antonio,Spain,right,188.0,1500000.0
638793,Tajon Buchanan,2024,Canada,"Brampton, Ontario",Canada,right,183.0,12000000.0
640428,Eduardo Camavinga,2024,Angola,Cabinda,France,left,182.0,100000000.0
641537,Tommaso Baldanzi,2024,Italy,Poggibonsi,Italy,left,170.0,15000000.0
643574,Kaishu Sano,2024,Japan,"Tsuyama, Okayama",Japan,right,176.0,17000000.0
644401,Keane Lewis-Potter,2024,England,Hull,England,right,170.0,23000000.0
644563,Bryan Soumaré,2019,France,Saint-Quentin,France,left,180.0,2000000.0
644676,Bruno Amione,2023,Argentina,Calchaqu,Argentina,left,187.0,3000000.0
644771,Odilon Kossounou,2024,Cote d'Ivoire,Abidjan,Cote d'Ivoire,right,191.0,35000000.0
645774,Eren Dinkçi,2024,Germany,Bremen,Trkiye,right,188.0,12000000.0
646402,Abner,2024,Brazil,Presidente Prudente,Brazil,left,181.0,9000000.0
646658,Aaron Ramsey,2023,England,Birmingham,England,right,181.0,15000000.0
646733,Jim Allevinah,2024,France,Agen,Gabon,right,172.0,2500000.0
646740,Gavi,2024,Spain,Los Palacios y Villafranca,Spain,right,173.0,90000000.0
646750,Cristhian Mosquera,2024,Spain,Alicante,Spain,right,191.0,30000000.0
648046,Evan Ferguson,2024,Ireland,"Bettystown, Meath",Ireland,right,188.0,65000000.0
648195,Enzo Fernández,2024,Argentina,San Martn,Argentina,right,178.0,85000000.0
648779,Wilfried Singo,2024,Cote d'Ivoire,Grand-Brby,Cote d'Ivoire,right,190.0,25000000.0
649016,El Bilal Touré,2024,Cote d'Ivoire,Adjam,Mali,both,185.0,20000000.0
649020,Boubacar Traoré,2024,Mali,Bamako,Mali,right,183.0,6000000.0
649023,Formose Mendy,2023,Senegal,Dakar,Senegal,right,191.0,5000000.0
649033,Dion Lopy,2023,Senegal,Bambilor,Senegal,right,184.0,10000000.0
649317,Jhon Durán,2023,Colombia,Medelln,Colombia,left,185.0,20000000.0
649452,Issa Kaboré,2024,Burkina Faso,Bobo-Dioulasso,Burkina Faso,right,180.0,10000000.0
650104,Zinédine Ould Khaled,2024,France,Alfortville,France,right,195.0,400000.0
650966,Samuele Vignato,2024,Italy,Fumane,Italy,right,172.0,4000000.0
650993,Filippo Missori,2023,Italy,Roma,Italy,right,182.0,1500000.0
651269,Armin Gigovic,2024,Sweden,Lund,Bosnia-Herzegovina,right,187.0,3000000.0
651569,Daniel Mosquera,2024,Colombia,Quibd,Colombia,right,180.0,1500000.0
652275,Hákon Arnar Haraldsson,2024,Iceland,Akranes,Iceland,right,178.0,15000000.0
654415,Alan Virginius,2023,France,Soisy-sous-Montmorency,France,right,180.0,4000000.0
654539,Adrien Truffert,2024,Belgium,Lige,France,left,176.0,18000000.0
654982,Bilal El Khannouss,2024,Belgium,Strombeek-Bever,Morocco,right,180.0,30000000.0
654991,Samuel Mbangula,2024,Belgium,Bruxelles,Belgium,right,179.0,14000000.0
655006,Diego Moreira,2024,Belgium,Lige,Portugal,left,179.0,10000000.0
655012,Lucas Stassin,2024,Belgium,Braine-le-Comte,Belgium,right,183.0,7000000.0
655488,Gabriel Martinelli,2024,Brazil,Guarulhos,Brazil,right,178.0,85000000.0
656441,Jean Onana,2024,Cameroon,Yaound,Cameroon,right,189.0,6000000.0
656681,Victor Boniface,2024,Nigeria,Akure,Nigeria,right,190.0,45000000.0
658536,Simon Adingra,2024,Cote d'Ivoire,Abobo,Cote d'Ivoire,right,175.0,30000000.0
659459,Carney Chukwuemeka,2024,Austria,Eisenstadt,England,right,188.0,15000000.0
659516,Warren Bondo,2024,France,vry,France,right,177.0,10000000.0
659542,Elye Wahi,2024,France,Courcouronnes,France,right,181.0,40000000.0
659813,Piero Hincapié,2024,Ecuador,Esmeraldas,Ecuador,left,184.0,50000000.0
660342,Gabriel Charpentier,2024,Congo,Pointe Noire,Congo,right,188.0,3500000.0
660860,Diego Coppola,2024,Italy,Bussolengo,Italy,right,193.0,7500000.0
660867,Julio Enciso,2024,Paraguay,Caaguaz,Paraguay,right,173.0,22000000.0
661053,Jarrad Branthwaite,2024,England,Carlisle,England,left,195.0,50000000.0
661145,Jon Aramburu,2024,Venezuela,Caracas,Venezuela,right,176.0,12000000.0
661171,Willian Pacho,2024,Ecuador,Quinind,Ecuador,left,187.0,45000000.0
661207,Oscar Bobb,2024,Norway,Oslo,Norway,left,175.0,25000000.0
661284,Fabinho,2021,Brazil,Rio de Janeiro,Brazil,right,186.0,400000.0
662261,Rafa Marín,2024,Spain,Guadajoz,Spain,right,191.0,9000000.0
663244,Jota Silva,2024,Portugal,Gondomar,Portugal,right,179.0,14000000.0
666234,Mohamed Simakan,2023,France,Marseille,France,right,187.0,35000000.0
666547,Zito Luvumbo,2024,Angola,Luanda,Angola,left,171.0,7500000.0
667121,Rodrigo Gomes,2024,Portugal,Pvoa de Varzim,Portugal,right,175.0,15000000.0
667287,Yasin Ayari,2024,Sweden,Solna,Sweden,right,172.0,17000000.0
667517,Jordan James,2024,England,Hereford,Wales,right,182.0,8000000.0
667967,Yassine Kechta,2024,France,Paris,Morocco,left,174.0,5000000.0
668276,Hugo Novoa,2024,Spain,Bertamirns,Spain,right,182.0,5000000.0
668547,Máximo Perrone,2024,Argentina,Buenos Aires,Argentina,left,177.0,10000000.0
669380,Konstantinos Koulierakis,2024,Greece,Chania,Greece,left,188.0,20000000.0
670096,Tanner Tessmann,2024,United States,"Birmingham, Alabama",United States,right,188.0,7000000.0
670681,João Neves,2024,Portugal,Tavira,Portugal,right,174.0,65000000.0
670710,André Gomes,2023,Portugal,Ponte de Lima,Portugal,left,182.0,2000000.0
670858,Lewis Hall,2024,England,Slough,England,left,179.0,30000000.0
670882,Jamie Gittens,2024,England,London,England,right,178.0,50000000.0
670965,Vitinho,2021,Brazil,So Jos dos Campo,Brazil,right,181.0,5000000.0
671594,Kamory Doumbia,2024,Mali,Bamako,Mali,right,170.0,5000000.0
671915,Enzo Barrenechea,2024,Argentina,Villa Mara,Argentina,right,186.0,7500000.0
672803,Bertuğ Yıldırım,2024,Trkiye,Istanbul,Trkiye,right,191.0,5000000.0
673071,Oscar Vilhelmsson,2023,Sweden,sa,Sweden,left,188.0,2000000.0
674612,Youssouf Ndayishimiye,2024,Burundi,Bujumbura,Burundi,right,183.0,18000000.0
674806,Santiago Pierotti,2024,Argentina,Pilar,Argentina,right,189.0,4000000.0
676042,Juanlu Sánchez,2024,Spain,Montequinto,Spain,right,186.0,15000000.0
678406,Sergi Cardona,2024,Spain,Lloret de Mar,Spain,both,186.0,8000000.0
678441,Daniele Montevago,2022,Italy,Palermo,Italy,right,184.0,800000.0
678479,Denis Huseinbasic,2023,Germany,Erbach (Odenwald),Bosnia-Herzegovina,right,184.0,5000000.0
683840,Pedri,2024,Spain,Tegueste,Spain,right,174.0,120000000.0
683895,Emmanuel Agbadou,2024,Cote d'Ivoire,Abidjan,Cote d'Ivoire,right,192.0,17000000.0
684210,Jaidon Anthony,2023,England,London,England,right,183.0,9000000.0
687609,Isaac Romero,2024,Spain,Lebrija,Spain,left,183.0,18000000.0
687626,Moisés Caicedo,2024,Ecuador,Santo Domingo,Ecuador,right,178.0,90000000.0
688707,Salis Abdul Samed,2023,Ghana,Accra,Ghana,right,179.0,18000000.0
689505,Johnny Cardoso,2024,United States,"Denville, New Jersey",United States,right,186.0,25000000.0
690799,Anthony Rouault,2024,France,Villeneuve-sur-Lot,France,right,186.0,10000000.0
691316,Luis Henrique,2024,Brazil,Joo Pessoa,Brazil,right,181.0,18000000.0
691482,Jacopo Fazzini,2024,Italy,Massa,Italy,right,178.0,8000000.0
691786,Morgan Guilavogui,2024,France,Ollioules,Guinea,right,189.0,4000000.0
691892,Nathaniel Brown,2024,Germany,Amberg,Germany,left,180.0,15000000.0
692070,Clemens Riedel,2023,Germany,Wlfersheim,Germany,right,186.0,2000000.0
692734,Linus Gechter,2021,Germany,Berlin,Germany,right,190.0,4500000.0
692737,Aljoscha Kemlein,2024,Germany,Berlin,Germany,right,187.0,7000000.0
693095,Jacob Greaves,2024,England,Cottingham,England,left,193.0,20000000.0
694509,Moussa Diarra,2024,France,Stains,Mali,left,185.0,2000000.0
694928,Samuel Lino,2024,Brazil,Santo Andr,Brazil,right,177.0,30000000.0
695454,Chiquinho,2024,Portugal,Cascais,Portugal,right,179.0,3000000.0
697714,Fabinho,2022,Portugal,Lisboa,Portugal,right,181.0,450000.0
698110,Lorenzo Malagrida,2022,Italy,Pietra Ligure,Italy,right,174.0,400000.0
698259,Thomas Kristensen,2024,Denmark,Aarhus,Denmark,right,198.0,6000000.0
699442,Kacper Urbanski,2024,Poland,Gdask,Poland,right,183.0,7000000.0
700106,Brajan Gruda,2024,Germany,Speyer,Germany,left,178.0,25000000.0
700646,André Silva,2020,Portugal,gueda,Portugal,left,183.0,
701819,Daniele Ghilardi,2024,Italy,Lucca,Italy,right,189.0,4000000.0
707242,Badredine Bouanani,2024,France,Lille,Algeria,left,177.0,6000000.0
707274,César Tárrega,2024,Spain,Aldaia,Spain,right,194.0,6000000.0
708072,Nicolò Savona,2024,Italy,Aosta,Italy,right,192.0,14000000.0
708265,Bradley Barcola,2024,France,Lyon,France,right,182.0,70000000.0
709187,Nico Williams,2024,Spain,Pamplona,Spain,right,181.0,70000000.0
709372,Carlos Romero,2024,Spain,Torrent,Spain,left,,3000000.0
709969,Ilias Akhomach,2024,Spain,Hostalets de Pierola,Morocco,left,175.0,15000000.0
710004,Peter Federico,2024,Spain,Madrid,Dominican Republic,left,180.0,3000000.0
710131,Diego Llorente,2024,Spain,Almera,Dominican Republic,right,180.0,100000.0
710677,Iker Muñoz,2024,Spain,Villafranca,Spain,right,180.0,5000000.0
711337,Evanilson,2024,Brazil,Fortaleza,Brazil,both,183.0,35000000.0
711517,Kevin Paredes,2024,United States,"South Riding, Virginia",United States,left,175.0,7500000.0
711544,Jake O'Brien,2024,Ireland,Cork,Ireland,right,197.0,15000000.0
711969,Lorenz Assignon,2024,France,Grasse,France,right,181.0,10000000.0
711976,Andy Diouf,2024,France,Neuilly-sur-Seine,France,left,187.0,13000000.0
711996,Warmed Omari,2024,Mayotte,Bandraboua,Comoros,right,188.0,10000000.0
711999,Lesley Ugochukwu,2024,France,Rennes,France,right,190.0,25000000.0
713644,Bryan Zaragoza,2024,Spain,Mlaga,Spain,right,164.0,12000000.0
713787,Jhoanner Chávez,2024,Ecuador,Francisco de Orellana,Ecuador,left,182.0,4000000.0
716276,Yerson Mosquera,2024,Colombia,Apartad,Colombia,right,188.0,8000000.0
717118,Darlin Yongwa,2023,Cameroon,Douala,Cameroon,left,177.0,1500000.0
718312,Hamzat Ojediran,2024,Nigeria,Lagos,Nigeria,right,179.0,2000000.0
719646,Bernardo,2023,Brazil,Rio de Janeiro,Brazil,left,196.0,
720038,Pablo Torre,2024,Spain,Soto de la Marina,Spain,right,173.0,7500000.0
724106,Luca Lipani,2023,Italy,Genova,Italy,right,185.0,4000000.0
724520,Abde Ezzalzouli,2024,Morocco,Bni Mellal,Morocco,right,177.0,15000000.0
724783,Tawanda Chirewa,2023,England,Chelmsford,Zimbabwe,right,181.0,500000.0
725242,Luca D'Andrea,2022,Italy,Ponticelli,Italy,left,173.0,2500000.0
728733,Brooke Norton-Cuffy,2024,England,London,England,right,181.0,4500000.0
729814,Georges Mikautadze,2024,France,Lyon,Georgia,right,176.0,20000000.0
730893,Tyrick Mitchell,2024,England,London,England,left,181.0,28000000.0
732507,Agustín Martegani,2023,Argentina,Rojas,Argentina,left,182.0,2200000.0
733576,Alberto Moleiro,2024,Spain,Santa Cruz de Tenerife,Spain,right,171.0,25000000.0
735568,Natan,2024,Brazil,Itapecerica da Serra,Brazil,left,188.0,13000000.0
735570,João Gomes,2024,Brazil,Rio de Janeiro,Brazil,right,176.0,40000000.0
735571,Rodrigo Muniz,2024,Brazil,So Domingos do Prata,Brazil,right,186.0,20000000.0
737781,Jérémy Le Douaron,2023,France,Ploufragan,France,left,189.0,5000000.0
739769,Ilan Kebbal,2021,France,Marseille,Algeria,left,169.0,4500000.0
740674,Issouf Sissokho,2021,Mali,Bamako,Mali,right,174.0,800000.0
741238,Omari Hutchinson,2024,England,Redhill,England,left,174.0,22000000.0
741292,Iker Bravo,2024,Spain,Sant Cugat del Valls,Spain,right,182.0,2500000.0
742201,Giuliano Simeone,2024,Italy,Roma,Argentina,right,173.0,25000000.0
743387,Stanis Idumbo,2024,France,Melun,Belgium,right,171.0,2500000.0
743498,Wilson Odobert,2024,France,Meaux,France,right,182.0,18000000.0
743500,William Mikelbrencis,2021,France,Forbach,France,right,176.0,2000000.0
743589,Kaiky,2023,Brazil,Santos,Brazil,right,182.0,8000000.0
743598,Ângelo,2023,Brazil,Braslia,Brazil,left,180.0,15000000.0
743600,Andrey Santos,2024,Brazil,Rio de Janeiro,Brazil,right,180.0,25000000.0
744149,Adam Wharton,2024,England,Blackburn,England,left,182.0,35000000.0
745181,Soungoutou Magassa,2024,France,Stains,France,right,190.0,12000000.0
745191,Ramón Sosa,2024,Paraguay,Maracan,Paraguay,right,179.0,13000000.0
745461,Luca Koleosho,2023,United States,"Norwalk, Connecticut",Italy,right,175.0,7000000.0
746695,Kamaldeen Sulemana,2024,Ghana,Techiman,Ghana,right,175.0,22000000.0
746739,Andre Brooks,2023,England,Sheffield,England,left,180.0,2500000.0
746891,Cristian Volpato,2023,Australia,Camperdown,Italy,left,187.0,5000000.0
746910,Mohamed Amoura,2024,Algeria,Tahir,Algeria,right,170.0,32000000.0
747009,Justin Devenny,2024,,,Northern Ireland,left,184.0,3000000.0
748319,Carlos Alcaraz,2024,Argentina,La Plata,Argentina,right,176.0,15000000.0
748382,Amin Sarr,2024,Sweden,Malm,Sweden,right,188.0,9000000.0
749552,Alieu Fadera,2024,The Gambia,Bakau,The Gambia,right,182.0,5000000.0
750903,Jaouen Hadjam,2023,France,Paris,Algeria,left,185.0,2000000.0
750904,Tom Louchet,2024,France,Manosque,France,both,178.0,3000000.0
763079,Abdukodir Khusanov,2024,Uzbekistan,Tashkent,Uzbekistan,right,186.0,35000000.0
763182,Josué Casimir,2024,Guadeloupe,Baie-Mahault,Guadeloupe,right,178.0,3500000.0
764859,Williot Swedberg,2024,Sweden,Stockholm,Sweden,right,187.0,5000000.0
766412,Théo Le Bris,2023,France,Rennes,France,right,170.0,3000000.0
766583,Kike Salas,2024,Spain,Sevilla,Spain,left,188.0,10000000.0
768380,Arouna Sangante,2024,Senegal,Mbao,Senegal,right,189.0,10000000.0
769063,Luka Romero,2023,Mexico,Victoria de Durango,Argentina,left,169.0,5000000.0
770895,Ismaël Boura,2022,Mayotte,Bandrele,France,left,173.0,1500000.0
775605,Pablo Barrios,2024,Spain,Madrid,Spain,right,181.0,50000000.0
776798,Abdallah Sima,2024,Senegal,Dakar,Senegal,right,188.0,11000000.0
776890,Nicolas Jackson,2024,The Gambia,Banjul,Senegal,right,187.0,55000000.0
782630,Khalil Fayad,2024,France,Montpellier,Morocco,right,172.0,5000000.0
783094,Benjamin Bouchouari,2024,Belgium,Borgerhout,Morocco,right,165.0,5000000.0
785353,Pablo Ibáñez,2024,Spain,Pamplona,Spain,right,179.0,2500000.0
786436,Ismaël Doukouré,2024,France,Lille,France,right,183.0,15000000.0
787151,Lukas Ullrich,2024,Germany,Berlin,Germany,left,180.0,8000000.0
787232,David Datro Fofana,2024,Cote d'Ivoire,Ouragahio,Cote d'Ivoire,right,182.0,12000000.0
787912,El Chadaille Bitshiabu,2024,France,Villeneuve-Saint-Georges,France,left,196.0,15000000.0
789082,Vanderson,2024,Brazil,Rondonpolis,Brazil,right,173.0,20000000.0
789252,Bence Dárdai,2024,Germany,Berlin,Hungary,right,189.0,9000000.0
790992,Alfie Gilchrist,2023,England,London,England,right,183.0,5000000.0
792380,Aleksandar Pavlovic,2024,Germany,Mnchen,Germany,both,188.0,50000000.0
794349,Julien Le Cardinal,2024,France,Saint-Brieuc,France,right,184.0,2500000.0
795431,Tio Cipot,2022,,Murska Sobota,,right,184.0,700000.0
798043,Tom Rothe,2024,Germany,Rendsburg,Germany,left,193.0,12000000.0
798404,Alidu Seidu,2024,Ghana,Accra,Ghana,right,173.0,9000000.0
798687,Antony,2022,,,Brazil,right,185.0,1800000.0
798929,Gvidas Gineitis,2024,Lithuania,Maeikiai,Lithuania,left,191.0,5000000.0
800176,André,2024,Brazil,Ibirataia,Brazil,right,176.0,25000000.0
801754,Yanis Cimignani,2022,,Lyon,,left,176.0,2000000.0
802747,Siriné Doucouré,2023,France,Nogent-sur-Marne,Mali,right,193.0,1200000.0
804812,Anthony Oyono,2023,France,Lille,Gabon,right,184.0,2500000.0
805908,Bradley Locko,2024,France,Ivry-sur-Seine,France,left,180.0,12000000.0
806168,Paul Joly,2024,France,Orlans,France,right,182.0,2500000.0
806793,Clément Akpa,2024,France,Meudon,Cote d'Ivoire,left,181.0,3000000.0
807165,Bamo Meïté,2024,Cote d'Ivoire,Kani,Cote d'Ivoire,right,184.0,7000000.0
807688,Yassin Belkhdim,2024,France,Meulan-en-Yvelines,Morocco,right,175.0,800000.0
807689,Frank Magri,2024,France,Agen,Cameroon,right,178.0,3000000.0
808509,Danilo,2024,Brazil,Salvador,Brazil,left,177.0,28000000.0
809498,Luca Kerber,2024,Germany,Dillingen (Saar),Germany,right,184.0,1300000.0
810092,Warren Zaïre-Emery,2024,France,Montreuil,France,right,178.0,60000000.0
810093,Ayman Kari,2023,France,Ivry-sur-Seine,France,right,176.0,4000000.0
810411,Pablo Pagis,2023,France,Montbliard,France,both,180.0,1500000.0
810895,Eliesse Ben Seghir,2024,France,Saint-Tropez,Morocco,right,178.0,30000000.0
811779,Alejandro Garnacho,2024,Spain,Madrid,Argentina,right,180.0,50000000.0
813137,Niccolò Pisilli,2024,Italy,Roma,Italy,right,180.0,12000000.0
814446,Luca Marianucci,2024,Italy,Livorno,Italy,right,186.0,5000000.0
816308,Panos Katseris,2023,Greece,Athens,Greece,right,187.0,2500000.0
816580,Tiago Santos,2024,Portugal,Lisboa,Portugal,right,175.0,15000000.0
816585,Can Uzun,2024,Germany,Regensburg,Trkiye,right,186.0,18000000.0
818495,Otávio,2024,Brazil,So Paulo,Brazil,left,188.0,13000000.0
820241,Damion Downs,2023,Germany,Werneck,United States,right,192.0,2000000.0
820374,Kobbie Mainoo,2024,England,Stockport,England,right,180.0,55000000.0
822458,Bamba Dieng,2024,Senegal,Pikine,Senegal,right,178.0,10000000.0
822959,Tom Bischof,2024,Germany,Amorbach,Germany,left,176.0,25000000.0
823231,Dango Ouattara,2024,Burkina Faso,Ouagadougou,Burkina Faso,left,177.0,25000000.0
827734,Ange-Yoan Bonny,2024,France,Aubervilliers,France,right,189.0,20000000.0
830108,Julián Malatini,2024,Argentina,Crdoba,Argentina,right,191.0,3000000.0
830265,Lohann Doucet,2022,France,Nantes,France,right,180.0,800000.0
831161,Lautaro Blanco,2022,Argentina,Rosario (SFE),Argentina,left,176.0,4500000.0
834470,Dani Rodríguez,2022,Spain,Astigarraga,Spain,left,170.0,
834752,Unai Gómez,2024,Spain,Bermeo,Spain,left,183.0,8000000.0
834898,Vitinho,2023,,,Brazil,,178.0,200000.0
842338,Enzo Tchato,2024,France,Montpellier,Cameroon,right,182.0,3000000.0
842425,Sacha Delaye,2023,France,Rennes,France,right,171.0,800000.0
842718,Paulinho,2023,Portugal,Braga,Portugal,right,186.0,550000.0
845654,Kenan Yıldız,2024,Germany,Regensburg,Trkiye,both,187.0,45000000.0
846310,Oscar Højlund,2024,Denmark,Kbenhavn,Denmark,right,187.0,7500000.0
847279,Oumar Diakité,2024,Cote d'Ivoire,Bingerville,Cote d'Ivoire,right,185.0,9000000.0
848509,Jackson Tchatchoua,2024,Belgium,Ixelles,Cameroon,right,180.0,8000000.0
849410,Valentín Barco,2024,Argentina,25 de Mayo,Argentina,left,170.0,13000000.0
849520,Santiago Castro,2024,Argentina,Buenos Aires,Argentina,right,179.0,35000000.0
852024,Bénie Traoré,2023,Cote d'Ivoire,Bouak,Cote d'Ivoire,right,172.0,4000000.0
854853,Tom Davies,2023,,,Wales,,,50000.0
855056,Taïryk Arconte,2022,Guadeloupe,Les Abymes,France,,181.0,500000.0
855134,Skelly Alvero,2024,France,Stains,France,right,202.0,4000000.0
855256,Alex Scott,2024,Guernsey,Guernsey,England,right,178.0,20000000.0
855308,Arthur Atta,2024,France,Rennes,France,right,189.0,2500000.0
860056,Aïman Maurer,2023,France,Neuilly-sur-Seine,Morocco,right,173.0,800000.0
861410,Arda Güler,2024,Trkiye,Ankara,Trkiye,left,175.0,45000000.0
861981,Alan Matturro,2024,Uruguay,Montevideo,Uruguay,left,189.0,8000000.0
864799,Stefan Bajcetic,2024,Spain,Vigo,Spain,right,185.0,13000000.0
866655,Tyler Dibling,2024,England,Exeter,England,left,178.0,25000000.0
867688,Jack Hinshelwood,2024,England,Worthing,England,right,182.0,24000000.0
872171,Lucas Beraldo,2024,Brazil,Piracicaba,Brazil,left,186.0,30000000.0
872184,Tadeo Allende,2023,Argentina,Mina Clavero,Argentina,right,183.0,4500000.0
872380,Felix Afena-Gyan,2022,Ghana,Sunyani,Ghana,right,175.0,6000000.0
873981,Diego González,2023,Paraguay,Alto Paran,Paraguay,left,177.0,1500000.0
874066,Oliver Arblaster,2023,England,Sheffield,England,right,180.0,450000.0
876440,João Pedro,2024,Brazil,Indaiatuba,Brazil,left,186.0,500000.0
876631,Habib Diarra,2024,Senegal,Gudiawaye,Senegal,right,178.0,20000000.0
884072,Jeffinho,2023,Brazil,Volta Redonda,Brazil,right,176.0,8000000.0
889683,Rogério,2022,,Seixal,,right,170.0,150000.0
890290,Dean Huijsen,2024,Netherlands,Amsterdam,Spain,both,197.0,42000000.0
891091,Diego López,2023,,,Spain,,,100000.0
891998,Antoine Mendy,2024,France,Marseille,Senegal,right,187.0,3000000.0
892221,Hugo Sotelo,2024,Spain,Vigo,Spain,right,180.0,5000000.0
892929,Hugo Álvarez,2024,Spain,Ourense,Spain,right,176.0,7500000.0
892973,Lovro Zvonarek,2023,Croatia,akovec,Croatia,right,180.0,3000000.0
893675,Amir Richardson,2024,France,Nice,Morocco,left,197.0,9000000.0
894914,Antonio Nusa,2024,Norway,Langhus,Norway,right,183.0,28000000.0
900909,Paul Wanner,2024,Austria,Dornbirn,Germany,left,185.0,18000000.0
901019,Neil El Aynaoui,2024,France,Nancy,Morocco,right,185.0,10000000.0
903666,Ethan Mbappé,2024,France,Montreuil,France,left,180.0,5000000.0
903693,Senny Mayulu,2024,France,Le Blanc-Mesnil,France,both,183.0,10000000.0
904662,Louis Mouton,2024,France,Saint-Priest-en-Jarez,France,right,180.0,800000.0
905997,Pablo Durán,2024,Spain,Tomio,Spain,right,176.0,3500000.0
907813,Pablo Marín,2024,Spain,Logroo,Spain,right,178.0,3000000.0
911328,Mohamed Kaba,2024,France,Orlans,France,right,185.0,3500000.0
913495,Emran Soglo,2023,France,Crteil,England,left,178.0,1000000.0
914562,Désiré Doué,2024,France,Angers,France,right,181.0,60000000.0
916920,Shavy Babicka,2024,Gabon,Libreville,Gabon,right,179.0,3500000.0
917375,Antoine Hainaut,2024,France,Boulogne,France,right,187.0,1000000.0
918969,Lamine Camara,2024,Senegal,Diouloulou,Senegal,right,173.0,20000000.0
919620,Joseph Nduquidi,2023,France,Metz,Angola,,187.0,800000.0
922693,Archie Gray,2024,England,Durham,England,right,187.0,35000000.0
922769,Lewis Miley,2024,England,Stanley,England,right,189.0,22000000.0
923831,Leny Yoro,2024,France,Saint-Maurice,France,right,190.0,55000000.0
924800,Axel Camblan,2023,France,Brest,France,right,169.0,600000.0
926952,Patrick Dorgu,2024,Denmark,Kbenhavn,Denmark,left,185.0,25000000.0
928323,Ibrahim Salah,2024,Belgium,Saint-Josse-ten-Noode,Morocco,right,186.0,6000000.0
931838,Hugo Larsson,2024,Sweden,Svarte,Sweden,right,187.0,40000000.0
937941,Thierno Barry,2024,France,Lyon,France,right,195.0,14000000.0
937958,Lamine Yamal,2024,Spain,Esplugues de Llobregat,Spain,left,180.0,180000000.0
943837,Vitor Roque,2023,Brazil,Timteo,Brazil,right,174.0,40000000.0
944570,Vasilije Adžić,2024,Serbia and Montenegro,Niki,Montenegro,right,185.0,3000000.0
947360,Kassoum Ouattara,2024,France,Paris,France,left,176.0,8000000.0
947431,David López,2024,Spain,Palma de Mallorca,Spain,,195.0,500000.0
948275,Álvaro Rodríguez,2024,Spain,Palams,Uruguay,left,193.0,6000000.0
953901,Santiago Mouriño,2024,Uruguay,Montevideo,Uruguay,right,186.0,2000000.0
955070,Ernest Nuamah,2024,Ghana,Kumasi,Ghana,left,178.0,20000000.0
955357,Eli Junior Kroupi,2023,France,Lorient,France,right,179.0,15000000.0
957874,Rômulo,2024,Brazil,Marialva,Brazil,right,193.0,7000000.0
971570,Endrick,2024,Brazil,Taguatinga,Brazil,left,173.0,60000000.0
973085,Carlos Baleba,2024,Cameroon,Douala,Cameroon,left,179.0,35000000.0
973703,Brenner,2023,Brazil,Taubat,Brazil,right,171.0,125000.0
977464,Arthur,2024,Brazil,Belo Horizonte,Brazil,right,174.0,7000000.0
980576,Amine Salama,2024,France,Paris,France,right,192.0,3000000.0
982267,Ibrahim Sulemana,2024,Ghana,Sunyani,Ghana,right,180.0,6000000.0
982393,Lucas Mincarelli,2024,France,Saint-Martin d'Hres,France,left,179.0,1000000.0
983989,Facundo Buonanotte,2024,Argentina,Prez,Argentina,left,174.0,22000000.0
1004741,Pedro,2024,Brazil,So Paulo,Brazil,right,170.0,10000000.0
1004834,George Ilenikhena,2024,Nigeria,Lagos,Nigeria,left,185.0,15000000.0
1005240,Christian Mawissa,2024,France,Saint-Jean-de-Verges,France,left,184.0,12000000.0
1005649,Murillo,2024,Brazil,So Paulo,Brazil,left,180.0,55000000.0
1011200,Junior Mwanga,2024,France,Lyon,France,both,184.0,7000000.0
1012534,Yankuba Minteh,2024,The Gambia,Bakoteh,The Gambia,left,180.0,30000000.0
1018259,Gift Orban,2024,Nigeria,Benue,Nigeria,right,178.0,20000000.0
1028162,Antoine Joujou,2024,France,Mantes-la-Jolie,France,right,189.0,2500000.0
1033005,Coba da Costa,2024,Spain,La Mojonera,Spain,right,,3000000.0
1047097,Yoram Zague,2024,France,Paris,France,right,168.0,2500000.0
1058368,Francesco Camarda,2023,Italy,Milano,Italy,right,184.0,10000000.0
1061282,Assane Diao,2024,Senegal,Ndongane,Senegal,right,185.0,25000000.0
1063553,Pau Cabanes,2024,Spain,Burriana,Spain,right,179.0,800000.0
1064403,Álvaro García,2023,Spain,Alicante,Spain,,192.0,150000.0
1064871,Joaquín Panichelli,2023,Argentina,Crdoba,Argentina,right,187.0,300000.0
1068110,Rabby Nzingoula,2024,France,Lille,France,right,183.0,2500000.0
1071956,Emmanuel Biumla,2024,Cote d'Ivoire,Yopougon,France,right,185.0,4000000.0
1074917,Jonathan Silva,2023,Brazil,Taboo da Serra,Brazil,,,400000.0
1076815,Javi Rodríguez,2024,Spain,Poio,Spain,right,178.0,10000000.0
1081219,Othmane Maamma,2024,France,Als,Morocco,both,182.0,800000.0
1083070,Alisson,2024,Brazil,Cachoeirinha,Brazil,left,183.0,10000000.0
1089202,Moïse Bombito,2024,Canada,"Montreal, Quebec",Canada,right,190.0,10000000.0
1097139,Ayyoub Bouaddi,2024,France,Senlis,France,right,186.0,30000000.0
1099726,Papa Amadou Diallo,2023,Senegal,Saint-Louis,Senegal,right,182.0,1000000.0
1111776,Ibou Sané,2023,Senegal,Digoune,Senegal,right,179.0,300000.0
1178474,Amadou Koné,2024,Mali,Bamako,Cote d'Ivoire,left,,1500000.0
1178475,Mohamed Bamba,2024,Cote d'Ivoire,Vavoua,Cote d'Ivoire,left,188.0,300000.0
1185888,Ibrahim Mbaye,2024,France,Trappes,France,right,,2000000.0
1255616,Alberto Risco,2024,Spain,Crdoba,Spain,,,200000.0
