player_id,first_name,last_name,name,country_of_birth,country_of_citizenship,date_of_birth,sub_position,position,foot,height_in_cm,current_club_id,current_club_name,market_value_in_eur,highest_market_value_in_eur,international_caps,international_goals
7161,Jonas,Hofmann,Jonas Hofmann,Germany,Germany,1992-07-14 00:00:00,Attacking Midfield,Midfield,right,176.0,15,Bayer 04 Leverkusen Fußball,2000000.0,16000000.0,23.0,4.0
12282,Daley,Blind,Daley Blind,Netherlands,Netherlands,1990-03-09 00:00:00,Centre-Back,Defender,left,180.0,12321,Girona Fútbol Club S. A. D.,1400000.0,25000000.0,108.0,3.0
16911,Kasper,Schmeichel,Kasper Schmeichel,Denmark,Denmark,1986-11-05 00:00:00,Goalkeeper,Goalkeeper,right,189.0,371,The Celtic Football Club,300000.0,12000000.0,120.0,0.0
17259,Manuel,Neuer,Manuel Neuer,Germany,Germany,1986-03-27 00:00:00,Goalkeeper,Goalkeeper,right,193.0,27,FC Bayern München,4000000.0,45000000.0,124.0,0.0
27992,Luka,Modrić,Luka Modrić,Jugoslawien (SFR),Croatia,1985-09-09 00:00:00,Central Midfield,Midfield,right,172.0,5,Associazione Calcio Milan,4000000.0,55000000.0,195.0,28.0
31599,Norman,Theuerkauf,Norman Theuerkauf,East Germany (GDR),Germany,,Defensive Midfield,Midfield,left,183.0,2036,1. Fußballclub Heidenheim 1846,175000.0,1500000.0,,
31653,Tobias,Sippel,Tobias Sippel,Germany,Germany,1988-03-22 00:00:00,Goalkeeper,Goalkeeper,right,183.0,18,Borussia Verein für Leibesübungen 1900 Mönchengladbach,300000.0,3000000.0,0.0,0.0
35047,Axel,Witsel,Axel Witsel,Belgium,Belgium,1989-01-12 00:00:00,Defensive Midfield,Midfield,right,186.0,12321,Girona Fútbol Club S. A. D.,1400000.0,40000000.0,134.0,12.0
38253,Robert,Lewandowski,Robert Lewandowski,Poland,Poland,1988-08-21 00:00:00,Centre-Forward,Attack,right,185.0,131,Futbol Club Barcelona,8000000.0,90000000.0,164.0,89.0
40680,Sven,Ulreich,Sven Ulreich,Germany,Germany,1988-08-03 00:00:00,Goalkeeper,Goalkeeper,right,192.0,27,FC Bayern München,500000.0,6000000.0,0.0,0.0
41384,Marko,Arnautovic,Marko Arnautovic,Austria,Austria,1989-04-19 00:00:00,Centre-Forward,Attack,both,192.0,159,Fudbalski klub Crvena zvezda Beograd,2500000.0,35000000.0,131.0,47.0
42205,Yann,Sommer,Yann Sommer,Switzerland,Switzerland,1988-12-17 00:00:00,Goalkeeper,Goalkeeper,right,183.0,46,Football Club Internazionale Milano S.p.A.,2500000.0,13000000.0,94.0,0.0
42460,Ivan,Perišić,Ivan Perišić,Jugoslawien (SFR),Croatia,1989-02-02 00:00:00,Left Winger,Attack,both,186.0,383,Eindhovense Voetbalvereniging Philips Sport Vereniging,1300000.0,45000000.0,151.0,38.0
43824,Kevin,Müller,Kevin Müller,Germany,Germany,1991-03-15 00:00:00,Goalkeeper,Goalkeeper,right,190.0,2036,1. Fußballclub Heidenheim 1846,300000.0,1200000.0,7.0,0.0
44058,Wojciech,Szczęsny,Wojciech Szczęsny,Poland,Poland,1990-04-18 00:00:00,Goalkeeper,Goalkeeper,right,195.0,131,Futbol Club Barcelona,900000.0,40000000.0,84.0,0.0
45026,Rui,Patrício,Rui Patrício,Portugal,Portugal,1988-02-15 00:00:00,Goalkeeper,Goalkeeper,left,190.0,800,Atalanta Bergamasca Calcio S.p.a.,600000.0,20000000.0,108.0,0.0
45320,Ángel,Di María,Ángel Di María,Argentina,Argentina,1988-02-14 00:00:00,Right Winger,Attack,left,178.0,1418,Club Atlético Rosario Central,2000000.0,65000000.0,145.0,31.0
45672,Kevin,Trapp,Kevin Trapp,Germany,Germany,1990-07-08 00:00:00,Goalkeeper,Goalkeeper,right,189.0,10004,Paris Football Club,2000000.0,12000000.0,9.0,0.0
46580,Andrej,Kramaric,Andrej Kramaric,Jugoslawien (SFR),Croatia,1991-06-19 00:00:00,Attacking Midfield,Midfield,right,177.0,533,Turn- und Sportgemeinschaft 1899 Hoffenheim Fußball-Spielbetriebs,3000000.0,38000000.0,113.0,36.0
48015,Lukas,Hradecky,Lukas Hradecky,CSSR,Finland,1989-11-24 00:00:00,Goalkeeper,Goalkeeper,right,192.0,162,Association sportive de Monaco Football Club,1800000.0,12000000.0,102.0,0.0
49723,Timothy,Chandler,Timothy Chandler,Germany,United States,1990-03-29 00:00:00,Right-Back,Defender,right,187.0,24,Eintracht Frankfurt Fußball AG,350000.0,5000000.0,29.0,1.0
50219,Simon,Mignolet,Simon Mignolet,Belgium,Belgium,1988-03-06 00:00:00,Goalkeeper,Goalkeeper,right,193.0,2282,Club Brugge Koninklijke Voetbalvereniging,1000000.0,14000000.0,35.0,0.0
51471,Mateo,Kovacic,Mateo Kovacic,Austria,Croatia,1994-05-06 00:00:00,Central Midfield,Midfield,right,177.0,281,Manchester City Football Club,12000000.0,45000000.0,111.0,5.0
53418,Kevin,Kampl,Kevin Kampl,Germany,Slovenia,1990-10-09 00:00:00,Central Midfield,Midfield,right,178.0,23826,RasenBallsport Leipzig,3500000.0,22000000.0,28.0,2.0
53622,İlkay,Gündoğan,İlkay Gündoğan,Germany,Germany,1990-10-24 00:00:00,Central Midfield,Midfield,right,180.0,141,Galatasaray Spor Kulübü,2500000.0,50000000.0,82.0,19.0
54781,Nicolás,Otamendi,Nicolás Otamendi,Argentina,Argentina,1988-02-12 00:00:00,Centre-Back,Defender,right,183.0,294,Sport Lisboa e Benfica,1000000.0,35000000.0,129.0,7.0
54906,Matteo,Darmian,Matteo Darmian,Italy,Italy,1989-12-02 00:00:00,Right-Back,Defender,right,183.0,46,Football Club Internazionale Milano S.p.A.,1500000.0,15000000.0,46.0,2.0
55089,Oliver,Baumann,Oliver Baumann,Germany,Germany,1990-06-02 00:00:00,Goalkeeper,Goalkeeper,right,187.0,533,Turn- und Sportgemeinschaft 1899 Hoffenheim Fußball-Spielbetriebs,3000000.0,10000000.0,10.0,0.0
55099,Nicolas,Höfler,Nicolas Höfler,Germany,Germany,1990-03-09 00:00:00,Defensive Midfield,Midfield,right,181.0,60,Sport-Club Freiburg,500000.0,4500000.0,2.0,0.0
55508,Lewis,Holtby,Lewis Holtby,Germany,Germany,1990-09-18 00:00:00,Central Midfield,Midfield,left,176.0,132,Nooit Opgeven Altijd Doorzetten Aangenaam Door Vermaak En Nuttig Door Ontspanning Combinatie Breda,400000.0,11000000.0,3.0,0.0
55735,Henrikh,Mkhitaryan,Henrikh Mkhitaryan,UdSSR,Armenia,1989-01-21 00:00:00,Central Midfield,Midfield,both,177.0,46,Football Club Internazionale Milano S.p.A.,3500000.0,37000000.0,95.0,32.0
57071,Péter,Gulácsi,Péter Gulácsi,Hungary,Hungary,1990-05-06 00:00:00,Goalkeeper,Goalkeeper,right,193.0,23826,RasenBallsport Leipzig,2000000.0,13000000.0,58.0,0.0
57500,César,Azpilicueta,César Azpilicueta,Spain,Spain,1989-08-28 00:00:00,Centre-Back,Defender,right,178.0,368,Sevilla Fútbol Club S.A.D.,1200000.0,40000000.0,44.0,1.0
58358,Thomas,Müller,Thomas Müller,Germany,Germany,1989-09-13 00:00:00,Second Striker,Attack,right,185.0,6321,Vancouver Whitecaps FC,5000000.0,75000000.0,131.0,45.0
58995,Anthony,Jung,Anthony Jung,Spain,Germany,1991-11-03 00:00:00,Centre-Back,Defender,left,186.0,60,Sport-Club Freiburg,700000.0,1500000.0,2.0,0.0
59016,David,Alaba,David Alaba,Austria,Austria,1992-06-24 00:00:00,Centre-Back,Defender,left,180.0,418,Real Madrid Club de Fútbol,3500000.0,65000000.0,111.0,15.0
59053,Stefan,Hierländer,Stefan Hierländer,Austria,Austria,1991-02-03 00:00:00,Right Midfield,Midfield,right,180.0,122,Sportklub Puntigamer Sturm Graz,150000.0,1500000.0,3.0,0.0
59145,Gernot,Trauner,Gernot Trauner,Austria,Austria,1992-03-25 00:00:00,Centre-Back,Defender,right,183.0,234,Feyenoord Rotterdam,2000000.0,5000000.0,16.0,2.0
59323,Cristhian,Stuani,Cristhian Stuani,Uruguay,Uruguay,1986-10-12 00:00:00,Centre-Forward,Attack,right,184.0,12321,Girona Fútbol Club S. A. D.,800000.0,10000000.0,50.0,8.0
59970,Taras,Stepanenko,Taras Stepanenko,UdSSR,Ukraine,1989-08-08 00:00:00,Defensive Midfield,Midfield,left,181.0,48332,FK Kolos Kovalivka,500000.0,10000000.0,87.0,4.0
66100,Oriol,Romeu,Oriol Romeu,Spain,Spain,1991-09-24 00:00:00,Defensive Midfield,Midfield,right,183.0,12321,Girona Fútbol Club S. A. D.,700000.0,12000000.0,5.0,0.0
68978,Milan,Rodic,Milan Rodic,Jugoslawien (SFR),Serbia,1991-04-02 00:00:00,Left-Back,Defender,left,185.0,53,Omladinski fudbalski klub Beograd,250000.0,3500000.0,7.0,0.0
71542,Arijan,Ademi,Arijan Ademi,Jugoslawien (SFR),North Macedonia,1991-05-29 00:00:00,Defensive Midfield,Midfield,right,185.0,419,GNK Dinamo Zagreb,,,33.0,4.0
72441,Rafael,Tolói,Rafael Tolói,Brazil,Italy,1990-10-10 00:00:00,Centre-Back,Defender,right,185.0,585,São Paulo Futebol Clube,1000000.0,16000000.0,14.0,0.0
72522,Luuk,de Jong,Luuk de Jong,Switzerland,Netherlands,1990-08-27 00:00:00,Centre-Forward,Attack,right,188.0,720,Futebol Clube do Porto,1000000.0,13000000.0,39.0,8.0
74229,,Koke,Koke,Spain,Spain,1992-01-08 00:00:00,Central Midfield,Midfield,right,176.0,13,Club Atlético de Madrid S.A.D.,6000000.0,70000000.0,70.0,0.0
74842,Mario,Götze,Mario Götze,Germany,Germany,1992-06-03 00:00:00,Attacking Midfield,Midfield,right,176.0,24,Eintracht Frankfurt Fußball AG,3500000.0,55000000.0,66.0,17.0
74857,Marc-André,ter Stegen,Marc-André ter Stegen,Germany,Germany,1992-04-30 00:00:00,Goalkeeper,Goalkeeper,right,187.0,12321,Girona Fútbol Club S. A. D.,4000000.0,90000000.0,44.0,0.0
75921,Christopher,Trimmel,Christopher Trimmel,Austria,Austria,1987-02-24 00:00:00,Right-Back,Defender,right,189.0,89,1. Fußballclub Union Berlin,600000.0,1200000.0,25.0,1.0
76158,Alexander,Meyer,Alexander Meyer,Germany,Germany,1991-04-13 00:00:00,Goalkeeper,Goalkeeper,right,195.0,16,Borussia Dortmund,800000.0,1000000.0,,
80293,Aïssa,Mandi,Aïssa Mandi,France,Algeria,1991-10-22 00:00:00,Centre-Back,Defender,right,186.0,1082,Lille Olympique Sporting Club,1000000.0,20000000.0,116.0,7.0
80894,Lukasz,Skorupski,Lukasz Skorupski,Poland,Poland,1991-05-05 00:00:00,Goalkeeper,Goalkeeper,right,188.0,1025,Bologna Football Club 1909,2500000.0,7000000.0,20.0,0.0
81173,Janis,Blaswich,Janis Blaswich,Germany,Germany,1991-05-02 00:00:00,Goalkeeper,Goalkeeper,right,193.0,15,Bayer 04 Leverkusen Fußball,700000.0,4000000.0,0.0,0.0
82009,Kevin,Volland,Kevin Volland,Germany,Germany,1992-07-30 00:00:00,Attacking Midfield,Midfield,left,179.0,89,1. Fußballclub Union Berlin,500000.0,35000000.0,15.0,1.0
82350,Stefan,Bell,Stefan Bell,Germany,Germany,1991-08-24 00:00:00,Centre-Back,Defender,right,192.0,39,1. Fußball- und Sportverein Mainz 05,600000.0,6000000.0,6.0,1.0
82873,Pascal,Groß,Pascal Groß,Germany,Germany,1991-06-15 00:00:00,Central Midfield,Midfield,right,181.0,1237,Brighton and Hove Albion Football Club,3500000.0,12000000.0,16.0,1.0
84301,Benjamin,André,Benjamin André,France,France,1990-08-03 00:00:00,Defensive Midfield,Midfield,right,180.0,1082,Lille Olympique Sporting Club,4000000.0,15000000.0,7.0,0.0
84435,Kevin,Vogt,Kevin Vogt,Germany,Germany,1991-09-23 00:00:00,Centre-Back,Defender,right,194.0,89,1. Fußballclub Union Berlin,400000.0,17000000.0,8.0,0.0
84938,Timo,Horn,Timo Horn,Germany,Germany,1993-05-12 00:00:00,Goalkeeper,Goalkeeper,left,192.0,80,VfL Bochum,700000.0,12000000.0,4.0,0.0
84992,James,Forrest,James Forrest,Scotland,Scotland,1991-07-07 00:00:00,Right Winger,Attack,right,175.0,371,The Celtic Football Club,400000.0,8000000.0,39.0,5.0
85791,Stefan,Lainer,Stefan Lainer,Austria,Austria,1992-08-27 00:00:00,Right-Back,Defender,right,175.0,409,Fußballclub Red Bull Salzburg,1000000.0,18000000.0,39.0,2.0
85906,Danny,da Costa,Danny da Costa,Germany,Germany,1993-07-13 00:00:00,Centre-Back,Defender,right,187.0,39,1. Fußball- und Sportverein Mainz 05,1200000.0,15000000.0,5.0,1.0
85941,Stefan,Ortega,Stefan Ortega,Germany,Germany,1992-11-06 00:00:00,Goalkeeper,Goalkeeper,right,185.0,703,Nottingham Forest Football Club,5000000.0,9000000.0,0.0,0.0
86202,Antonio,Rüdiger,Antonio Rüdiger,Germany,Germany,1993-03-03 00:00:00,Centre-Back,Defender,right,190.0,418,Real Madrid Club de Fútbol,9000000.0,50000000.0,81.0,3.0
88647,Andreas,Albers,Andreas Albers,Denmark,Denmark,1990-03-23 00:00:00,Centre-Forward,Attack,right,193.0,35,Fußball-Club St. Pauli von 1910,350000.0,550000.0,,
88755,Kevin,De Bruyne,Kevin De Bruyne,Belgium,Belgium,1991-06-28 00:00:00,Attacking Midfield,Midfield,right,181.0,6195,Società Sportiva Calcio Napoli,10000000.0,150000000.0,115.0,36.0
91970,Juan,Cuadrado,Juan Cuadrado,Colombia,Colombia,1988-05-26 00:00:00,Right Midfield,Midfield,right,176.0,4172,Pisa Sporting Club,1000000.0,32000000.0,116.0,11.0
93604,Lukas,Kübler,Lukas Kübler,Germany,Germany,1992-08-30 00:00:00,Right-Back,Defender,right,182.0,60,Sport-Club Freiburg,1500000.0,3000000.0,0.0,0.0
93707,Christian,Günter,Christian Günter,Germany,Germany,1993-02-28 00:00:00,Left-Back,Defender,left,184.0,60,Sport-Club Freiburg,2000000.0,12000000.0,8.0,0.0
93740,Willi,Orbán,Willi Orbán,Germany,Hungary,1992-11-03 00:00:00,Centre-Back,Defender,right,186.0,23826,RasenBallsport Leipzig,6000000.0,20000000.0,64.0,6.0
93763,Alexander,Schwolow,Alexander Schwolow,Germany,Germany,1992-06-02 00:00:00,Goalkeeper,Goalkeeper,right,190.0,43,Heart of Midlothian Football Club,450000.0,9000000.0,7.0,0.0
93827,Steven,Skrzybski,Steven Skrzybski,Germany,Germany,1992-11-18 00:00:00,Centre-Forward,Attack,right,174.0,269,Holstein Kiel,1300000.0,3500000.0,,
93844,Leonardo,Bittencourt,Leonardo Bittencourt,Germany,Germany,1993-12-19 00:00:00,Central Midfield,Midfield,right,171.0,86,Sportverein Werder Bremen von 1899,1200000.0,7000000.0,20.0,3.0
94005,Sead,Kolasinac,Sead Kolasinac,Germany,Bosnia-Herzegovina,1993-06-20 00:00:00,Centre-Back,Defender,left,183.0,800,Atalanta Bergamasca Calcio S.p.a.,6000000.0,20000000.0,63.0,0.0
94030,Denis,Thomalla,Denis Thomalla,Germany,Germany,1992-08-16 00:00:00,Attacking Midfield,Midfield,right,186.0,2036,1. Fußballclub Heidenheim 1846,225000.0,750000.0,0.0,0.0
94192,Patrick,Drewes,Patrick Drewes,Germany,Germany,1993-02-04 00:00:00,Goalkeeper,Goalkeeper,right,194.0,16,Borussia Dortmund,400000.0,1000000.0,,
95424,Kyle,Walker,Kyle Walker,England,England,1990-05-28 00:00:00,Right-Back,Defender,right,183.0,1132,Burnley Football Club,2500000.0,50000000.0,96.0,1.0
99353,,Portu,Portu,Spain,Spain,1992-05-21 00:00:00,Right Winger,Attack,right,167.0,12321,Girona Fútbol Club S. A. D.,1500000.0,20000000.0,2.0,0.0
100986,Thomas,Meunier,Thomas Meunier,Belgium,Belgium,1991-09-12 00:00:00,Right-Back,Defender,right,191.0,1082,Lille Olympique Sporting Club,1800000.0,35000000.0,76.0,10.0
102017,,Jorginho,Jorginho,Brazil,Italy,1991-12-20 00:00:00,Defensive Midfield,Midfield,right,180.0,614,Clube de Regatas do Flamengo,5000000.0,65000000.0,57.0,5.0
104466,Stefan,Ristovski,Stefan Ristovski,Macedonia,North Macedonia,1992-02-12 00:00:00,Right-Back,Defender,right,185.0,419,GNK Dinamo Zagreb,2000000.0,4000000.0,81.0,2.0
105470,,Alisson,Alisson,Brazil,Brazil,1992-10-02 00:00:00,Goalkeeper,Goalkeeper,right,193.0,31,Liverpool Football Club,17000000.0,90000000.0,76.0,0.0
106405,Jeffrey,Gouweleeuw,Jeffrey Gouweleeuw,Netherlands,Netherlands,1991-07-10 00:00:00,Centre-Back,Defender,right,188.0,167,Fußball-Club Augsburg 1907,1000000.0,12000000.0,3.0,0.0
106872,Kevin,Stöger,Kevin Stöger,Austria,Austria,1993-08-27 00:00:00,Attacking Midfield,Midfield,left,175.0,18,Borussia Verein für Leibesübungen 1900 Mönchengladbach,2000000.0,6000000.0,5.0,0.0
106987,Marcel,Sabitzer,Marcel Sabitzer,Austria,Austria,1994-03-17 00:00:00,Central Midfield,Midfield,right,178.0,16,Borussia Dortmund,7000000.0,42000000.0,96.0,24.0
107775,Frederik,Rönnow,Frederik Rönnow,Denmark,Denmark,1992-08-04 00:00:00,Goalkeeper,Goalkeeper,right,188.0,89,1. Fußballclub Union Berlin,2500000.0,5500000.0,10.0,0.0
108390,Thibaut,Courtois,Thibaut Courtois,Belgium,Belgium,1992-05-11 00:00:00,Goalkeeper,Goalkeeper,left,200.0,418,Real Madrid Club de Fútbol,18000000.0,75000000.0,107.0,0.0
110923,Mattia,Perin,Mattia Perin,Italy,Italy,1992-11-10 00:00:00,Goalkeeper,Goalkeeper,right,188.0,506,Juventus Football Club,2000000.0,18000000.0,2.0,0.0
111196,Stefan,de Vrij,Stefan de Vrij,Netherlands,Netherlands,1992-02-05 00:00:00,Centre-Back,Defender,right,189.0,46,Football Club Internazionale Milano S.p.A.,3500000.0,60000000.0,77.0,4.0
111266,Anthony,Losilla,Anthony Losilla,France,France,1986-03-10 00:00:00,Defensive Midfield,Midfield,right,185.0,80,VfL Bochum,500000.0,900000.0,,
111455,Granit,Xhaka,Granit Xhaka,Switzerland,Switzerland,1992-09-27 00:00:00,Defensive Midfield,Midfield,left,186.0,289,Sunderland Association Football Club,10000000.0,50000000.0,144.0,16.0
111819,,Neto,Neto,Brazil,Brazil,1989-07-19 00:00:00,Goalkeeper,Goalkeeper,right,190.0,537,S. A. F. Botafogo,1000000.0,18000000.0,1.0,0.0
111873,Emiliano,Martínez,Emiliano Martínez,Argentina,Argentina,1992-09-02 00:00:00,Goalkeeper,Goalkeeper,right,195.0,405,Aston Villa Football Club,15000000.0,35000000.0,57.0,0.0
113707,Rémy,Cabella,Rémy Cabella,France,France,1990-03-08 00:00:00,Attacking Midfield,Midfield,right,172.0,995,Football Club de Nantes,1500000.0,14000000.0,4.0,0.0
115333,,Juanpe,Juanpe,Spain,Spain,1991-04-30 00:00:00,Centre-Back,Defender,right,192.0,12321,Girona Fútbol Club S. A. D.,500000.0,7500000.0,,
115979,Thomas,Dähne,Thomas Dähne,Germany,Germany,1994-01-04 00:00:00,Goalkeeper,Goalkeeper,both,193.0,269,Holstein Kiel,350000.0,600000.0,4.0,0.0
116088,Marius,Bülter,Marius Bülter,Germany,Germany,1993-03-29 00:00:00,Left Winger,Attack,right,188.0,3,1. Fußball-Club Köln,2000000.0,3000000.0,,
117432,Kevin,Behrens,Kevin Behrens,Germany,Germany,1991-02-03 00:00:00,Centre-Forward,Attack,both,185.0,2790,FC Lugano,600000.0,4000000.0,1.0,0.0
117478,Marnon,Busch,Marnon Busch,Germany,Germany,1994-12-08 00:00:00,Right-Back,Defender,right,182.0,2036,1. Fußballclub Heidenheim 1846,1200000.0,1500000.0,1.0,0.0
117674,Maximilian,Arnold,Maximilian Arnold,Germany,Germany,1994-05-27 00:00:00,Central Midfield,Midfield,left,184.0,82,Verein für Leibesübungen Wolfsburg,4500000.0,19000000.0,3.0,0.0
118161,Marius,Müller,Marius Müller,Germany,Germany,1993-07-12 00:00:00,Goalkeeper,Goalkeeper,right,192.0,82,Verein für Leibesübungen Wolfsburg,1000000.0,2000000.0,0.0,0.0
118847,Dominik,Kohr,Dominik Kohr,Germany,Germany,1994-01-31 00:00:00,Centre-Back,Defender,right,183.0,39,1. Fußball- und Sportverein Mainz 05,2000000.0,8500000.0,4.0,0.0
118850,Ivan,Ordets,Ivan Ordets,Ukraine,Ukraine,1992-07-08 00:00:00,Centre-Back,Defender,right,195.0,80,VfL Bochum,750000.0,5000000.0,12.0,1.0
119037,Philipp,Hofmann,Philipp Hofmann,Germany,Germany,1993-03-30 00:00:00,Centre-Forward,Attack,left,195.0,80,VfL Bochum,750000.0,2800000.0,17.0,9.0
119085,Loris,Benito,Loris Benito,Switzerland,Switzerland,1992-01-07 00:00:00,Centre-Back,Defender,left,186.0,452,Berner Sport Club Young Boys,275000.0,4000000.0,13.0,1.0
119211,Mitchell,Weiser,Mitchell Weiser,Germany,Germany,1994-04-21 00:00:00,Right-Back,Defender,right,177.0,86,Sportverein Werder Bremen von 1899,3500000.0,14000000.0,12.0,1.0
119234,Karim,Onisiwo,Karim Onisiwo,Austria,Austria,1992-03-17 00:00:00,Centre-Forward,Attack,right,188.0,409,Fußballclub Red Bull Salzburg,500000.0,4500000.0,24.0,1.0
119277,Yannick,Gerhardt,Yannick Gerhardt,Germany,Germany,1994-03-13 00:00:00,Central Midfield,Midfield,left,184.0,82,Verein für Leibesübungen Wolfsburg,2000000.0,12000000.0,1.0,0.0
119296,Emre,Can,Emre Can,Germany,Germany,1994-01-12 00:00:00,Centre-Back,Defender,right,186.0,16,Borussia Dortmund,4000000.0,40000000.0,48.0,2.0
120205,Michael,Gregoritsch,Michael Gregoritsch,Austria,Austria,1994-04-18 00:00:00,Centre-Forward,Attack,left,193.0,167,Fußball-Club Augsburg 1907,1500000.0,20000000.0,73.0,24.0
120977,Callum,McGregor,Callum McGregor,Scotland,Scotland,1993-06-14 00:00:00,Defensive Midfield,Midfield,left,178.0,371,The Celtic Football Club,3000000.0,9000000.0,63.0,3.0
121483,Jan,Oblak,Jan Oblak,Slovenia,Slovenia,1993-01-07 00:00:00,Goalkeeper,Goalkeeper,right,188.0,13,Club Atlético de Madrid S.A.D.,17000000.0,100000000.0,82.0,0.0
121686,Cristian,Gamboa,Cristian Gamboa,Costa Rica,Costa Rica,1989-10-24 00:00:00,Right-Back,Defender,right,175.0,80,VfL Bochum,500000.0,2000000.0,79.0,3.0
124028,,Ismaily,Ismaily,Brazil,Brazil,1990-01-11 00:00:00,Left-Back,Defender,left,177.0,1082,Lille Olympique Sporting Club,700000.0,19000000.0,0.0,0.0
124410,Rani,Khedira,Rani Khedira,Germany,Tunisia,1994-01-27 00:00:00,Defensive Midfield,Midfield,right,189.0,89,1. Fußballclub Union Berlin,2000000.0,10000000.0,0.0,0.0
124502,Matthias,Ginter,Matthias Ginter,Germany,Germany,1994-01-19 00:00:00,Centre-Back,Defender,right,189.0,60,Sport-Club Freiburg,6000000.0,35000000.0,51.0,2.0
124884,Marco,Bizot,Marco Bizot,Netherlands,Netherlands,1991-03-10 00:00:00,Goalkeeper,Goalkeeper,right,193.0,405,Aston Villa Football Club,2500000.0,7000000.0,1.0,0.0
125103,Marvin,Ducksch,Marvin Ducksch,Germany,Germany,1994-03-07 00:00:00,Centre-Forward,Attack,right,188.0,86,Sportverein Werder Bremen von 1899,2000000.0,9000000.0,2.0,0.0
125781,Antoine,Griezmann,Antoine Griezmann,France,France,1991-03-21 00:00:00,Second Striker,Attack,left,176.0,13,Club Atlético de Madrid S.A.D.,10000000.0,150000000.0,137.0,44.0
126414,Hakan,Çalhanoğlu,Hakan Çalhanoğlu,Germany,Türkiye,1994-02-08 00:00:00,Defensive Midfield,Midfield,right,178.0,46,Football Club Internazionale Milano S.p.A.,18000000.0,45000000.0,102.0,22.0
126664,Lucas,Digne,Lucas Digne,France,France,1993-07-20 00:00:00,Left-Back,Defender,left,178.0,405,Aston Villa Football Club,8000000.0,35000000.0,55.0,0.0
127076,Jérôme,Roussillon,Jérôme Roussillon,France,Guadeloupe,1993-01-06 00:00:00,Left-Back,Defender,left,175.0,89,1. Fußballclub Union Berlin,600000.0,20000000.0,17.0,2.0
127142,Jonas,Martin,Jonas Martin,France,France,1990-04-09 00:00:00,Defensive Midfield,Midfield,right,184.0,3911,Stade brestois 29,300000.0,5000000.0,1.0,0.0
127573,Phillipp,Mwene,Phillipp Mwene,Austria,Austria,1994-01-29 00:00:00,Left-Back,Defender,right,170.0,39,1. Fußball- und Sportverein Mainz 05,1500000.0,3000000.0,28.0,0.0
128223,Álvaro,Morata,Álvaro Morata,Spain,Spain,1992-10-23 00:00:00,Centre-Forward,Attack,right,189.0,1047,Calcio Como,8000000.0,65000000.0,87.0,37.0
129444,David,López,David López,Spain,Spain,1989-10-09 00:00:00,Centre-Back,Defender,right,185.0,12321,Girona Fútbol Club S. A. D.,800000.0,15000000.0,,
131075,Francesco,Acerbi,Francesco Acerbi,Italy,Italy,1988-02-10 00:00:00,Centre-Back,Defender,left,192.0,46,Football Club Internazionale Milano S.p.A.,2500000.0,15000000.0,34.0,1.0
131310,Danijel,Zagorac,Danijel Zagorac,Jugoslawien (SFR),Croatia,1987-02-07 00:00:00,Goalkeeper,Goalkeeper,right,186.0,419,GNK Dinamo Zagreb,50000.0,850000.0,,
131978,Ross,Barkley,Ross Barkley,England,England,1993-12-05 00:00:00,Central Midfield,Midfield,right,189.0,405,Aston Villa Football Club,5000000.0,30000000.0,33.0,6.0
132098,Harry,Kane,Harry Kane,England,England,1993-07-28 00:00:00,Centre-Forward,Attack,right,188.0,27,FC Bayern München,65000000.0,150000000.0,112.0,78.0
133179,Marten,de Roon,Marten de Roon,Netherlands,Netherlands,1991-03-29 00:00:00,Defensive Midfield,Midfield,right,185.0,800,Atalanta Bergamasca Calcio S.p.a.,3500000.0,24000000.0,42.0,1.0
133731,Patrick,Mainka,Patrick Mainka,Germany,Germany,1994-11-06 00:00:00,Centre-Back,Defender,right,194.0,2036,1. Fußballclub Heidenheim 1846,2500000.0,3000000.0,,
133734,David,Pavelka,David Pavelka,CSSR,Czech Republic,1991-05-18 00:00:00,Central Midfield,Midfield,right,185.0,197,"AC Sparta Praha, a. s.",700000.0,2000000.0,25.0,1.0
134425,Raheem,Sterling,Raheem Sterling,Jamaica,England,1994-12-08 00:00:00,Right Winger,Attack,right,170.0,234,Feyenoord Rotterdam,5000000.0,160000000.0,82.0,20.0
136514,Charalampos,Lykogiannis,Charalampos Lykogiannis,Greece,Greece,1993-10-22 00:00:00,Left-Back,Defender,left,191.0,1025,Bologna Football Club 1909,1500000.0,2500000.0,6.0,0.0
137576,Hans,Vanaken,Hans Vanaken,Belgium,Belgium,1992-08-24 00:00:00,Attacking Midfield,Midfield,right,195.0,2282,Club Brugge Koninklijke Voetbalvereniging,6000000.0,16000000.0,32.0,7.0
138927,Daniel,Carvajal,Daniel Carvajal,Spain,Spain,1992-01-11 00:00:00,Right-Back,Defender,right,173.0,418,Real Madrid Club de Fútbol,6000000.0,60000000.0,52.0,1.0
139208,Virgil,van Dijk,Virgil van Dijk,Netherlands,Netherlands,1991-07-08 00:00:00,Centre-Back,Defender,right,195.0,31,Liverpool Football Club,18000000.0,100000000.0,88.0,11.0
139304,Karol,Mets,Karol Mets,Estonia,Estonia,1993-05-16 00:00:00,Centre-Back,Defender,left,191.0,35,Fußball-Club St. Pauli von 1910,800000.0,1300000.0,104.0,0.0
139395,Ricardo,Esgaio,Ricardo Esgaio,Portugal,Portugal,1993-05-16 00:00:00,Right-Back,Defender,right,172.0,6646,Fatih Karagümrük Sportif Faaliyetler San. Tic. A.Ş.,800000.0,6000000.0,1.0,0.0
139915,Aleksandar,Katai,Aleksandar Katai,Jugoslawien (SFR),Serbia,1991-02-06 00:00:00,Attacking Midfield,Midfield,right,182.0,159,Fudbalski klub Crvena zvezda Beograd,700000.0,5000000.0,13.0,1.0
142219,Jaroslav,Zelený,Jaroslav Zelený,CSSR,Czech Republic,1992-08-20 00:00:00,Centre-Back,Defender,left,190.0,197,"AC Sparta Praha, a. s.",700000.0,1500000.0,20.0,0.0
143798,Pavel,Kaderabek,Pavel Kaderabek,CSSR,Czech Republic,1992-04-25 00:00:00,Right Midfield,Midfield,right,182.0,197,"AC Sparta Praha, a. s.",1200000.0,20000000.0,48.0,3.0
143891,Maximilian,Philipp,Maximilian Philipp,Germany,Germany,1994-03-01 00:00:00,Second Striker,Attack,right,183.0,60,Sport-Club Freiburg,600000.0,20000000.0,10.0,0.0
144028,Leandro,Trossard,Leandro Trossard,Belgium,Belgium,1994-12-04 00:00:00,Left Winger,Attack,right,172.0,11,Arsenal Football Club,20000000.0,38000000.0,50.0,11.0
145707,,Danilo,Danilo,Brazil,Brazil,1991-07-15 00:00:00,Centre-Back,Defender,right,184.0,614,Clube de Regatas do Flamengo,2500000.0,25000000.0,0.0,0.0
146310,Wataru,Endo,Wataru Endo,Japan,Japan,1993-02-09 00:00:00,Defensive Midfield,Midfield,right,178.0,31,Liverpool Football Club,5000000.0,13000000.0,72.0,4.0
148252,Remo,Freuler,Remo Freuler,Switzerland,Switzerland,1992-04-15 00:00:00,Central Midfield,Midfield,right,180.0,1025,Bologna Football Club 1909,4000000.0,25000000.0,85.0,11.0
148365,Casper,Nielsen,Casper Nielsen,Denmark,Denmark,1994-04-29 00:00:00,Central Midfield,Midfield,right,182.0,3057,Royal Standard Club de Liège,1500000.0,8000000.0,0.0,0.0
148455,Mohamed,Salah,Mohamed Salah,Egypt,Egypt,1992-06-15 00:00:00,Right Winger,Attack,left,175.0,31,Liverpool Football Club,30000000.0,150000000.0,113.0,65.0
153084,Leon,Goretzka,Leon Goretzka,Germany,Germany,1995-02-06 00:00:00,Central Midfield,Midfield,right,189.0,27,FC Bayern München,15000000.0,70000000.0,68.0,15.0
154147,Hauke,Wahl,Hauke Wahl,Germany,Germany,1994-04-15 00:00:00,Centre-Back,Defender,right,189.0,35,Fußball-Club St. Pauli von 1910,1500000.0,2000000.0,,
156990,Marco,Friedl,Marco Friedl,Austria,Austria,1998-03-16 00:00:00,Centre-Back,Defender,left,187.0,86,Sportverein Werder Bremen von 1899,12000000.0,12000000.0,9.0,0.0
157506,Jeffrey,Schlupp,Jeffrey Schlupp,Germany,Ghana,1992-12-23 00:00:00,Left Midfield,Midfield,left,178.0,371,The Celtic Football Club,2000000.0,12000000.0,20.0,1.0
157635,Yussuf,Poulsen,Yussuf Poulsen,Denmark,Denmark,1994-06-15 00:00:00,Centre-Forward,Attack,right,192.0,41,Hamburger Sport Verein,1500000.0,35000000.0,87.0,14.0
158863,Iñigo,Martínez,Iñigo Martínez,Spain,Spain,1991-05-17 00:00:00,Centre-Back,Defender,left,182.0,18544,Al-Nassr Football Club,4500000.0,32000000.0,21.0,1.0
159088,Robert,Andrich,Robert Andrich,Germany,Germany,1994-09-22 00:00:00,Defensive Midfield,Midfield,right,187.0,15,Bayer 04 Leverkusen Fußball,7000000.0,17000000.0,19.0,0.0
159471,Serge,Gnabry,Serge Gnabry,Germany,Germany,1995-07-14 00:00:00,Second Striker,Attack,right,176.0,27,FC Bayern München,20000000.0,90000000.0,58.0,25.0
160222,Uros,Spajic,Uros Spajic,Yugoslavia (Republic),Serbia,1993-02-13 00:00:00,Centre-Back,Defender,right,188.0,159,Fudbalski klub Crvena zvezda Beograd,1500000.0,8000000.0,21.0,0.0
160241,Kevin,Akpoguma,Kevin Akpoguma,Germany,Nigeria,1995-04-19 00:00:00,Centre-Back,Defender,right,192.0,533,Turn- und Sportgemeinschaft 1899 Hoffenheim Fußball-Spielbetriebs,2000000.0,12000000.0,8.0,0.0
160963,Robin,Zentner,Robin Zentner,Germany,Germany,1994-10-28 00:00:00,Goalkeeper,Goalkeeper,right,194.0,39,1. Fußball- und Sportverein Mainz 05,3000000.0,5000000.0,1.0,0.0
161056,Joshua,Kimmich,Joshua Kimmich,Germany,Germany,1995-02-08 00:00:00,Defensive Midfield,Midfield,right,177.0,27,FC Bayern München,40000000.0,90000000.0,106.0,10.0
162434,Niklas,Stark,Niklas Stark,Germany,Germany,1995-04-14 00:00:00,Centre-Back,Defender,right,190.0,86,Sportverein Werder Bremen von 1899,3500000.0,20000000.0,2.0,0.0
165513,Berat,Djimsiti,Berat Djimsiti,Switzerland,Albania,1993-02-19 00:00:00,Centre-Back,Defender,right,190.0,800,Atalanta Bergamasca Calcio S.p.a.,5000000.0,22000000.0,69.0,1.0
165793,Takumi,Minamino,Takumi Minamino,Japan,Japan,1995-01-16 00:00:00,Left Winger,Attack,right,172.0,162,Association sportive de Monaco Football Club,12000000.0,20000000.0,73.0,26.0
166601,Niklas,Süle,Niklas Süle,Germany,Germany,1995-09-03 00:00:00,Centre-Back,Defender,right,195.0,16,Borussia Dortmund,4000000.0,60000000.0,49.0,1.0
167329,Alassane,Pléa,Alassane Pléa,France,France,1993-03-10 00:00:00,Centre-Forward,Attack,right,181.0,383,Eindhovense Voetbalvereniging Philips Sport Vereniging,3000000.0,38000000.0,1.0,0.0
167727,Andrea,Belotti,Andrea Belotti,Italy,Italy,1993-12-20 00:00:00,Centre-Forward,Attack,right,181.0,1390,Cagliari Calcio,1500000.0,40000000.0,44.0,12.0
168678,Marvin,Schulz,Marvin Schulz,Germany,Germany,1995-01-15 00:00:00,Right Midfield,Midfield,right,186.0,269,Holstein Kiel,700000.0,2000000.0,7.0,0.0
168989,Silvan,Widmer,Silvan Widmer,Switzerland,Switzerland,1993-03-05 00:00:00,Right-Back,Defender,right,183.0,39,1. Fußball- und Sportverein Mainz 05,800000.0,9000000.0,56.0,5.0
170929,Massadio,Haïdara,Massadio Haïdara,France,Mali,1992-12-02 00:00:00,Left-Back,Defender,left,179.0,120,Kocaelispor Kulübü,800000.0,3000000.0,19.0,2.0
170986,Raphaël,Guerreiro,Raphaël Guerreiro,France,Portugal,1993-12-22 00:00:00,Left-Back,Defender,left,170.0,27,FC Bayern München,6000000.0,40000000.0,65.0,4.0
173859,Davide,Zappacosta,Davide Zappacosta,Italy,Italy,1992-06-11 00:00:00,Right Midfield,Midfield,right,182.0,800,Atalanta Bergamasca Calcio S.p.a.,3500000.0,20000000.0,14.0,0.0
174196,Kenny,Lala,Kenny Lala,France,France,1991-10-03 00:00:00,Right-Back,Defender,right,178.0,3911,Stade brestois 29,1800000.0,14000000.0,,
175722,Eric,Dier,Eric Dier,England,England,1994-01-15 00:00:00,Centre-Back,Defender,right,191.0,162,Association sportive de Monaco Football Club,5000000.0,40000000.0,49.0,3.0
177476,Nathan,Aké,Nathan Aké,Netherlands,Netherlands,1995-02-18 00:00:00,Centre-Back,Defender,left,180.0,281,Manchester City Football Club,15000000.0,42000000.0,57.0,5.0
177779,Janik,Haberer,Janik Haberer,Germany,Germany,1994-04-02 00:00:00,Central Midfield,Midfield,right,187.0,89,1. Fußballclub Union Berlin,2500000.0,10000000.0,9.0,1.0
179184,Michy,Batshuayi,Michy Batshuayi,Belgium,Belgium,1993-10-02 00:00:00,Centre-Forward,Attack,right,185.0,24,Eintracht Frankfurt Fußball AG,3000000.0,40000000.0,55.0,27.0
181136,Piotr,Zieliński,Piotr Zieliński,Poland,Poland,1994-05-20 00:00:00,Central Midfield,Midfield,both,180.0,46,Football Club Internazionale Milano S.p.A.,10000000.0,50000000.0,106.0,17.0
181767,,Marquinhos,Marquinhos,Brazil,Brazil,1994-05-14 00:00:00,Centre-Back,Defender,right,183.0,583,Paris Saint-Germain Football Club,30000000.0,75000000.0,103.0,7.0
182904,Clément,Lenglet,Clément Lenglet,France,France,1995-06-17 00:00:00,Centre-Back,Defender,left,186.0,13,Club Atlético de Madrid S.A.D.,5000000.0,60000000.0,16.0,1.0
182906,Mike,Maignan,Mike Maignan,French Guiana,France,1995-07-03 00:00:00,Goalkeeper,Goalkeeper,right,191.0,5,Associazione Calcio Milan,25000000.0,45000000.0,38.0,0.0
185077,Vincenzo,Grifo,Vincenzo Grifo,Germany,Italy,1993-04-07 00:00:00,Left Winger,Attack,right,180.0,60,Sport-Club Freiburg,5000000.0,12000000.0,9.0,4.0
186374,Alexander,Schlager,Alexander Schlager,Austria,Austria,1996-02-01 00:00:00,Goalkeeper,Goalkeeper,right,184.0,409,Fußballclub Red Bull Salzburg,2500000.0,4500000.0,25.0,0.0
186590,John,Stones,John Stones,England,England,1994-05-28 00:00:00,Centre-Back,Defender,right,188.0,281,Manchester City Football Club,15000000.0,60000000.0,87.0,3.0
187097,Budu,Zivzivadze,Budu Zivzivadze,Georgia,Georgia,1994-03-10 00:00:00,Centre-Forward,Attack,both,189.0,2036,1. Fußballclub Heidenheim 1846,1200000.0,2500000.0,40.0,8.0
187492,Julian,Brandt,Julian Brandt,Germany,Germany,1996-05-02 00:00:00,Attacking Midfield,Midfield,right,185.0,16,Borussia Dortmund,20000000.0,50000000.0,48.0,3.0
187624,Fabian,Bredlow,Fabian Bredlow,Germany,Germany,1995-03-02 00:00:00,Goalkeeper,Goalkeeper,both,190.0,79,Verein für Bewegungsspiele Stuttgart 1893,800000.0,1500000.0,5.0,0.0
190284,Maximilian,Eggestein,Maximilian Eggestein,Germany,Germany,1996-12-08 00:00:00,Central Midfield,Midfield,right,181.0,60,Sport-Club Freiburg,10000000.0,30000000.0,0.0,0.0
190289,Gerrit,Holtmann,Gerrit Holtmann,Germany,Philippines,1995-03-25 00:00:00,Left Winger,Attack,left,185.0,80,VfL Bochum,700000.0,4500000.0,7.0,2.0
191422,Mahmoud,Dahoud,Mahmoud Dahoud,Syria,Syria,1996-01-01 00:00:00,Central Midfield,Midfield,right,178.0,24,Eintracht Frankfurt Fußball AG,2000000.0,18000000.0,2.0,0.0
192169,Jonas,Föhrenbach,Jonas Föhrenbach,Germany,Germany,1996-01-26 00:00:00,Left-Back,Defender,left,184.0,2036,1. Fußballclub Heidenheim 1846,1200000.0,2000000.0,0.0,0.0
192557,Jackson,Irvine,Jackson Irvine,Australia,Australia,1993-03-07 00:00:00,Central Midfield,Midfield,right,189.0,35,Fußball-Club St. Pauli von 1910,1500000.0,3500000.0,79.0,13.0
192565,Leroy,Sané,Leroy Sané,Germany,Germany,1996-01-11 00:00:00,Right Winger,Attack,left,183.0,141,Galatasaray Spor Kulübü,22000000.0,100000000.0,72.0,16.0
192635,Nico,Elvedi,Nico Elvedi,Switzerland,Switzerland,1996-09-30 00:00:00,Centre-Back,Defender,right,189.0,18,Borussia Verein für Leibesübungen 1900 Mönchengladbach,8000000.0,35000000.0,63.0,3.0
193004,Waldemar,Anton,Waldemar Anton,Uzbekistan,Germany,1996-07-20 00:00:00,Centre-Back,Defender,right,189.0,16,Borussia Dortmund,18000000.0,24000000.0,13.0,0.0
193033,Tim,Kleindienst,Tim Kleindienst,Germany,Germany,1995-08-31 00:00:00,Centre-Forward,Attack,both,194.0,18,Borussia Verein für Leibesübungen 1900 Mönchengladbach,10000000.0,17000000.0,6.0,4.0
193082,Alejandro,Grimaldo,Alejandro Grimaldo,Spain,Spain,1995-09-20 00:00:00,Left-Back,Defender,left,171.0,15,Bayer 04 Leverkusen Fußball,24000000.0,45000000.0,11.0,0.0
193116,John,McGinn,John McGinn,Scotland,Scotland,1994-10-18 00:00:00,Central Midfield,Midfield,left,178.0,405,Aston Villa Football Club,15000000.0,32000000.0,83.0,20.0
193859,Patrick,Erras,Patrick Erras,Germany,Germany,1995-01-21 00:00:00,Centre-Back,Defender,right,196.0,269,Holstein Kiel,300000.0,3000000.0,,
193900,Marius,Wolf,Marius Wolf,Germany,Germany,1995-05-27 00:00:00,Right-Back,Defender,right,188.0,167,Fußball-Club Augsburg 1907,2500000.0,10000000.0,5.0,0.0
195246,Pascal,Stenzel,Pascal Stenzel,Germany,Germany,1996-03-20 00:00:00,Right-Back,Defender,right,183.0,79,Verein für Bewegungsspiele Stuttgart 1893,1200000.0,6500000.0,8.0,0.0
195488,Paulo,Gazzaniga,Paulo Gazzaniga,Argentina,Argentina,1992-01-02 00:00:00,Goalkeeper,Goalkeeper,right,195.0,12321,Girona Fútbol Club S. A. D.,2000000.0,4000000.0,1.0,0.0
195736,Florian,Grillitsch,Florian Grillitsch,Austria,Austria,1995-08-07 00:00:00,Defensive Midfield,Midfield,right,187.0,1075,Sporting Clube de Braga,2000000.0,25000000.0,58.0,1.0
195778,Alexander,Nübel,Alexander Nübel,Germany,Germany,1996-09-30 00:00:00,Goalkeeper,Goalkeeper,right,193.0,79,Verein für Bewegungsspiele Stuttgart 1893,12000000.0,16000000.0,3.0,0.0
196231,Marvin,Friedrich,Marvin Friedrich,Germany,Germany,1995-12-13 00:00:00,Centre-Back,Defender,right,193.0,18,Borussia Verein für Leibesübungen 1900 Mönchengladbach,1800000.0,10000000.0,4.0,0.0
196357,Jonathan,Tah,Jonathan Tah,Germany,Germany,1996-02-11 00:00:00,Centre-Back,Defender,right,195.0,27,FC Bayern München,30000000.0,40000000.0,43.0,0.0
196792,Julian,Weigl,Julian Weigl,Germany,Germany,1995-09-08 00:00:00,Defensive Midfield,Midfield,right,186.0,18,Borussia Verein für Leibesübungen 1900 Mönchengladbach,5000000.0,30000000.0,6.0,0.0
196793,Maximilian,Wittek,Maximilian Wittek,Germany,Germany,1995-08-21 00:00:00,Left-Back,Defender,left,173.0,80,VfL Bochum,1000000.0,2500000.0,15.0,0.0
196813,Michael,Zetterer,Michael Zetterer,Germany,Germany,1995-07-12 00:00:00,Goalkeeper,Goalkeeper,both,187.0,24,Eintracht Frankfurt Fußball AG,4500000.0,4500000.0,1.0,0.0
196829,Timon,Wellenreuther,Timon Wellenreuther,Germany,Germany,1995-12-03 00:00:00,Goalkeeper,Goalkeeper,right,188.0,234,Feyenoord Rotterdam,6000000.0,7000000.0,10.0,0.0
196948,Andreas,Christensen,Andreas Christensen,Denmark,Denmark,1996-04-10 00:00:00,Centre-Back,Defender,right,187.0,131,Futbol Club Barcelona,9000000.0,40000000.0,80.0,4.0
197642,Chuba,Akpom,Chuba Akpom,England,England,1995-10-09 00:00:00,Centre-Forward,Attack,right,183.0,1082,Lille Olympique Sporting Club,6000000.0,12000000.0,5.0,3.0
198008,André,Silva,André Silva,Portugal,Portugal,1995-11-06 00:00:00,Centre-Forward,Attack,right,186.0,1531,Elche Club de Fútbol S.A.D.,3000000.0,45000000.0,53.0,19.0
198116,Federico,Dimarco,Federico Dimarco,Italy,Italy,1997-11-10 00:00:00,Left-Back,Defender,left,175.0,46,Football Club Internazionale Milano S.p.A.,50000000.0,60000000.0,37.0,3.0
202228,Milos,Veljkovic,Milos Veljkovic,Switzerland,Serbia,1995-09-26 00:00:00,Centre-Back,Defender,right,188.0,159,Fudbalski klub Crvena zvezda Beograd,2500000.0,12000000.0,39.0,1.0
202591,Benjamin,Henrichs,Benjamin Henrichs,Germany,Germany,1997-02-23 00:00:00,Right-Back,Defender,right,185.0,23826,RasenBallsport Leipzig,9000000.0,20000000.0,19.0,0.0
202886,Ruben,Loftus-Cheek,Ruben Loftus-Cheek,England,England,1996-01-23 00:00:00,Central Midfield,Midfield,right,191.0,5,Associazione Calcio Milan,10000000.0,30000000.0,11.0,0.0
203123,Haris,Tabakovic,Haris Tabakovic,Switzerland,Bosnia-Herzegovina,1994-06-20 00:00:00,Centre-Forward,Attack,right,196.0,18,Borussia Verein für Leibesübungen 1900 Mönchengladbach,3000000.0,3000000.0,9.0,3.0
203460,Jack,Grealish,Jack Grealish,England,England,1995-09-10 00:00:00,Left Winger,Attack,right,180.0,29,Everton Football Club,25000000.0,100000000.0,39.0,4.0
203853,Oleksandr,Zinchenko,Oleksandr Zinchenko,Ukraine,Ukraine,1996-12-15 00:00:00,Left-Back,Defender,left,175.0,610,AFC Ajax Amsterdam,10000000.0,42000000.0,75.0,12.0
204047,Matus,Bero,Matus Bero,Slovakia,Slovakia,1995-09-06 00:00:00,Central Midfield,Midfield,right,181.0,80,VfL Bochum,2000000.0,3500000.0,46.0,1.0
205006,Rick,Karsdorp,Rick Karsdorp,Netherlands,Netherlands,1995-02-11 00:00:00,Right-Back,Defender,right,184.0,383,Eindhovense Voetbalvereniging Philips Sport Vereniging,2500000.0,15000000.0,3.0,0.0
205562,Thomas,Lemar,Thomas Lemar,Guadeloupe,France,1995-11-12 00:00:00,Attacking Midfield,Midfield,left,171.0,12321,Girona Fútbol Club S. A. D.,2000000.0,70000000.0,27.0,4.0
205938,Mario,Pašalić,Mario Pašalić,Germany,Croatia,1995-02-09 00:00:00,Central Midfield,Midfield,right,188.0,800,Atalanta Bergamasca Calcio S.p.a.,7000000.0,28000000.0,82.0,11.0
205940,Marko,Pjaca,Marko Pjaca,Croatia,Croatia,1995-05-06 00:00:00,Left Winger,Attack,right,186.0,317,Football Club Twente,2000000.0,18000000.0,28.0,1.0
215599,Lukas,Klostermann,Lukas Klostermann,Germany,Germany,1996-06-03 00:00:00,Centre-Back,Defender,right,189.0,23826,RasenBallsport Leipzig,3500000.0,38000000.0,22.0,0.0
221025,André,Gomes,André Gomes,Portugal,Portugal,1993-07-30 00:00:00,Central Midfield,Midfield,right,190.0,813,Columbus Crew,4500000.0,30000000.0,29.0,0.0
221316,Lucas,Vázquez,Lucas Vázquez,Spain,Spain,1991-07-01 00:00:00,Right-Back,Defender,right,173.0,15,Bayer 04 Leverkusen Fußball,2500000.0,25000000.0,9.0,0.0
223367,Fredrik,Aursnes,Fredrik Aursnes,Norway,Norway,1995-12-10 00:00:00,Central Midfield,Midfield,right,181.0,294,Sport Lisboa e Benfica,17000000.0,20000000.0,20.0,1.0
223967,Konrad,Laimer,Konrad Laimer,Austria,Austria,1997-05-27 00:00:00,Right-Back,Defender,right,180.0,27,FC Bayern München,32000000.0,32000000.0,55.0,7.0
223974,Stefan,Posch,Stefan Posch,Austria,Austria,1997-05-14 00:00:00,Centre-Back,Defender,right,190.0,39,1. Fußball- und Sportverein Mainz 05,5500000.0,14000000.0,50.0,5.0
223979,Xaver,Schlager,Xaver Schlager,Austria,Austria,1997-09-28 00:00:00,Central Midfield,Midfield,left,174.0,23826,RasenBallsport Leipzig,10000000.0,28000000.0,49.0,4.0
225043,Carl,Johansson,Carl Johansson,Sweden,Sweden,1994-05-23 00:00:00,Centre-Back,Defender,right,194.0,269,Holstein Kiel,450000.0,1200000.0,3.0,1.0
225657,Philipp,Lienhart,Philipp Lienhart,Austria,Austria,1996-07-11 00:00:00,Centre-Back,Defender,right,189.0,60,Sport-Club Freiburg,12000000.0,20000000.0,39.0,3.0
227035,Josip,Misic,Josip Misic,Croatia,Croatia,1994-06-28 00:00:00,Defensive Midfield,Midfield,right,187.0,419,GNK Dinamo Zagreb,1200000.0,3500000.0,2.0,0.0
227084,Benedikt,Gimber,Benedikt Gimber,Germany,Germany,1997-02-19 00:00:00,Centre-Back,Defender,left,187.0,2036,1. Fußballclub Heidenheim 1846,2000000.0,3000000.0,10.0,1.0
227511,,Maurides,Maurides,Brazil,Brazil,1994-03-10 00:00:00,Centre-Forward,Attack,left,189.0,7154,Radomiak S.A.,400000.0,2000000.0,,
228948,Thilo,Kehrer,Thilo Kehrer,Germany,Germany,1996-09-21 00:00:00,Centre-Back,Defender,both,186.0,162,Association sportive de Monaco Football Club,15000000.0,35000000.0,28.0,0.0
229006,Franck,Honorat,Franck Honorat,France,France,1996-08-11 00:00:00,Right Winger,Attack,right,180.0,18,Borussia Verein für Leibesübungen 1900 Mönchengladbach,10000000.0,12000000.0,3.0,0.0
230784,Thomas,Partey,Thomas Partey,Ghana,Ghana,1993-06-13 00:00:00,Defensive Midfield,Midfield,right,185.0,1050,Villarreal Club de Fútbol S.A.D.,2500000.0,50000000.0,55.0,15.0
231306,Guélor,Kanga,Guélor Kanga,Gabon,Gabon,1990-09-01 00:00:00,Central Midfield,Midfield,right,167.0,159,Fudbalski klub Crvena zvezda Beograd,2300000.0,4500000.0,79.0,7.0
232320,Atakan,Karazor,Atakan Karazor,Germany,Türkiye,1996-10-13 00:00:00,Defensive Midfield,Midfield,right,191.0,79,Verein für Bewegungsspiele Stuttgart 1893,9000000.0,12000000.0,2.0,0.0
232454,Nadiem,Amiri,Nadiem Amiri,Germany,Germany,1996-10-27 00:00:00,Central Midfield,Midfield,right,180.0,39,1. Fußball- und Sportverein Mainz 05,17000000.0,22000000.0,9.0,1.0
233129,Mirko,Ivanic,Mirko Ivanic,Yugoslavia (Republic),Montenegro,1993-09-13 00:00:00,Attacking Midfield,Midfield,both,184.0,159,Fudbalski klub Crvena zvezda Beograd,3500000.0,9000000.0,15.0,1.0
234029,Grischa,Prömel,Grischa Prömel,Germany,Germany,1995-01-09 00:00:00,Central Midfield,Midfield,right,184.0,533,Turn- und Sportgemeinschaft 1899 Hoffenheim Fußball-Spielbetriebs,3500000.0,7500000.0,0.0,0.0
234803,Andrew,Robertson,Andrew Robertson,Scotland,Scotland,1994-03-11 00:00:00,Left-Back,Defender,left,178.0,31,Liverpool Football Club,10000000.0,80000000.0,90.0,4.0
234811,Rui,Silva,Rui Silva,Portugal,Portugal,1994-02-07 00:00:00,Goalkeeper,Goalkeeper,left,191.0,336,Sporting Clube de Portugal,7000000.0,15000000.0,1.0,0.0
236168,Brandon,Mechele,Brandon Mechele,Belgium,Belgium,1993-01-28 00:00:00,Centre-Back,Defender,right,190.0,2282,Club Brugge Koninklijke Voetbalvereniging,3000000.0,7000000.0,6.0,1.0
236966,Adam,Dzwigala,Adam Dzwigala,Poland,Poland,1995-09-25 00:00:00,Centre-Back,Defender,right,185.0,35,Fußball-Club St. Pauli von 1910,900000.0,900000.0,0.0,0.0
237164,Ihlas,Bebou,Ihlas Bebou,Togo,Togo,1994-04-23 00:00:00,Centre-Forward,Attack,right,185.0,533,Turn- und Sportgemeinschaft 1899 Hoffenheim Fußball-Spielbetriebs,800000.0,16000000.0,38.0,1.0
237658,Michel,Aebischer,Michel Aebischer,Switzerland,Switzerland,1997-01-06 00:00:00,Central Midfield,Midfield,right,183.0,4172,Pisa Sporting Club,4500000.0,11000000.0,37.0,2.0
237662,Breel,Embolo,Breel Embolo,Cameroon,Switzerland,1997-02-14 00:00:00,Centre-Forward,Attack,right,187.0,273,Stade Rennais Football Club,12000000.0,22000000.0,84.0,22.0
238223,,Ederson,Ederson,Brazil,Brazil,1993-08-17 00:00:00,Goalkeeper,Goalkeeper,left,188.0,36,Fenerbahçe Spor Kulübü,13000000.0,70000000.0,30.0,0.0
238407,Alexander,Sørloth,Alexander Sørloth,Norway,Norway,1995-12-05 00:00:00,Centre-Forward,Attack,left,195.0,13,Club Atlético de Madrid S.A.D.,20000000.0,25000000.0,68.0,26.0
238639,Steve,Mounié,Steve Mounié,Benin,Benin,1994-09-29 00:00:00,Centre-Forward,Attack,right,189.0,11282,Alanyaspor,1800000.0,10000000.0,65.0,22.0
239941,Lukas,Haraslin,Lukas Haraslin,Slovakia,Slovakia,1996-05-26 00:00:00,Left Winger,Attack,right,182.0,197,"AC Sparta Praha, a. s.",6000000.0,7500000.0,50.0,8.0
239962,Denis,Vavro,Denis Vavro,Slovakia,Slovakia,1996-04-10 00:00:00,Centre-Back,Defender,right,189.0,82,Verein für Leibesübungen Wolfsburg,5000000.0,8000000.0,31.0,2.0
240692,Reinildo,Mandava,Reinildo Mandava,Mozambique,Mozambique,1994-01-21 00:00:00,Left-Back,Defender,left,180.0,289,Sunderland Association Football Club,5000000.0,25000000.0,48.0,2.0
241229,Jordan,Amavi,Jordan Amavi,France,France,1994-03-09 00:00:00,Left-Back,Defender,left,176.0,3911,Stade brestois 29,1200000.0,16000000.0,0.0,0.0
241307,Finn,Porath,Finn Porath,Germany,Germany,1997-02-23 00:00:00,Right Midfield,Midfield,right,180.0,269,Holstein Kiel,600000.0,600000.0,9.0,3.0
241641,Bernardo,Silva,Bernardo Silva,Portugal,Portugal,1994-08-10 00:00:00,Attacking Midfield,Midfield,left,173.0,281,Manchester City Football Club,27000000.0,100000000.0,107.0,14.0
242084,Lukas,Sadilek,Lukas Sadilek,Czech Republic,Czech Republic,1996-05-23 00:00:00,Attacking Midfield,Midfield,,179.0,428,Klub Sportowy Górnik Zabrze Sportowa Spółka Akcyjna,1300000.0,2000000.0,3.0,0.0
242086,Patrik,Schick,Patrik Schick,Czech Republic,Czech Republic,1996-01-24 00:00:00,Centre-Forward,Attack,left,191.0,15,Bayer 04 Leverkusen Fußball,20000000.0,50000000.0,51.0,25.0
242661,Manolis,Saliakas,Manolis Saliakas,Greece,Greece,1996-09-12 00:00:00,Right-Back,Defender,right,177.0,35,Fußball-Club St. Pauli von 1910,2500000.0,3000000.0,4.0,0.0
243188,László,Bénes,László Bénes,Slovakia,Slovakia,1997-09-09 00:00:00,Central Midfield,Midfield,left,181.0,3205,Kayserispor Kulübü,2800000.0,10000000.0,39.0,2.0
243714,Kingsley,Coman,Kingsley Coman,France,France,1996-06-13 00:00:00,Left Winger,Attack,right,181.0,18544,Al-Nassr Football Club,22000000.0,65000000.0,61.0,8.0
243856,Cedric,Itten,Cedric Itten,Switzerland,Switzerland,1996-12-27 00:00:00,Centre-Forward,Attack,right,190.0,38,Fortuna Düsseldorf,4500000.0,4500000.0,13.0,5.0
244940,Salih,Özcan,Salih Özcan,Germany,Türkiye,1998-01-11 00:00:00,Defensive Midfield,Midfield,right,183.0,16,Borussia Dortmund,3500000.0,17000000.0,27.0,1.0
245078,Nemanja,Radonjic,Nemanja Radonjic,Yugoslavia (Republic),Serbia,1996-02-15 00:00:00,Left Winger,Attack,both,182.0,159,Fudbalski klub Crvena zvezda Beograd,2000000.0,10000000.0,46.0,5.0
247555,Edimilson,Fernandes,Edimilson Fernandes,Switzerland,Switzerland,1996-04-15 00:00:00,Defensive Midfield,Midfield,right,187.0,452,Berner Sport Club Young Boys,2500000.0,8000000.0,34.0,2.0
247915,Jonas,Omlin,Jonas Omlin,Switzerland,Switzerland,1994-01-10 00:00:00,Goalkeeper,Goalkeeper,right,190.0,15,Bayer 04 Leverkusen Fußball,1500000.0,9000000.0,4.0,0.0
248393,Peter,Olayinka,Peter Olayinka,Nigeria,Nigeria,1995-11-16 00:00:00,Left Winger,Attack,right,188.0,159,Fudbalski klub Crvena zvezda Beograd,5000000.0,7000000.0,4.0,0.0
248454,Nikola,Vasilj,Nikola Vasilj,Bosnia-Herzegovina,Bosnia-Herzegovina,1995-12-02 00:00:00,Goalkeeper,Goalkeeper,right,193.0,35,Fußball-Club St. Pauli von 1910,4500000.0,4500000.0,24.0,0.0
248999,Lucas,Höler,Lucas Höler,Germany,Germany,1994-07-10 00:00:00,Centre-Forward,Attack,right,184.0,60,Sport-Club Freiburg,3000000.0,6500000.0,,
249157,Fredrik,Jensen,Fredrik Jensen,Finland,Finland,1997-09-09 00:00:00,Attacking Midfield,Midfield,right,183.0,605,Aris Thessalonikis,2500000.0,3500000.0,37.0,8.0
249565,Youri,Tielemans,Youri Tielemans,Belgium,Belgium,1997-05-07 00:00:00,Central Midfield,Midfield,right,177.0,405,Aston Villa Football Club,35000000.0,55000000.0,81.0,12.0
250779,Brendan,Chardonnet,Brendan Chardonnet,France,France,1994-12-22 00:00:00,Centre-Back,Defender,right,181.0,3911,Stade brestois 29,5000000.0,8000000.0,,
250845,José María,Giménez,José María Giménez,Uruguay,Uruguay,1995-01-20 00:00:00,Centre-Back,Defender,right,185.0,13,Club Atlético de Madrid S.A.D.,12000000.0,70000000.0,97.0,8.0
251299,Finn,Dahmen,Finn Dahmen,Germany,Germany,1998-03-27 00:00:00,Goalkeeper,Goalkeeper,right,186.0,167,Fußball-Club Augsburg 1907,12000000.0,12000000.0,0.0,0.0
251302,Niklas,Dorsch,Niklas Dorsch,Germany,Germany,1998-01-15 00:00:00,Defensive Midfield,Midfield,right,178.0,2036,1. Fußballclub Heidenheim 1846,3000000.0,10000000.0,13.0,1.0
251303,Johannes,Eggestein,Johannes Eggestein,Germany,Germany,1998-05-08 00:00:00,Centre-Forward,Attack,right,183.0,35,Fußball-Club St. Pauli von 1910,2000000.0,10000000.0,11.0,2.0
251309,Dennis,Geiger,Dennis Geiger,Germany,Germany,1998-06-10 00:00:00,Central Midfield,Midfield,right,173.0,370,Aberdeen Football Club,1500000.0,13000000.0,5.0,0.0
251322,Philipp,Köhn,Philipp Köhn,Germany,Switzerland,1998-04-02 00:00:00,Goalkeeper,Goalkeeper,right,190.0,162,Association sportive de Monaco Football Club,4000000.0,8000000.0,0.0,0.0
253677,Tyrone,Mings,Tyrone Mings,England,England,1993-03-13 00:00:00,Centre-Back,Defender,left,196.0,405,Aston Villa Football Club,4000000.0,32000000.0,18.0,2.0
254965,Sandro,Lauper,Sandro Lauper,Switzerland,Switzerland,1996-10-25 00:00:00,Defensive Midfield,Midfield,right,185.0,452,Berner Sport Club Young Boys,800000.0,3000000.0,0.0,0.0
255901,Rodrigo,De Paul,Rodrigo De Paul,Argentina,Argentina,1994-05-24 00:00:00,Central Midfield,Midfield,right,180.0,69261,Club Internacional de Fútbol Miami,15000000.0,40000000.0,83.0,2.0
255942,Nicolò,Barella,Nicolò Barella,Italy,Italy,1997-02-07 00:00:00,Central Midfield,Midfield,right,175.0,46,Football Club Internazionale Milano S.p.A.,50000000.0,80000000.0,68.0,10.0
256178,Joe,Gomez,Joe Gomez,England,England,1997-05-23 00:00:00,Centre-Back,Defender,right,188.0,31,Liverpool Football Club,15000000.0,42000000.0,15.0,0.0
256358,Bruno,Petkovic,Bruno Petkovic,Croatia,Croatia,1994-09-16 00:00:00,Centre-Forward,Attack,right,193.0,120,Kocaelispor Kulübü,2000000.0,13500000.0,42.0,11.0
257455,João,Palhinha,João Palhinha,Portugal,Portugal,1995-07-09 00:00:00,Defensive Midfield,Midfield,right,190.0,148,Tottenham Hotspur Football Club,18000000.0,60000000.0,37.0,2.0
257814,Gregor,Kobel,Gregor Kobel,Switzerland,Switzerland,1997-12-06 00:00:00,Goalkeeper,Goalkeeper,right,196.0,16,Borussia Dortmund,40000000.0,40000000.0,19.0,0.0
257987,Bart,Nieuwkoop,Bart Nieuwkoop,Netherlands,Netherlands,1996-03-07 00:00:00,Right-Back,Defender,right,181.0,234,Feyenoord Rotterdam,2000000.0,4000000.0,0.0,0.0
258004,Rúben,Dias,Rúben Dias,Portugal,Portugal,1997-05-14 00:00:00,Centre-Back,Defender,right,187.0,281,Manchester City Football Club,60000000.0,80000000.0,74.0,3.0
258027,Renato,Sanches,Renato Sanches,Portugal,Portugal,1997-08-18 00:00:00,Central Midfield,Midfield,right,176.0,265,Panathinaikos Athlitikos Omilos,2000000.0,30000000.0,32.0,3.0
258923,Marcus,Rashford,Marcus Rashford,England,England,1997-10-31 00:00:00,Left Winger,Attack,right,185.0,131,Futbol Club Barcelona,40000000.0,85000000.0,69.0,18.0
259953,Rade,Krunic,Rade Krunic,Bosnia-Herzegovina,Bosnia-Herzegovina,1993-10-07 00:00:00,Defensive Midfield,Midfield,right,184.0,159,Fudbalski klub Crvena zvezda Beograd,4000000.0,10000000.0,34.0,4.0
260846,Asger,Sörensen,Asger Sörensen,Denmark,Denmark,1996-06-05 00:00:00,Centre-Back,Defender,right,191.0,197,"AC Sparta Praha, a. s.",2000000.0,3000000.0,0.0,0.0
261504,Aleix,García,Aleix García,Spain,Spain,1997-06-28 00:00:00,Central Midfield,Midfield,right,173.0,15,Bayer 04 Leverkusen Fußball,20000000.0,25000000.0,8.0,0.0
262523,Davide,Calabria,Davide Calabria,Italy,Italy,1996-12-06 00:00:00,Right-Back,Defender,right,176.0,265,Panathinaikos Athlitikos Omilos,4500000.0,25000000.0,7.0,0.0
262749,David,Raya,David Raya,Spain,Spain,1995-09-15 00:00:00,Goalkeeper,Goalkeeper,right,183.0,11,Arsenal Football Club,35000000.0,40000000.0,11.0,0.0
263918,Aleksandr,Golovin,Aleksandr Golovin,Russia,Russia,1996-05-30 00:00:00,Attacking Midfield,Midfield,right,178.0,162,Association sportive de Monaco Football Club,18000000.0,30000000.0,51.0,9.0
264372,Viktor,Tsygankov,Viktor Tsygankov,Israel,Ukraine,1997-11-15 00:00:00,Right Winger,Attack,left,178.0,12321,Girona Fútbol Club S. A. D.,15000000.0,30000000.0,64.0,13.0
265088,Manuel,Locatelli,Manuel Locatelli,Italy,Italy,1998-01-08 00:00:00,Defensive Midfield,Midfield,right,185.0,506,Juventus Football Club,25000000.0,35000000.0,35.0,3.0
266807,Ángel,Correa,Ángel Correa,Argentina,Argentina,1995-03-09 00:00:00,Second Striker,Attack,right,171.0,7055,Club Tigres UANL Sinergia Deportiva S.A. de C.V.,9000000.0,45000000.0,28.0,3.0
270393,Robert,Skov,Robert Skov,Spain,Denmark,1996-05-20 00:00:00,Left Midfield,Midfield,left,185.0,89,1. Fußballclub Union Berlin,2500000.0,14000000.0,14.0,7.0
270541,Serhou,Guirassy,Serhou Guirassy,France,Guinea,1996-03-12 00:00:00,Centre-Forward,Attack,right,187.0,16,Borussia Dortmund,40000000.0,45000000.0,26.0,10.0
272278,Chris,Führich,Chris Führich,Germany,Germany,1998-01-09 00:00:00,Left Winger,Attack,right,181.0,79,Verein für Bewegungsspiele Stuttgart 1893,10000000.0,28000000.0,9.0,0.0
273132,Robin,Gosens,Robin Gosens,Germany,Germany,1994-07-05 00:00:00,Left-Back,Defender,left,183.0,430,Associazione Calcio Fiorentina,4500000.0,35000000.0,24.0,2.0
273669,Adrian,Beck,Adrian Beck,Germany,Germany,1997-06-09 00:00:00,Attacking Midfield,Midfield,right,186.0,2036,1. Fußballclub Heidenheim 1846,2000000.0,2000000.0,,
274461,Felix,Passlack,Felix Passlack,Germany,Germany,1998-05-29 00:00:00,Right-Back,Defender,right,170.0,903,Hibernian Football Club,700000.0,3000000.0,4.0,0.0
278332,Florian,Neuhaus,Florian Neuhaus,Germany,Germany,1997-03-16 00:00:00,Central Midfield,Midfield,right,185.0,18,Borussia Verein für Leibesübungen 1900 Mönchengladbach,3500000.0,38000000.0,10.0,2.0
280575,Elvis,Rexhbecaj,Elvis Rexhbecaj,Yugoslavia (Republic),Kosovo,1997-11-01 00:00:00,Central Midfield,Midfield,left,182.0,167,Fußball-Club Augsburg 1907,3500000.0,8000000.0,15.0,2.0
281769,Mario,Hermoso,Mario Hermoso,Spain,Spain,1995-06-18 00:00:00,Centre-Back,Defender,left,184.0,12,Associazione Sportiva Roma,7000000.0,35000000.0,5.0,0.0
281963,Lucas,Hernández,Lucas Hernández,France,France,1996-02-14 00:00:00,Left-Back,Defender,left,184.0,583,Paris Saint-Germain Football Club,20000000.0,70000000.0,40.0,0.0
282041,Presnel,Kimpembe,Presnel Kimpembe,France,France,1995-08-13 00:00:00,Centre-Back,Defender,left,183.0,583,Paris Saint-Germain Football Club,4000000.0,40000000.0,28.0,0.0
282349,Timo,Becker,Timo Becker,Germany,Germany,1997-03-25 00:00:00,Centre-Back,Defender,right,190.0,269,Holstein Kiel,1500000.0,2000000.0,,
282411,Marcos,Llorente,Marcos Llorente,Spain,Spain,1995-01-30 00:00:00,Right-Back,Defender,right,184.0,13,Club Atlético de Madrid S.A.D.,22000000.0,80000000.0,22.0,0.0
282660,Maximilian,Mittelstädt,Maximilian Mittelstädt,Germany,Germany,1997-03-18 00:00:00,Left-Back,Defender,left,180.0,79,Verein für Bewegungsspiele Stuttgart 1893,18000000.0,20000000.0,15.0,1.0
283170,Iñaki,Peña,Iñaki Peña,Spain,Spain,1999-03-02 00:00:00,Goalkeeper,Goalkeeper,right,184.0,1531,Elche Club de Fútbol S.A.D.,5000000.0,10000000.0,0.0,0.0
283497,Mathias,Honsak,Mathias Honsak,Austria,Austria,1996-12-20 00:00:00,Left Winger,Attack,left,188.0,2036,1. Fußballclub Heidenheim 1846,2000000.0,2000000.0,1.0,0.0
283994,Ludovic,Ajorque,Ludovic Ajorque,Réunion,France,1994-02-25 00:00:00,Centre-Forward,Attack,left,196.0,3911,Stade brestois 29,3500000.0,16000000.0,,
284010,Robin,Hack,Robin Hack,Germany,Germany,1998-08-27 00:00:00,Left Winger,Attack,right,178.0,18,Borussia Verein für Leibesübungen 1900 Mönchengladbach,9000000.0,12000000.0,5.0,3.0
284270,Moritz,Nicolas,Moritz Nicolas,Germany,Germany,1997-10-21 00:00:00,Goalkeeper,Goalkeeper,right,193.0,18,Borussia Verein für Leibesübungen 1900 Mönchengladbach,6000000.0,6000000.0,1.0,0.0
284730,Manuel,Akanji,Manuel Akanji,Switzerland,Switzerland,1995-07-19 00:00:00,Centre-Back,Defender,right,188.0,46,Football Club Internazionale Milano S.p.A.,18000000.0,45000000.0,78.0,4.0
284732,Ramy,Bensebaini,Ramy Bensebaini,Algeria,Algeria,1995-04-16 00:00:00,Centre-Back,Defender,left,187.0,16,Borussia Dortmund,7000000.0,22000000.0,79.0,7.0
284769,Florian,Müller,Florian Müller,Germany,Germany,1997-11-13 00:00:00,Goalkeeper,Goalkeeper,left,190.0,60,Sport-Club Freiburg,1200000.0,10000000.0,2.0,0.0
286415,Pau,López,Pau López,Spain,Spain,1994-12-13 00:00:00,Goalkeeper,Goalkeeper,left,189.0,150,Real Betis Balompié S.A.D.,2500000.0,24000000.0,2.0,0.0
287920,Tim,Skarke,Tim Skarke,Germany,Germany,1996-09-07 00:00:00,Centre-Forward,Attack,right,181.0,89,1. Fußballclub Union Berlin,1800000.0,3000000.0,1.0,0.0
288230,Ousmane,Dembélé,Ousmane Dembélé,France,France,1997-05-15 00:00:00,Centre-Forward,Attack,both,178.0,583,Paris Saint-Germain Football Club,100000000.0,120000000.0,58.0,7.0
288253,Jeremiah,St. Juste,Jeremiah St. Juste,Netherlands,Netherlands,1996-10-19 00:00:00,Centre-Back,Defender,right,186.0,234,Feyenoord Rotterdam,3000000.0,16000000.0,9.0,1.0
288255,Donny,van de Beek,Donny van de Beek,Netherlands,Netherlands,1997-04-18 00:00:00,Central Midfield,Midfield,right,184.0,12321,Girona Fútbol Club S. A. D.,2000000.0,55000000.0,19.0,3.0
288340,Phillip,Tietz,Phillip Tietz,Germany,Germany,1997-07-09 00:00:00,Centre-Forward,Attack,right,190.0,39,1. Fußball- und Sportverein Mainz 05,3500000.0,5000000.0,2.0,0.0
288429,Mads,Pedersen,Mads Pedersen,Denmark,Denmark,1996-09-01 00:00:00,Left-Back,Defender,left,178.0,167,Fußball-Club Augsburg 1907,1000000.0,3500000.0,0.0,0.0
289059,Mykola,Matvienko,Mykola Matvienko,Ukraine,Ukraine,1996-05-02 00:00:00,Centre-Back,Defender,left,182.0,660,FC Shakhtar Donetsk,15000000.0,20000000.0,82.0,0.0
289075,Oleksandr,Zubkov,Oleksandr Zubkov,Ukraine,Ukraine,1996-08-03 00:00:00,Right Winger,Attack,left,182.0,449,Trabzonspor Kulübü,7000000.0,8000000.0,44.0,3.0
289835,Jens,Stage,Jens Stage,Denmark,Denmark,1996-11-08 00:00:00,Central Midfield,Midfield,right,187.0,86,Sportverein Werder Bremen von 1899,14000000.0,14000000.0,2.0,0.0
290391,Nuno,Santos,Nuno Santos,Portugal,Portugal,1995-02-13 00:00:00,Left-Back,Defender,left,177.0,336,Sporting Clube de Portugal,5000000.0,14000000.0,2.0,0.0
290552,Qazim,Laci,Qazim Laci,Albania,Albania,1996-01-19 00:00:00,Central Midfield,Midfield,right,173.0,126,Çaykur Rizespor Kulübü,2800000.0,4000000.0,45.0,4.0
290587,Ellyes,Skhiri,Ellyes Skhiri,France,Tunisia,1995-05-10 00:00:00,Defensive Midfield,Midfield,right,185.0,24,Eintracht Frankfurt Fußball AG,6000000.0,13000000.0,79.0,4.0
291417,Ferland,Mendy,Ferland Mendy,France,France,1995-06-08 00:00:00,Left-Back,Defender,left,180.0,418,Real Madrid Club de Fútbol,6000000.0,50000000.0,10.0,0.0
292534,Eric,Smith,Eric Smith,Sweden,Sweden,1997-01-08 00:00:00,Centre-Back,Defender,right,192.0,35,Fußball-Club St. Pauli von 1910,5000000.0,6000000.0,0.0,0.0
293185,Ivan,Nevistic,Ivan Nevistic,Croatia,Croatia,1998-07-31 00:00:00,Goalkeeper,Goalkeeper,right,195.0,419,GNK Dinamo Zagreb,1000000.0,3000000.0,1.0,0.0
293281,Jacob,Bruun Larsen,Jacob Bruun Larsen,Denmark,Denmark,1998-09-19 00:00:00,Left Winger,Attack,right,183.0,1132,Burnley Football Club,5000000.0,20000000.0,8.0,1.0
293385,Dani,Olmo,Dani Olmo,Spain,Spain,1998-05-07 00:00:00,Attacking Midfield,Midfield,right,179.0,131,Futbol Club Barcelona,60000000.0,60000000.0,46.0,12.0
295060,Koji,Miyoshi,Koji Miyoshi,Japan,Japan,1997-03-26 00:00:00,Right Midfield,Midfield,left,167.0,80,VfL Bochum,1000000.0,3000000.0,5.0,2.0
295630,Dimitrios,Giannoulis,Dimitrios Giannoulis,Greece,Greece,1995-10-17 00:00:00,Left-Back,Defender,left,178.0,167,Fußball-Club Augsburg 1907,3000000.0,7000000.0,33.0,0.0
296397,Arne,Maier,Arne Maier,Germany,Germany,1999-01-08 00:00:00,Central Midfield,Midfield,right,186.0,167,Fußball-Club Augsburg 1907,2000000.0,24000000.0,18.0,1.0
296428,Timon,Weiner,Timon Weiner,Germany,Germany,1999-01-18 00:00:00,Goalkeeper,Goalkeeper,both,191.0,269,Holstein Kiel,500000.0,1500000.0,1.0,0.0
296622,Marco,Asensio,Marco Asensio,Spain,Spain,1996-01-21 00:00:00,Attacking Midfield,Midfield,left,182.0,36,Fenerbahçe Spor Kulübü,15000000.0,90000000.0,38.0,2.0
296802,Walter,Benítez,Walter Benítez,Argentina,Argentina,1993-01-19 00:00:00,Goalkeeper,Goalkeeper,right,191.0,873,Crystal Palace Football Club,5000000.0,14000000.0,1.0,0.0
297583,Woo-yeong,Jeong,Woo-yeong Jeong,"Korea, South","Korea, South",1999-09-20 00:00:00,Attacking Midfield,Midfield,right,179.0,89,1. Fußballclub Union Berlin,3500000.0,5500000.0,22.0,4.0
300716,Kieran,Tierney,Kieran Tierney,Isle of Man,Scotland,1997-06-05 00:00:00,Left-Back,Defender,left,180.0,371,The Celtic Football Club,8000000.0,32000000.0,53.0,2.0
301238,Michele,Di Gregorio,Michele Di Gregorio,Italy,Italy,1997-07-27 00:00:00,Goalkeeper,Goalkeeper,right,187.0,506,Juventus Football Club,14000000.0,18000000.0,0.0,0.0
303219,Jeff,Chabot,Jeff Chabot,Germany,Germany,1998-02-12 00:00:00,Centre-Back,Defender,left,195.0,79,Verein für Bewegungsspiele Stuttgart 1893,15000000.0,15000000.0,4.0,0.0
303254,Fikayo,Tomori,Fikayo Tomori,Canada,England,1997-12-19 00:00:00,Centre-Back,Defender,right,185.0,5,Associazione Calcio Milan,20000000.0,50000000.0,6.0,0.0
307058,Mehdi,Taremi,Mehdi Taremi,Iran,Iran,1992-07-18 00:00:00,Centre-Forward,Attack,right,185.0,683,Olympiakos Syndesmos Filathlon Peiraios,2500000.0,20000000.0,101.0,55.0
307183,Sirlord,Conteh,Sirlord Conteh,Germany,Germany,1996-07-09 00:00:00,Right Winger,Attack,right,178.0,2036,1. Fußballclub Heidenheim 1846,1500000.0,1500000.0,,
307924,Mergim,Berisha,Mergim Berisha,Germany,Germany,1998-05-11 00:00:00,Centre-Forward,Attack,right,188.0,167,Fußball-Club Augsburg 1907,2500000.0,14000000.0,2.0,0.0
309400,Kai,Havertz,Kai Havertz,Germany,Germany,1999-06-11 00:00:00,Centre-Forward,Attack,left,193.0,11,Arsenal Football Club,50000000.0,90000000.0,56.0,20.0
312819,Silvere,Ganvoula,Silvere Ganvoula,Congo,Congo,1996-06-29 00:00:00,Centre-Forward,Attack,right,191.0,50531,Al-Fayha FC,1200000.0,2500000.0,28.0,5.0
313094,Jordan,Lotomba,Jordan Lotomba,Switzerland,Switzerland,1998-09-29 00:00:00,Right-Back,Defender,right,177.0,234,Feyenoord Rotterdam,3500000.0,8000000.0,8.0,1.0
314288,Lukas,Nmecha,Lukas Nmecha,Germany,Germany,1998-12-14 00:00:00,Centre-Forward,Attack,right,185.0,399,Leeds United Association Football Club,10000000.0,18000000.0,7.0,0.0
314353,Trent,Alexander-Arnold,Trent Alexander-Arnold,England,England,1998-10-07 00:00:00,Right-Back,Defender,right,180.0,418,Real Madrid Club de Fútbol,65000000.0,110000000.0,34.0,4.0
314367,Marcus,Edwards,Marcus Edwards,England,England,1998-12-03 00:00:00,Right Winger,Attack,left,168.0,1132,Burnley Football Club,8000000.0,30000000.0,8.0,2.0
314398,Jae-sung,Lee,Jae-sung Lee,"Korea, South","Korea, South",1992-08-10 00:00:00,Attacking Midfield,Midfield,left,180.0,39,1. Fußball- und Sportverein Mainz 05,2000000.0,4000000.0,102.0,15.0
314678,Brahim,Díaz,Brahim Díaz,Spain,Morocco,1999-08-03 00:00:00,Right Winger,Attack,both,170.0,418,Real Madrid Club de Fútbol,35000000.0,45000000.0,22.0,13.0
315121,Justin,Bijlow,Justin Bijlow,Netherlands,Netherlands,1998-01-22 00:00:00,Goalkeeper,Goalkeeper,right,188.0,252,Genoa Cricket and Football Club,4000000.0,15000000.0,8.0,0.0
315332,Aymen,Barkok,Aymen Barkok,Germany,Morocco,1998-05-21 00:00:00,Attacking Midfield,Midfield,right,189.0,39,1. Fußball- und Sportverein Mainz 05,450000.0,3500000.0,18.0,1.0
315604,Diadié,Samassékou,Diadié Samassékou,Mali,Mali,1996-01-11 00:00:00,Defensive Midfield,Midfield,right,177.0,9168,Houston Dynamo,1000000.0,20000000.0,42.0,1.0
315779,Christian,Pulisic,Christian Pulisic,United States,United States,1998-09-18 00:00:00,Right Winger,Attack,right,177.0,5,Associazione Calcio Milan,50000000.0,60000000.0,82.0,32.0
315853,Alessandro,Bastoni,Alessandro Bastoni,Italy,Italy,1999-04-13 00:00:00,Centre-Back,Defender,left,190.0,46,Football Club Internazionale Milano S.p.A.,70000000.0,80000000.0,41.0,3.0
315858,Gianluigi,Donnarumma,Gianluigi Donnarumma,Italy,Italy,1999-02-25 00:00:00,Goalkeeper,Goalkeeper,right,196.0,281,Manchester City Football Club,45000000.0,65000000.0,80.0,0.0
316264,Martin,Ødegaard,Martin Ødegaard,Norway,Norway,1998-12-17 00:00:00,Attacking Midfield,Midfield,left,178.0,11,Arsenal Football Club,65000000.0,110000000.0,67.0,4.0
316575,Moritz-Broni,Kwarteng,Moritz-Broni Kwarteng,Germany,Germany,1998-04-28 00:00:00,Attacking Midfield,Midfield,both,175.0,80,VfL Bochum,750000.0,1500000.0,,
316889,Hirving,Lozano,Hirving Lozano,Mexico,Mexico,1995-07-30 00:00:00,Left Winger,Attack,right,175.0,114977,San Diego Football Club,8000000.0,45000000.0,75.0,18.0
316934,Nikola,Moro,Nikola Moro,Croatia,Croatia,1998-03-12 00:00:00,Defensive Midfield,Midfield,right,184.0,1025,Bologna Football Club 1909,6500000.0,9000000.0,8.0,0.0
317482,Marko,Rog,Marko Rog,Croatia,Croatia,1995-07-19 00:00:00,Central Midfield,Midfield,right,180.0,11194,NK Lokomotiva Zagreb,600000.0,15000000.0,21.0,0.0
318204,David,Raum,David Raum,Germany,Germany,1998-04-22 00:00:00,Left-Back,Defender,left,181.0,23826,RasenBallsport Leipzig,22000000.0,26000000.0,35.0,1.0
318470,Matvey,Safonov,Matvey Safonov,Russia,Russia,1999-02-25 00:00:00,Goalkeeper,Goalkeeper,right,192.0,583,Paris Saint-Germain Football Club,22000000.0,22000000.0,18.0,0.0
318508,Olivier,Boscagli,Olivier Boscagli,Monaco,France,1997-11-18 00:00:00,Centre-Back,Defender,left,181.0,1237,Brighton and Hove Albion Football Club,15000000.0,27000000.0,5.0,0.0
318528,Marcus,Thuram,Marcus Thuram,Italy,France,1997-08-06 00:00:00,Centre-Forward,Attack,right,192.0,46,Football Club Internazionale Milano S.p.A.,50000000.0,75000000.0,32.0,2.0
319745,Dani,Ceballos,Dani Ceballos,Spain,Spain,1996-08-07 00:00:00,Central Midfield,Midfield,right,179.0,418,Real Madrid Club de Fútbol,8000000.0,45000000.0,13.0,1.0
320440,Gustaf,Nilsson,Gustaf Nilsson,Sweden,Sweden,1997-05-23 00:00:00,Centre-Forward,Attack,right,196.0,2282,Club Brugge Koninklijke Voetbalvereniging,2000000.0,7000000.0,8.0,3.0
320854,Timi Max,Elsnik,Timi Max Elsnik,Slovenia,Slovenia,1998-04-29 00:00:00,Central Midfield,Midfield,left,182.0,159,Fudbalski klub Crvena zvezda Beograd,7000000.0,8000000.0,34.0,2.0
321247,Emiliano,Buendía,Emiliano Buendía,Argentina,Argentina,1996-12-25 00:00:00,Attacking Midfield,Midfield,right,172.0,405,Aston Villa Football Club,18000000.0,35000000.0,2.0,0.0
321528,Denzel,Dumfries,Denzel Dumfries,Netherlands,Netherlands,1996-04-18 00:00:00,Right-Back,Defender,right,188.0,46,Football Club Internazionale Milano S.p.A.,25000000.0,35000000.0,69.0,11.0
322989,Kaan,Kairinen,Kaan Kairinen,Finland,Finland,1998-12-22 00:00:00,Central Midfield,Midfield,left,185.0,197,"AC Sparta Praha, a. s.",6000000.0,7000000.0,28.0,1.0
323167,Matteo,Gabbia,Matteo Gabbia,Italy,Italy,1999-10-21 00:00:00,Centre-Back,Defender,right,185.0,5,Associazione Calcio Milan,20000000.0,20000000.0,0.0,0.0
323589,,Dálcio,Dálcio,Portugal,Guinea-Bissau,1996-05-22 00:00:00,Central Midfield,Midfield,left,186.0,159,Fudbalski klub Crvena zvezda Beograd,700000.0,900000.0,28.0,0.0
323910,,Mauro Júnior,Mauro Júnior,Brazil,Brazil,1999-05-06 00:00:00,Left-Back,Defender,left,171.0,383,Eindhovense Voetbalvereniging Philips Sport Vereniging,17000000.0,17000000.0,3.0,0.0
324278,Christoph,Baumgartner,Christoph Baumgartner,Austria,Austria,1999-08-01 00:00:00,Attacking Midfield,Midfield,right,180.0,23826,RasenBallsport Leipzig,30000000.0,30000000.0,57.0,19.0
324358,Ollie,Watkins,Ollie Watkins,England,England,1995-12-30 00:00:00,Centre-Forward,Attack,right,180.0,405,Aston Villa Football Club,30000000.0,65000000.0,20.0,6.0
324503,Vangelis,Pavlidis,Vangelis Pavlidis,Greece,Greece,1998-11-21 00:00:00,Centre-Forward,Attack,both,186.0,294,Sport Lisboa e Benfica,32000000.0,35000000.0,54.0,10.0
324795,Mahdi,Camara,Mahdi Camara,France,France,1998-06-30 00:00:00,Central Midfield,Midfield,right,176.0,273,Stade Rennais Football Club,10000000.0,10000000.0,1.0,0.0
324811,Arnaud,Nordin,Arnaud Nordin,France,France,1998-06-17 00:00:00,Right Winger,Attack,both,170.0,273,Stade Rennais Football Club,4000000.0,8000000.0,1.0,0.0
324819,Maxime,Bernauer,Maxime Bernauer,France,France,1998-07-01 00:00:00,Centre-Back,Defender,right,185.0,618,AS Saint-Étienne,1800000.0,2000000.0,4.0,0.0
325223,Mama,Baldé,Mama Baldé,Guinea-Bissau,Guinea-Bissau,1995-11-06 00:00:00,Centre-Forward,Attack,right,176.0,3911,Stade brestois 29,3500000.0,8000000.0,33.0,6.0
325443,Viktor,Gyökeres,Viktor Gyökeres,Sweden,Sweden,1998-06-04 00:00:00,Centre-Forward,Attack,right,189.0,11,Arsenal Football Club,65000000.0,75000000.0,31.0,18.0
326029,Donyell,Malen,Donyell Malen,Netherlands,Netherlands,1999-01-19 00:00:00,Centre-Forward,Attack,right,176.0,12,Associazione Sportiva Roma,35000000.0,40000000.0,49.0,13.0
326330,Frenkie,de Jong,Frenkie de Jong,Netherlands,Netherlands,1997-05-12 00:00:00,Central Midfield,Midfield,right,181.0,131,Futbol Club Barcelona,45000000.0,90000000.0,64.0,2.0
327251,Ridle,Baku,Ridle Baku,Germany,Germany,1998-04-08 00:00:00,Right-Back,Defender,right,176.0,23826,RasenBallsport Leipzig,12000000.0,25000000.0,8.0,2.0
328784,Robin,Koch,Robin Koch,Germany,Germany,1996-07-17 00:00:00,Centre-Back,Defender,right,192.0,24,Eintracht Frankfurt Fußball AG,15000000.0,18000000.0,15.0,0.0
329145,,Diego Carlos,Diego Carlos,Brazil,Brazil,1993-03-15 00:00:00,Centre-Back,Defender,right,185.0,1047,Calcio Como,6000000.0,50000000.0,0.0,0.0
329373,Carlo,Boukhalfa,Carlo Boukhalfa,Germany,Germany,1999-05-03 00:00:00,Attacking Midfield,Midfield,left,186.0,257,FC St. Gallen 1879,3000000.0,3000000.0,,
329517,Georgios,Masouras,Georgios Masouras,Greece,Greece,1994-01-01 00:00:00,Left Winger,Attack,right,184.0,6070,Al-Khaleej Club (Saihat),1800000.0,10000000.0,57.0,10.0
329812,,Jota,Jota,Portugal,Portugal,1999-03-30 00:00:00,Left Winger,Attack,right,176.0,371,The Celtic Football Club,5000000.0,13000000.0,18.0,5.0
331362,Benedikt,Pichler,Benedikt Pichler,Austria,Austria,1997-07-20 00:00:00,Centre-Forward,Attack,right,189.0,269,Holstein Kiel,1500000.0,2000000.0,,
331726,Tammy,Abraham,Tammy Abraham,England,England,1997-10-02 00:00:00,Centre-Forward,Attack,right,194.0,405,Aston Villa Football Club,20000000.0,50000000.0,11.0,3.0
331963,Filip,Panák,Filip Panák,Czech Republic,Czech Republic,1995-11-02 00:00:00,Centre-Back,Defender,right,187.0,197,"AC Sparta Praha, a. s.",1500000.0,3000000.0,0.0,0.0
332697,Weston,McKennie,Weston McKennie,United States,United States,1998-08-28 00:00:00,Central Midfield,Midfield,right,185.0,506,Juventus Football Club,30000000.0,30000000.0,62.0,11.0
332798,Roland,Sallai,Roland Sallai,Hungary,Hungary,1997-05-22 00:00:00,Right-Back,Defender,right,183.0,141,Galatasaray Spor Kulübü,12000000.0,16000000.0,64.0,15.0
333640,Joël,Drommel,Joël Drommel,Netherlands,Netherlands,1996-11-16 00:00:00,Goalkeeper,Goalkeeper,right,192.0,468,Sparta Rotterdam,2500000.0,4500000.0,0.0,0.0
333647,Jonathan,Burkardt,Jonathan Burkardt,Germany,Germany,2000-07-11 00:00:00,Centre-Forward,Attack,right,181.0,24,Eintracht Frankfurt Fußball AG,35000000.0,35000000.0,5.0,0.0
333903,Lars,Ritzka,Lars Ritzka,Germany,Germany,1998-05-07 00:00:00,Left-Back,Defender,left,185.0,35,Fußball-Club St. Pauli von 1910,1000000.0,1000000.0,,
334207,Maxim,Leitsch,Maxim Leitsch,Germany,Germany,1998-05-18 00:00:00,Centre-Back,Defender,left,189.0,39,1. Fußball- und Sportverein Mainz 05,1000000.0,5000000.0,3.0,0.0
334213,Lukas,Daschner,Lukas Daschner,Germany,Germany,1998-10-01 00:00:00,Attacking Midfield,Midfield,both,185.0,257,FC St. Gallen 1879,700000.0,1500000.0,,
334221,Amos,Pieper,Amos Pieper,Germany,Germany,1998-01-17 00:00:00,Centre-Back,Defender,right,192.0,86,Sportverein Werder Bremen von 1899,4000000.0,7000000.0,10.0,0.0
334526,Denis,Zakaria,Denis Zakaria,Switzerland,Switzerland,1996-11-20 00:00:00,Defensive Midfield,Midfield,right,190.0,162,Association sportive de Monaco Football Club,25000000.0,45000000.0,61.0,3.0
334807,Tomas,Wiesner,Tomas Wiesner,Czech Republic,Czech Republic,1997-07-17 00:00:00,Right Midfield,Midfield,right,175.0,197,"AC Sparta Praha, a. s.",,,3.0,0.0
334999,Finn,Becker,Finn Becker,Germany,Germany,2000-06-08 00:00:00,Central Midfield,Midfield,left,177.0,533,Turn- und Sportgemeinschaft 1899 Hoffenheim Fußball-Spielbetriebs,1500000.0,3000000.0,4.0,0.0
335457,Ermedin,Demirovic,Ermedin Demirovic,Germany,Bosnia-Herzegovina,1998-03-25 00:00:00,Centre-Forward,Attack,right,185.0,79,Verein für Bewegungsspiele Stuttgart 1893,22000000.0,28000000.0,37.0,4.0
335631,Marco,Komenda,Marco Komenda,Germany,Germany,1996-11-26 00:00:00,Centre-Back,Defender,left,184.0,269,Holstein Kiel,800000.0,900000.0,,
335721,Ben,White,Ben White,England,England,1997-10-08 00:00:00,Right-Back,Defender,right,186.0,11,Arsenal Football Club,30000000.0,55000000.0,5.0,0.0
335993,Philipp,Treu,Philipp Treu,Germany,Germany,2000-12-03 00:00:00,Right-Back,Defender,right,173.0,60,Sport-Club Freiburg,10000000.0,10000000.0,2.0,0.0
336012,Nicolas,Kühn,Nicolas Kühn,Germany,Germany,2000-01-01 00:00:00,Right Winger,Attack,left,174.0,1047,Calcio Como,12000000.0,17000000.0,4.0,2.0
337036,Florent,Muslija,Florent Muslija,Germany,Kosovo,1998-07-06 00:00:00,Left Winger,Attack,right,172.0,38,Fortuna Düsseldorf,1800000.0,3000000.0,38.0,2.0
337092,Tim,Siersleben,Tim Siersleben,Germany,Germany,2000-03-09 00:00:00,Centre-Back,Defender,left,187.0,2036,1. Fußballclub Heidenheim 1846,2500000.0,2500000.0,2.0,0.0
337798,Abdu,Conté,Abdu Conté,Guinea-Bissau,Portugal,1998-03-24 00:00:00,Left-Back,Defender,left,183.0,3268,Casa Pia Atlético Clube,700000.0,3000000.0,2.0,0.0
338070,Konstantinos,Tsimikas,Konstantinos Tsimikas,Greece,Greece,1996-05-12 00:00:00,Left-Back,Defender,left,179.0,12,Associazione Sportiva Roma,8000000.0,22000000.0,47.0,1.0
338424,Mikel,Merino,Mikel Merino,Spain,Spain,1996-06-22 00:00:00,Central Midfield,Midfield,left,189.0,11,Arsenal Football Club,30000000.0,50000000.0,41.0,10.0
338629,Sebastiaan,Bornauw,Sebastiaan Bornauw,Belgium,Belgium,1999-03-22 00:00:00,Centre-Back,Defender,right,191.0,399,Leeds United Association Football Club,8000000.0,14000000.0,4.0,0.0
338668,Senne,Lynen,Senne Lynen,Belgium,Belgium,1999-02-19 00:00:00,Defensive Midfield,Midfield,right,185.0,86,Sportverein Werder Bremen von 1899,10000000.0,10000000.0,6.0,0.0
339314,Deniz,Undav,Deniz Undav,Germany,Germany,1996-07-19 00:00:00,Centre-Forward,Attack,both,179.0,79,Verein für Bewegungsspiele Stuttgart 1893,22000000.0,28000000.0,7.0,3.0
339332,Noa,Lang,Noa Lang,Netherlands,Netherlands,1999-06-17 00:00:00,Left Winger,Attack,right,173.0,141,Galatasaray Spor Kulübü,25000000.0,25000000.0,15.0,3.0
339337,Armando,Obispo,Armando Obispo,Netherlands,Curacao,1999-03-05 00:00:00,Centre-Back,Defender,left,185.0,383,Eindhovense Voetbalvereniging Philips Sport Vereniging,4000000.0,5500000.0,4.0,0.0
339340,Tyrell,Malacia,Tyrell Malacia,Netherlands,Netherlands,1999-08-17 00:00:00,Left-Back,Defender,left,169.0,985,Manchester United Football Club,5000000.0,22000000.0,9.0,0.0
339808,Theo,Hernández,Theo Hernández,France,France,1997-10-06 00:00:00,Left-Back,Defender,left,184.0,1114,Al-Hilal Saudi Football Club,28000000.0,60000000.0,42.0,2.0
340322,Nathan,Tella,Nathan Tella,England,Nigeria,1999-07-05 00:00:00,Right Winger,Attack,right,173.0,15,Bayer 04 Leverkusen Fußball,15000000.0,23000000.0,2.0,0.0
340376,Abel,Ruiz,Abel Ruiz,Spain,Spain,2000-01-28 00:00:00,Centre-Forward,Attack,right,182.0,12321,Girona Fútbol Club S. A. D.,2500000.0,14000000.0,2.0,0.0
340415,Tomi,Horvat,Tomi Horvat,Slovenia,Slovenia,1999-03-24 00:00:00,Right Midfield,Midfield,left,176.0,698,,,,12.0,0.0
340459,Dani,de Wit,Dani de Wit,Netherlands,Netherlands,1998-01-28 00:00:00,Attacking Midfield,Midfield,right,184.0,200,Football Club Utrecht,2500000.0,5000000.0,17.0,11.0
340700,Ivan,Prtajin,Ivan Prtajin,Croatia,Croatia,1996-05-14 00:00:00,Centre-Forward,Attack,right,189.0,89,1. Fußballclub Union Berlin,1500000.0,1800000.0,2.0,0.0
340918,Caoimhín,Kelleher,Caoimhín Kelleher,Ireland,Ireland,1998-11-23 00:00:00,Goalkeeper,Goalkeeper,right,188.0,1148,Brentford Football Club,25000000.0,25000000.0,30.0,0.0
340950,,Diogo Jota,Diogo Jota,Portugal,Portugal,1996-12-04 00:00:00,Left Winger,Attack,right,178.0,4023,,40000000.0,60000000.0,49.0,14.0
341049,Cameron,Carter-Vickers,Cameron Carter-Vickers,England,United States,1997-12-31 00:00:00,Centre-Back,Defender,right,183.0,371,The Celtic Football Club,10000000.0,14000000.0,19.0,0.0
341092,Federico,Chiesa,Federico Chiesa,Italy,Italy,1997-10-25 00:00:00,Right Winger,Attack,right,175.0,31,Liverpool Football Club,15000000.0,70000000.0,51.0,7.0
341227,Juan,Miranda,Juan Miranda,Spain,Spain,2000-01-19 00:00:00,Left-Back,Defender,left,185.0,1025,Bologna Football Club 1909,15000000.0,15000000.0,1.0,1.0
341264,Fran,García,Fran García,Spain,Spain,1999-08-14 00:00:00,Left-Back,Defender,left,169.0,418,Real Madrid Club de Fútbol,12000000.0,18000000.0,2.0,0.0
341278,Iván,Martín,Iván Martín,Spain,Spain,1999-02-14 00:00:00,Central Midfield,Midfield,left,178.0,12321,Girona Fútbol Club S. A. D.,6000000.0,15000000.0,2.0,1.0
341317,Oliver,Burke,Oliver Burke,Scotland,Scotland,1997-04-07 00:00:00,Centre-Forward,Attack,right,188.0,89,1. Fußballclub Union Berlin,4000000.0,12000000.0,13.0,1.0
342039,Yannik,Keitel,Yannik Keitel,Germany,Germany,2000-02-15 00:00:00,Defensive Midfield,Midfield,both,186.0,167,Fußball-Club Augsburg 1907,2000000.0,5000000.0,15.0,0.0
342229,Kylian,Mbappé,Kylian Mbappé,France,France,1998-12-20 00:00:00,Centre-Forward,Attack,right,180.0,418,Real Madrid Club de Fútbol,200000000.0,200000000.0,95.0,56.0
342405,Mattias,Svanberg,Mattias Svanberg,Sweden,Sweden,1999-01-05 00:00:00,Central Midfield,Midfield,right,185.0,82,Verein für Leibesübungen Wolfsburg,9000000.0,18000000.0,37.0,2.0
342967,Niklas,Beste,Niklas Beste,Germany,Germany,1999-01-04 00:00:00,Right Winger,Attack,left,175.0,60,Sport-Club Freiburg,7000000.0,15000000.0,2.0,1.0
343337,Fiete,Arp,Fiete Arp,Germany,Germany,2000-01-06 00:00:00,Attacking Midfield,Midfield,right,186.0,173,Odense Boldklub,1200000.0,7500000.0,5.0,2.0
343475,Ben,Godfrey,Ben Godfrey,England,England,1998-01-15 00:00:00,Centre-Back,Defender,right,184.0,206,Brøndby Idrætsforening,5500000.0,25000000.0,2.0,0.0
343953,Marko,Ilic,Marko Ilic,Yugoslavia (Republic),Serbia,1998-02-03 00:00:00,Goalkeeper,Goalkeeper,right,191.0,159,Fudbalski klub Crvena zvezda Beograd,1200000.0,1600000.0,1.0,0.0
343959,Erhan,Masovic,Erhan Masovic,Yugoslavia (Republic),Serbia,1998-11-22 00:00:00,Centre-Back,Defender,both,189.0,80,VfL Bochum,1500000.0,8000000.0,5.0,0.0
344069,Anton,Stach,Anton Stach,Germany,Germany,1998-11-15 00:00:00,Defensive Midfield,Midfield,right,194.0,399,Leeds United Association Football Club,25000000.0,25000000.0,2.0,0.0
344598,Dan-Axel,Zagadou,Dan-Axel Zagadou,France,France,1999-06-03 00:00:00,Centre-Back,Defender,left,196.0,79,Verein für Bewegungsspiele Stuttgart 1893,2000000.0,35000000.0,6.0,2.0
344695,Dayot,Upamecano,Dayot Upamecano,France,France,1998-10-27 00:00:00,Centre-Back,Defender,right,186.0,27,FC Bayern München,70000000.0,70000000.0,36.0,2.0
345449,Kamil,Piątkowski,Kamil Piątkowski,Poland,Poland,2000-06-21 00:00:00,Centre-Back,Defender,right,191.0,255,Legia Warszawa Spółka Akcyjna,2500000.0,5000000.0,8.0,1.0
345590,Jens,Odgaard,Jens Odgaard,Denmark,Denmark,1999-03-31 00:00:00,Attacking Midfield,Midfield,left,188.0,1025,Bologna Football Club 1909,15000000.0,15000000.0,5.0,2.0
345886,Rubén,Vargas,Rubén Vargas,Switzerland,Switzerland,1998-08-05 00:00:00,Left Winger,Attack,right,179.0,368,Sevilla Fútbol Club S.A.D.,12000000.0,13000000.0,59.0,11.0
345911,Ladislav,Krejčí,Ladislav Krejčí,Czech Republic,Czech Republic,1999-04-20 00:00:00,Centre-Back,Defender,left,191.0,543,Wolverhampton Wanderers Football Club,22000000.0,22000000.0,24.0,4.0
346499,Danel,Sinani,Danel Sinani,Yugoslavia (Republic),Luxembourg,1997-04-05 00:00:00,Attacking Midfield,Midfield,left,185.0,35,Fußball-Club St. Pauli von 1910,3000000.0,3000000.0,71.0,15.0
346546,Radoslaw,Majecki,Radoslaw Majecki,Poland,Poland,1999-11-16 00:00:00,Goalkeeper,Goalkeeper,right,193.0,3911,Stade brestois 29,3000000.0,7000000.0,1.0,0.0
346551,Kamil,Grabara,Kamil Grabara,Poland,Poland,1999-01-08 00:00:00,Goalkeeper,Goalkeeper,right,195.0,82,Verein für Leibesübungen Wolfsburg,12000000.0,14000000.0,4.0,0.0
346840,Jakub,Pesek,Jakub Pesek,Czech Republic,Czech Republic,1993-06-24 00:00:00,Right Winger,Attack,right,174.0,5545,FC Trinity Zlin,150000.0,1800000.0,14.0,5.0
346853,Romano,Schmid,Romano Schmid,Austria,Austria,2000-01-27 00:00:00,Attacking Midfield,Midfield,right,168.0,86,Sportverein Werder Bremen von 1899,15000000.0,17000000.0,32.0,3.0
346890,Noah,Okafor,Noah Okafor,Switzerland,Switzerland,2000-05-24 00:00:00,Left Winger,Attack,right,185.0,399,Leeds United Association Football Club,18000000.0,25000000.0,24.0,2.0
347268,Omri,Glazer,Omri Glazer,Israel,Israel,1996-03-11 00:00:00,Goalkeeper,Goalkeeper,right,191.0,159,Fudbalski klub Crvena zvezda Beograd,2500000.0,5000000.0,22.0,0.0
347900,Jerdy,Schouten,Jerdy Schouten,Netherlands,Netherlands,1997-01-12 00:00:00,Defensive Midfield,Midfield,right,185.0,383,Eindhovense Voetbalvereniging Philips Sport Vereniging,22000000.0,35000000.0,15.0,0.0
348026,Nordi,Mukiele,Nordi Mukiele,France,France,1997-11-01 00:00:00,Right-Back,Defender,right,187.0,289,Sunderland Association Football Club,18000000.0,25000000.0,1.0,0.0
350219,Fabián,Ruiz,Fabián Ruiz,Spain,Spain,1996-04-03 00:00:00,Central Midfield,Midfield,left,189.0,583,Paris Saint-Germain Football Club,40000000.0,60000000.0,41.0,6.0
351809,Robin,Le Normand,Robin Le Normand,France,Spain,1996-11-11 00:00:00,Centre-Back,Defender,right,187.0,13,Club Atlético de Madrid S.A.D.,25000000.0,40000000.0,27.0,1.0
351816,Ismaël,Bennacer,Ismaël Bennacer,France,Algeria,1997-12-01 00:00:00,Defensive Midfield,Midfield,left,175.0,419,GNK Dinamo Zagreb,9000000.0,40000000.0,56.0,3.0
352596,Otar,Kiteishvili,Otar Kiteishvili,Georgia,Georgia,1996-03-26 00:00:00,Attacking Midfield,Midfield,both,173.0,122,Sportklub Puntigamer Sturm Graz,6000000.0,6000000.0,52.0,4.0
353366,Benjamin,Pavard,Benjamin Pavard,France,France,1996-03-28 00:00:00,Centre-Back,Defender,right,186.0,244,Olympique de Marseille,15000000.0,50000000.0,55.0,5.0
353399,Romain,Del Castillo,Romain Del Castillo,France,France,1996-03-29 00:00:00,Right Winger,Attack,left,172.0,3911,Stade brestois 29,7000000.0,10000000.0,10.0,0.0
353826,Robert,Gumny,Robert Gumny,Poland,Poland,1998-06-04 00:00:00,Right-Back,Defender,right,182.0,238,KKS Lech Poznań Spółka Akcyjna,800000.0,5000000.0,6.0,0.0
353892,Hiroki,Ito,Hiroki Ito,Japan,Japan,1999-05-12 00:00:00,Centre-Back,Defender,left,188.0,27,FC Bayern München,18000000.0,30000000.0,21.0,1.0
353948,Lucas,Tousart,Lucas Tousart,France,France,1997-04-29 00:00:00,Central Midfield,Midfield,right,184.0,3911,Stade brestois 29,2000000.0,25000000.0,1.0,0.0
355369,,Jordan,Jordan,United States,United States,1996-04-26 00:00:00,Centre-Forward,Attack,right,191.0,7179,Clube Desportivo de Tondela,2000000.0,10000000.0,9.0,1.0
355816,Ko,Itakura,Ko Itakura,Japan,Japan,1997-01-27 00:00:00,Centre-Back,Defender,right,188.0,610,AFC Ajax Amsterdam,10000000.0,15000000.0,39.0,2.0
355861,Arnaut,Danjuma,Arnaut Danjuma,Nigeria,Netherlands,1997-01-31 00:00:00,Left Winger,Attack,right,178.0,1049,Valencia Club de Fútbol S. A. D.,4000000.0,50000000.0,6.0,2.0
357003,Martin,Erlić,Martin Erlić,Croatia,Croatia,1998-01-24 00:00:00,Centre-Back,Defender,right,193.0,865,Fodbold Club Midtjylland,4000000.0,5500000.0,11.0,1.0
357119,Ibrahima,Konaté,Ibrahima Konaté,France,France,1999-05-25 00:00:00,Centre-Back,Defender,right,194.0,31,Liverpool Football Club,50000000.0,60000000.0,27.0,0.0
357156,Diogo,Leite,Diogo Leite,Portugal,Portugal,1999-01-23 00:00:00,Centre-Back,Defender,left,190.0,89,1. Fußballclub Union Berlin,12000000.0,17000000.0,0.0,0.0
357162,,Florentino,Florentino,Angola,Portugal,1999-08-19 00:00:00,Defensive Midfield,Midfield,right,184.0,1132,Burnley Football Club,20000000.0,22000000.0,12.0,0.0
357164,Rafael,Leão,Rafael Leão,Portugal,Portugal,1999-06-10 00:00:00,Left Winger,Attack,right,188.0,5,Associazione Calcio Milan,65000000.0,90000000.0,43.0,5.0
357233,Leandro,Barreiro,Leandro Barreiro,Luxembourg,Luxembourg,2000-01-03 00:00:00,Central Midfield,Midfield,right,174.0,294,Sport Lisboa e Benfica,15000000.0,17000000.0,72.0,2.0
357498,Dušan,Vlahović,Dušan Vlahović,Yugoslavia (Republic),Serbia,2000-01-28 00:00:00,Centre-Forward,Attack,left,190.0,506,Juventus Football Club,35000000.0,85000000.0,41.0,16.0
357565,,Rodri,Rodri,Spain,Spain,1996-06-22 00:00:00,Defensive Midfield,Midfield,right,191.0,281,Manchester City Football Club,65000000.0,130000000.0,59.0,4.0
357662,Declan,Rice,Declan Rice,England,England,1999-01-14 00:00:00,Central Midfield,Midfield,right,188.0,11,Arsenal Football Club,120000000.0,120000000.0,72.0,6.0
357778,Sandro,Kulenović,Sandro Kulenović,Croatia,Croatia,1999-12-04 00:00:00,Centre-Forward,Attack,right,191.0,416,Torino Calcio,4000000.0,4000000.0,16.0,6.0
357992,Raoul,Bellanova,Raoul Bellanova,Italy,Italy,2000-05-17 00:00:00,Right Midfield,Midfield,right,188.0,800,Atalanta Bergamasca Calcio S.p.a.,18000000.0,24000000.0,6.0,0.0
358504,Ritsu,Doan,Ritsu Doan,Japan,Japan,1998-06-16 00:00:00,Right Winger,Attack,left,172.0,24,Eintracht Frankfurt Fußball AG,20000000.0,25000000.0,62.0,11.0
360518,Teun,Koopmeiners,Teun Koopmeiners,Netherlands,Netherlands,1998-02-28 00:00:00,Attacking Midfield,Midfield,left,184.0,506,Juventus Football Club,20000000.0,55000000.0,26.0,3.0
361065,Mitchel,Bakker,Mitchel Bakker,Netherlands,Netherlands,2000-06-20 00:00:00,Left Midfield,Midfield,left,189.0,800,Atalanta Bergamasca Calcio S.p.a.,4000000.0,14000000.0,21.0,0.0
361575,Tymoteusz,Puchacz,Tymoteusz Puchacz,Poland,Poland,1999-01-23 00:00:00,Left-Back,Defender,left,183.0,269,Holstein Kiel,1500000.0,4000000.0,15.0,0.0
362108,Gabriel,Gudmundsson,Gabriel Gudmundsson,Sweden,Sweden,1999-04-29 00:00:00,Left-Back,Defender,left,180.0,399,Leeds United Association Football Club,20000000.0,20000000.0,22.0,0.0
362562,Greg,Taylor,Greg Taylor,Scotland,Scotland,1997-11-05 00:00:00,Left-Back,Defender,left,171.0,1091,Panthessalonikios Athlitikos Omilos Konstantinoupoliton,5000000.0,7500000.0,14.0,0.0
362977,Josip,Juranovic,Josip Juranovic,Croatia,Croatia,1995-08-16 00:00:00,Right-Back,Defender,right,173.0,89,1. Fußballclub Union Berlin,2500000.0,12000000.0,40.0,0.0
363205,Gabriel,Jesus,Gabriel Jesus,Brazil,Brazil,1997-04-03 00:00:00,Centre-Forward,Attack,right,175.0,11,Arsenal Football Club,20000000.0,80000000.0,64.0,19.0
364245,Jordan,Teze,Jordan Teze,Netherlands,Netherlands,1999-09-30 00:00:00,Right-Back,Defender,right,183.0,162,Association sportive de Monaco Football Club,15000000.0,18000000.0,4.0,0.0
364258,,Bernardo,Bernardo,Brazil,Brazil,1995-05-14 00:00:00,Left-Back,Defender,left,186.0,533,Turn- und Sportgemeinschaft 1899 Hoffenheim Fußball-Spielbetriebs,5000000.0,9000000.0,,
365108,Dan,Ndoye,Dan Ndoye,Switzerland,Switzerland,2000-10-25 00:00:00,Right Winger,Attack,right,184.0,703,Nottingham Forest Football Club,35000000.0,40000000.0,28.0,5.0
365394,In-beom,Hwang,In-beom Hwang,"Korea, South","Korea, South",1996-09-20 00:00:00,Defensive Midfield,Midfield,both,177.0,234,Feyenoord Rotterdam,8000000.0,12000000.0,71.0,6.0
367284,Leo,Østigård,Leo Østigård,Norway,Norway,1999-11-28 00:00:00,Centre-Back,Defender,right,183.0,252,Genoa Cricket and Football Club,10000000.0,10000000.0,34.0,1.0
368482,Riccardo,Orsolini,Riccardo Orsolini,Italy,Italy,1997-01-24 00:00:00,Right Winger,Attack,left,186.0,1025,Bologna Football Club 1909,18000000.0,25000000.0,13.0,2.0
368887,Loïs,Openda,Loïs Openda,Belgium,Belgium,2000-02-16 00:00:00,Centre-Forward,Attack,right,177.0,506,Juventus Football Club,32000000.0,60000000.0,31.0,3.0
368891,Arthur,Theate,Arthur Theate,Belgium,Belgium,2000-05-25 00:00:00,Centre-Back,Defender,left,185.0,24,Eintracht Frankfurt Fußball AG,20000000.0,24000000.0,31.0,1.0
369081,Federico,Valverde,Federico Valverde,Uruguay,Uruguay,1998-07-22 00:00:00,Central Midfield,Midfield,right,182.0,418,Real Madrid Club de Fútbol,120000000.0,130000000.0,72.0,8.0
369674,Joakim,Maehle,Joakim Maehle,Denmark,Denmark,1997-05-20 00:00:00,Left-Back,Defender,right,185.0,82,Verein für Leibesübungen Wolfsburg,7000000.0,19000000.0,56.0,11.0
369684,Rasmus,Kristensen,Rasmus Kristensen,Denmark,Denmark,1997-07-11 00:00:00,Right-Back,Defender,right,187.0,24,Eintracht Frankfurt Fußball AG,12000000.0,15000000.0,32.0,2.0
370683,Andreas,Hanche-Olsen,Andreas Hanche-Olsen,Norway,Norway,1997-01-17 00:00:00,Centre-Back,Defender,right,185.0,39,1. Fußball- und Sportverein Mainz 05,4000000.0,9000000.0,22.0,0.0
370789,Julian,Ryerson,Julian Ryerson,Norway,Norway,1997-11-17 00:00:00,Right-Back,Defender,right,183.0,16,Borussia Dortmund,25000000.0,25000000.0,39.0,1.0
370846,Timothy,Weah,Timothy Weah,United States,United States,2000-02-22 00:00:00,Right Midfield,Midfield,right,183.0,244,Olympique de Marseille,20000000.0,20000000.0,47.0,7.0
370998,Bartol,Franjic,Bartol Franjic,Croatia,Croatia,2000-01-14 00:00:00,Left-Back,Defender,left,188.0,419,GNK Dinamo Zagreb,1400000.0,6500000.0,15.0,1.0
371141,Stanley,Nsoki,Stanley Nsoki,France,France,1999-04-09 00:00:00,Centre-Back,Defender,left,184.0,89,1. Fußballclub Union Berlin,2000000.0,12000000.0,1.0,0.0
371856,Vanja,Drkusic,Vanja Drkusic,Slovenia,Slovenia,1999-10-30 00:00:00,Centre-Back,Defender,right,186.0,964,AO FK Zenit Sankt-Peterburg,4000000.0,4000000.0,26.0,0.0
371998,,Vinicius Junior,Vinicius Junior,Brazil,Brazil,2000-07-12 00:00:00,Left Winger,Attack,right,176.0,418,Real Madrid Club de Fútbol,150000000.0,200000000.0,46.0,8.0
372267,Guus,Til,Guus Til,Zambia,Netherlands,1997-12-22 00:00:00,Attacking Midfield,Midfield,right,187.0,383,Eindhovense Voetbalvereniging Philips Sport Vereniging,15000000.0,15000000.0,6.0,1.0
372712,Ibrahima,Sissoko,Ibrahima Sissoko,France,Mali,1997-10-27 00:00:00,Defensive Midfield,Midfield,right,193.0,995,Football Club de Nantes,2500000.0,8000000.0,4.0,0.0
374212,Gijs,Smal,Gijs Smal,Netherlands,Netherlands,1997-08-31 00:00:00,Left-Back,Defender,left,183.0,234,Feyenoord Rotterdam,6000000.0,7000000.0,,
374954,Kristijan,Jakic,Kristijan Jakic,Croatia,Croatia,1997-05-14 00:00:00,Defensive Midfield,Midfield,right,184.0,167,Fußball-Club Augsburg 1907,6000000.0,9000000.0,16.0,2.0
377393,Pierre,Lees-Melou,Pierre Lees-Melou,France,France,1993-05-25 00:00:00,Defensive Midfield,Midfield,right,185.0,10004,Paris Football Club,5000000.0,10000000.0,,
377641,Moatasem,Al-Musrati,Moatasem Al-Musrati,Libya,Libya,1996-04-06 00:00:00,Defensive Midfield,Midfield,right,189.0,276,Verona Hellas Football Club,7000000.0,16000000.0,40.0,2.0
378293,Yangel,Herrera,Yangel Herrera,Venezuela,Venezuela,1998-01-07 00:00:00,Central Midfield,Midfield,right,184.0,681,Real Sociedad de Fútbol S.A.D.,9000000.0,25000000.0,42.0,3.0
379249,,Matheus Reis,Matheus Reis,Brazil,Brazil,1995-02-18 00:00:00,Left-Back,Defender,left,183.0,2410,PFK CSKA Moskva,3000000.0,8000000.0,,
382478,Cédric,Zesiger,Cédric Zesiger,Switzerland,Switzerland,1998-06-24 00:00:00,Centre-Back,Defender,left,194.0,167,Fußball-Club Augsburg 1907,5000000.0,7500000.0,6.0,0.0
382528,Kerem,Aktürkoğlu,Kerem Aktürkoğlu,Türkiye,Türkiye,1998-10-21 00:00:00,Left Winger,Attack,right,173.0,36,Fenerbahçe Spor Kulübü,22000000.0,25000000.0,50.0,14.0
384461,Jakub,Moder,Jakub Moder,Poland,Poland,1999-04-07 00:00:00,Central Midfield,Midfield,right,191.0,234,Feyenoord Rotterdam,10000000.0,12000000.0,36.0,2.0
384593,Alexis,Claude-Maurice,Alexis Claude-Maurice,France,France,1998-06-06 00:00:00,Attacking Midfield,Midfield,right,176.0,167,Fußball-Club Augsburg 1907,15000000.0,15000000.0,2.0,0.0
386047,Axel,Disasi,Axel Disasi,France,France,1998-03-11 00:00:00,Centre-Back,Defender,right,191.0,379,West Ham United Football Club,15000000.0,42000000.0,5.0,0.0
387047,Danilho,Doekhi,Danilho Doekhi,Netherlands,Netherlands,1998-06-30 00:00:00,Centre-Back,Defender,right,190.0,89,1. Fußballclub Union Berlin,13000000.0,17000000.0,5.0,0.0
387105,Luka,Ivanušec,Luka Ivanušec,Croatia,Croatia,1998-11-26 00:00:00,Attacking Midfield,Midfield,right,175.0,1091,Panthessalonikios Athlitikos Omilos Konstantinoupoliton,3000000.0,13500000.0,22.0,2.0
387106,Lovro,Majer,Lovro Majer,Croatia,Croatia,1998-01-17 00:00:00,Attacking Midfield,Midfield,left,178.0,82,Verein für Leibesübungen Wolfsburg,10000000.0,27000000.0,37.0,8.0
387626,Leon,Bailey,Leon Bailey,Jamaica,Jamaica,1997-08-09 00:00:00,Right Winger,Attack,left,178.0,405,Aston Villa Football Club,16000000.0,45000000.0,40.0,7.0
388171,Anthony,Ralston,Anthony Ralston,Scotland,Scotland,1998-11-16 00:00:00,Right-Back,Defender,right,178.0,371,The Celtic Football Club,1500000.0,2000000.0,24.0,1.0
388198,Nico,Schlotterbeck,Nico Schlotterbeck,Germany,Germany,1999-12-01 00:00:00,Centre-Back,Defender,left,191.0,16,Borussia Dortmund,55000000.0,55000000.0,24.0,0.0
388294,Omar,Traoré,Omar Traoré,Germany,Germany,1998-02-04 00:00:00,Right-Back,Defender,right,187.0,2036,1. Fußballclub Heidenheim 1846,2500000.0,4000000.0,,
388363,Maximilian,Bauer,Maximilian Bauer,Germany,Germany,2000-02-09 00:00:00,Centre-Back,Defender,right,189.0,167,Fußball-Club Augsburg 1907,1500000.0,3500000.0,7.0,0.0
388409,Philipp,Sander,Philipp Sander,Germany,Germany,1998-02-21 00:00:00,Central Midfield,Midfield,both,186.0,18,Borussia Verein für Leibesübungen 1900 Mönchengladbach,4000000.0,4000000.0,,
388516,Josep,Martínez,Josep Martínez,Spain,Spain,1998-05-27 00:00:00,Goalkeeper,Goalkeeper,right,191.0,46,Football Club Internazionale Milano S.p.A.,7500000.0,12000000.0,1.0,0.0
389253,Auston,Trusty,Auston Trusty,United States,United States,1998-08-12 00:00:00,Centre-Back,Defender,left,190.0,371,The Celtic Football Club,6000000.0,10000000.0,5.0,0.0
389837,Nicolò,Casale,Nicolò Casale,Italy,Italy,1998-02-14 00:00:00,Centre-Back,Defender,right,191.0,1025,Bologna Football Club 1909,5000000.0,22000000.0,0.0,0.0
390304,Federico,Ravaglia,Federico Ravaglia,Italy,Italy,1999-11-11 00:00:00,Goalkeeper,Goalkeeper,right,196.0,1025,Bologna Football Club 1909,2000000.0,2000000.0,,
390638,Arthur,Cabral,Arthur Cabral,Brazil,Brazil,1998-04-25 00:00:00,Centre-Forward,Attack,right,186.0,537,S. A. F. Botafogo,8000000.0,20000000.0,0.0,0.0
391004,Jonas,Wind,Jonas Wind,Denmark,Denmark,1999-02-07 00:00:00,Centre-Forward,Attack,right,190.0,82,Verein für Leibesübungen Wolfsburg,5000000.0,25000000.0,37.0,8.0
391005,Mads,Roerslev,Mads Roerslev,Denmark,Denmark,1999-06-24 00:00:00,Right-Back,Defender,right,184.0,180,Southampton FC,6000000.0,12000000.0,1.0,0.0
391742,Patric,Pfeiffer,Patric Pfeiffer,Germany,Ghana,1999-08-20 00:00:00,Centre-Back,Defender,right,196.0,452,Berner Sport Club Young Boys,2000000.0,3000000.0,0.0,0.0
391766,Marco,Grüll,Marco Grüll,Austria,Austria,1998-07-06 00:00:00,Left Winger,Attack,both,181.0,86,Sportverein Werder Bremen von 1899,6000000.0,6000000.0,8.0,0.0
391780,Derrick,Köhn,Derrick Köhn,Germany,Ghana,1999-02-04 00:00:00,Left-Back,Defender,left,180.0,89,1. Fußballclub Union Berlin,4000000.0,6000000.0,2.0,0.0
392085,Nicolò,Zaniolo,Nicolò Zaniolo,Italy,Italy,1999-07-02 00:00:00,Second Striker,Attack,left,190.0,410,Udinese Calcio,13000000.0,55000000.0,19.0,2.0
392163,Noah,Weißhaupt,Noah Weißhaupt,Germany,Germany,2001-09-20 00:00:00,Left Winger,Attack,right,182.0,35,Fußball-Club St. Pauli von 1910,5000000.0,7000000.0,6.0,0.0
392538,Tommaso,Pobega,Tommaso Pobega,Italy,Italy,1999-07-15 00:00:00,Central Midfield,Midfield,left,188.0,1025,Bologna Football Club 1909,9000000.0,18000000.0,3.0,0.0
392710,Lennard,Maloney,Lennard Maloney,Germany,United States,1999-10-08 00:00:00,Defensive Midfield,Midfield,right,188.0,39,1. Fußball- und Sportverein Mainz 05,2500000.0,5000000.0,2.0,0.0
392770,Angel,Gomes,Angel Gomes,England,England,2000-08-31 00:00:00,Attacking Midfield,Midfield,right,168.0,543,Wolverhampton Wanderers Football Club,12000000.0,28000000.0,4.0,0.0
393321,James,Sands,James Sands,United States,United States,2000-07-06 00:00:00,Defensive Midfield,Midfield,right,186.0,35,Fußball-Club St. Pauli von 1910,5000000.0,5000000.0,14.0,0.0
393512,Felix,Agu,Felix Agu,Germany,Nigeria,1999-09-27 00:00:00,Left-Back,Defender,right,180.0,86,Sportverein Werder Bremen von 1899,6000000.0,8000000.0,1.0,0.0
393565,Michal,Skoras,Michal Skoras,Poland,Poland,2000-02-15 00:00:00,Left Winger,Attack,right,172.0,157,Koninklijke Atletiek Associatie Gent,4000000.0,6000000.0,14.0,0.0
394033,Stefan,Schimmer,Stefan Schimmer,Germany,Germany,1994-04-28 00:00:00,Centre-Forward,Attack,right,185.0,2036,1. Fußballclub Heidenheim 1846,500000.0,500000.0,,
394152,Emanuel,Aiwu,Emanuel Aiwu,Austria,Austria,2000-12-25 00:00:00,Centre-Back,Defender,right,187.0,122,Sportklub Puntigamer Sturm Graz,1200000.0,3500000.0,13.0,2.0
394236,Filip,Ugrinic,Filip Ugrinic,Switzerland,Switzerland,1999-01-05 00:00:00,Central Midfield,Midfield,right,184.0,1049,Valencia Club de Fútbol S. A. D.,6000000.0,7000000.0,4.0,0.0
394300,Davide,Frattesi,Davide Frattesi,Italy,Italy,1999-09-22 00:00:00,Central Midfield,Midfield,right,178.0,46,Football Club Internazionale Milano S.p.A.,22000000.0,35000000.0,33.0,8.0
394327,Boubacar,Kamara,Boubacar Kamara,France,France,1999-11-23 00:00:00,Defensive Midfield,Midfield,right,184.0,405,Aston Villa Football Club,40000000.0,40000000.0,5.0,0.0
395421,Peter,Vindahl,Peter Vindahl,Denmark,Denmark,1998-02-16 00:00:00,Goalkeeper,Goalkeeper,right,195.0,197,"AC Sparta Praha, a. s.",2500000.0,4500000.0,0.0,0.0
395522,Samuel,Essende,Samuel Essende,France,DR Congo,1998-01-23 00:00:00,Centre-Forward,Attack,right,193.0,452,Berner Sport Club Young Boys,3000000.0,4500000.0,11.0,1.0
396394,Valeriy,Bondar,Valeriy Bondar,Ukraine,Ukraine,1999-02-27 00:00:00,Centre-Back,Defender,right,185.0,660,FC Shakhtar Donetsk,8000000.0,8000000.0,7.0,0.0
398073,Achraf,Hakimi,Achraf Hakimi,Spain,Morocco,1998-11-04 00:00:00,Right-Back,Defender,right,181.0,583,Paris Saint-Germain Football Club,80000000.0,80000000.0,93.0,11.0
398184,Ferran,Torres,Ferran Torres,Spain,Spain,2000-02-29 00:00:00,Centre-Forward,Attack,right,182.0,131,Futbol Club Barcelona,50000000.0,50000000.0,53.0,23.0
399776,Pau,Torres,Pau Torres,Spain,Spain,1997-01-16 00:00:00,Centre-Back,Defender,left,192.0,405,Aston Villa Football Club,22000000.0,50000000.0,24.0,1.0
400131,Siebe,Van der Heyden,Siebe Van der Heyden,Belgium,Belgium,1998-05-30 00:00:00,Centre-Back,Defender,left,185.0,157,Koninklijke Atletiek Associatie Gent,3000000.0,4000000.0,1.0,0.0
400489,Eljif,Elmas,Eljif Elmas,Macedonia,North Macedonia,1999-09-24 00:00:00,Attacking Midfield,Midfield,right,184.0,6195,Società Sportiva Calcio Napoli,14000000.0,26000000.0,76.0,13.0
400546,Nikolas,Nartey,Nikolas Nartey,Denmark,Denmark,2000-02-22 00:00:00,Central Midfield,Midfield,left,186.0,79,Verein für Bewegungsspiele Stuttgart 1893,7000000.0,7000000.0,1.0,0.0
401530,Éder,Militão,Éder Militão,Brazil,Brazil,1998-01-18 00:00:00,Centre-Back,Defender,right,186.0,418,Real Madrid Club de Fútbol,25000000.0,70000000.0,38.0,2.0
401578,Exequiel,Palacios,Exequiel Palacios,Argentina,Argentina,1998-10-05 00:00:00,Central Midfield,Midfield,right,178.0,15,Bayer 04 Leverkusen Fußball,30000000.0,45000000.0,37.0,0.0
401598,Lukasz,Lakomy,Lukasz Lakomy,Poland,Poland,2001-01-18 00:00:00,Defensive Midfield,Midfield,left,183.0,2727,Oud-Heverlee Leuven,3000000.0,4000000.0,2.0,0.0
401922,Samuel,Chukwueze,Samuel Chukwueze,Nigeria,Nigeria,1999-05-22 00:00:00,Right Winger,Attack,left,172.0,931,Fulham Football Club,15000000.0,30000000.0,57.0,7.0
402008,Amadou,Haidara,Amadou Haidara,Mali,Mali,1998-01-31 00:00:00,Central Midfield,Midfield,right,178.0,826,Racing Club de Lens,6000000.0,24000000.0,50.0,2.0
403290,Dario,Špikić,Dario Špikić,Croatia,Croatia,1999-03-22 00:00:00,Right Winger,Attack,right,183.0,2425,Rio Ave Futebol Clube,1000000.0,3500000.0,10.0,2.0
404260,Aleksa,Terzic,Aleksa Terzic,Yugoslavia (Republic),Serbia,1999-08-17 00:00:00,Left-Back,Defender,left,184.0,409,Fußballclub Red Bull Salzburg,3000000.0,4000000.0,13.0,1.0
404418,Dávid,Hancko,Dávid Hancko,Slovakia,Slovakia,1997-12-13 00:00:00,Centre-Back,Defender,left,188.0,13,Club Atlético de Madrid S.A.D.,35000000.0,35000000.0,58.0,7.0
404839,Andriy,Lunin,Andriy Lunin,Ukraine,Ukraine,1999-02-11 00:00:00,Goalkeeper,Goalkeeper,right,191.0,418,Real Madrid Club de Fútbol,15000000.0,25000000.0,16.0,0.0
404950,Nicolas,Seiwald,Nicolas Seiwald,Austria,Austria,2001-05-04 00:00:00,Defensive Midfield,Midfield,right,180.0,23826,RasenBallsport Leipzig,22000000.0,22000000.0,45.0,1.0
405687,Tom,Krauß,Tom Krauß,Germany,Germany,2001-06-22 00:00:00,Defensive Midfield,Midfield,right,182.0,3,1. Fußball-Club Köln,4500000.0,7000000.0,14.0,3.0
406040,Ademola,Lookman,Ademola Lookman,England,Nigeria,1997-10-20 00:00:00,Second Striker,Attack,right,174.0,13,Club Atlético de Madrid S.A.D.,40000000.0,60000000.0,41.0,11.0
406625,Lautaro,Martínez,Lautaro Martínez,Argentina,Argentina,1997-08-22 00:00:00,Centre-Forward,Attack,right,174.0,46,Football Club Internazionale Milano S.p.A.,85000000.0,110000000.0,75.0,36.0
406635,Phil,Foden,Phil Foden,England,England,2000-05-28 00:00:00,Attacking Midfield,Midfield,left,171.0,281,Manchester City Football Club,80000000.0,150000000.0,47.0,4.0
406640,Felix,Nmecha,Felix Nmecha,Germany,Germany,2000-10-10 00:00:00,Central Midfield,Midfield,right,190.0,16,Borussia Dortmund,50000000.0,50000000.0,6.0,1.0
406973,Moritz,Broschinski,Moritz Broschinski,Germany,Germany,2000-09-23 00:00:00,Centre-Forward,Attack,right,190.0,26,FC Basel 1893 AG,1000000.0,3000000.0,1.0,0.0
407098,Jakub,Kaminski,Jakub Kaminski,Poland,Poland,2002-06-05 00:00:00,Left Winger,Attack,right,179.0,3,1. Fußball-Club Köln,12000000.0,12000000.0,28.0,3.0
408574,Joey,Veerman,Joey Veerman,Netherlands,Netherlands,1998-11-19 00:00:00,Central Midfield,Midfield,right,185.0,383,Eindhovense Voetbalvereniging Philips Sport Vereniging,27000000.0,40000000.0,16.0,1.0
409344,Calvin,Stengs,Calvin Stengs,Netherlands,Netherlands,1998-12-18 00:00:00,Attacking Midfield,Midfield,left,187.0,4172,Pisa Sporting Club,6000000.0,20000000.0,8.0,3.0
409517,Yorbe,Vertessen,Yorbe Vertessen,Belgium,Belgium,2001-01-08 00:00:00,Centre-Forward,Attack,right,174.0,409,Fußballclub Red Bull Salzburg,6000000.0,6000000.0,12.0,4.0
411295,,Raphinha,Raphinha,Brazil,Brazil,1996-12-14 00:00:00,Left Winger,Attack,left,176.0,131,Futbol Club Barcelona,80000000.0,90000000.0,37.0,11.0
411975,Jules,Koundé,Jules Koundé,France,France,1998-11-12 00:00:00,Right-Back,Defender,right,180.0,131,Futbol Club Barcelona,65000000.0,65000000.0,46.0,0.0
412363,,Rodrygo,Rodrygo,Brazil,Brazil,2001-01-09 00:00:00,Right Winger,Attack,right,174.0,418,Real Madrid Club de Fútbol,50000000.0,110000000.0,37.0,9.0
412669,Francisco,Trincão,Francisco Trincão,Portugal,Portugal,1999-12-29 00:00:00,Attacking Midfield,Midfield,left,184.0,336,Sporting Clube de Portugal,35000000.0,35000000.0,15.0,2.0
412932,Myron,Boadu,Myron Boadu,Netherlands,Netherlands,2001-01-14 00:00:00,Centre-Forward,Attack,right,183.0,383,Eindhovense Voetbalvereniging Philips Sport Vereniging,5000000.0,20000000.0,1.0,1.0
413112,Aurélien,Tchouaméni,Aurélien Tchouaméni,France,France,2000-01-27 00:00:00,Defensive Midfield,Midfield,right,188.0,418,Real Madrid Club de Fútbol,75000000.0,100000000.0,44.0,3.0
413403,Ezri,Konsa,Ezri Konsa,England,England,1997-10-23 00:00:00,Centre-Back,Defender,right,183.0,405,Aston Villa Football Club,40000000.0,40000000.0,17.0,1.0
413565,Jhon,Lucumí,Jhon Lucumí,Colombia,Colombia,1998-06-26 00:00:00,Centre-Back,Defender,left,187.0,1025,Bologna Football Club 1909,25000000.0,25000000.0,35.0,1.0
413843,Keven,Schlotterbeck,Keven Schlotterbeck,Germany,Germany,1997-04-28 00:00:00,Centre-Back,Defender,left,188.0,167,Fußball-Club Augsburg 1907,6000000.0,7500000.0,3.0,0.0
416660,Ramiz,Zerrouki,Ramiz Zerrouki,Netherlands,Algeria,1998-05-26 00:00:00,Defensive Midfield,Midfield,right,183.0,317,Football Club Twente,6000000.0,10000000.0,50.0,3.0
417228,Danylo,Sikan,Danylo Sikan,Ukraine,Ukraine,2001-04-16 00:00:00,Centre-Forward,Attack,right,187.0,58,Royal Sporting Club Anderlecht,5000000.0,7000000.0,7.0,1.0
418560,Erling,Haaland,Erling Haaland,England,Norway,2000-07-21 00:00:00,Centre-Forward,Attack,left,195.0,281,Manchester City Football Club,200000000.0,200000000.0,48.0,55.0
418567,Markus,Solbakken,Markus Solbakken,Norway,Norway,2000-07-25 00:00:00,Central Midfield,Midfield,right,182.0,678,Aarhus Gymnastik Forening,2200000.0,2500000.0,1.0,0.0
419648,Veljko,Birmancevic,Veljko Birmancevic,Yugoslavia (Republic),Serbia,1998-03-05 00:00:00,Left Winger,Attack,right,179.0,3709,Getafe Club de Fútbol S. A. D. Team Dubai,4500000.0,9000000.0,13.0,0.0
419723,Elias,Cobbaut,Elias Cobbaut,Belgium,Belgium,1997-11-24 00:00:00,Centre-Back,Defender,left,188.0,197,"AC Sparta Praha, a. s.",600000.0,3500000.0,1.0,0.0
420064,,Caio Henrique,Caio Henrique,Brazil,Brazil,1997-07-31 00:00:00,Left-Back,Defender,left,178.0,162,Association sportive de Monaco Football Club,15000000.0,20000000.0,5.0,0.0
420210,Lutsharel,Geertruida,Lutsharel Geertruida,Netherlands,Netherlands,2000-07-18 00:00:00,Right-Back,Defender,right,184.0,289,Sunderland Association Football Club,20000000.0,35000000.0,19.0,0.0
420213,Quinten,Timber,Quinten Timber,Netherlands,Netherlands,2001-06-17 00:00:00,Central Midfield,Midfield,right,179.0,244,Olympique de Marseille,25000000.0,35000000.0,8.0,1.0
420243,Jurriën,Timber,Jurriën Timber,Netherlands,Netherlands,2001-06-17 00:00:00,Right-Back,Defender,right,179.0,11,Arsenal Football Club,70000000.0,70000000.0,23.0,0.0
420890,Dimitri,Lavalée,Dimitri Lavalée,Belgium,Belgium,1997-01-13 00:00:00,Centre-Back,Defender,left,187.0,122,Sportklub Puntigamer Sturm Graz,2000000.0,4000000.0,,
420931,Daizen,Maeda,Daizen Maeda,Japan,Japan,1997-10-20 00:00:00,Left Winger,Attack,right,173.0,371,The Celtic Football Club,12000000.0,15000000.0,26.0,4.0
421637,Frank,Onyeka,Frank Onyeka,Nigeria,Nigeria,1998-01-01 00:00:00,Central Midfield,Midfield,right,183.0,990,,7000000.0,10000000.0,41.0,3.0
423678,Meschack,Elia,Meschack Elia,DR Congo,DR Congo,1997-08-06 00:00:00,Attacking Midfield,Midfield,right,173.0,11282,Alanyaspor,2000000.0,8000000.0,64.0,12.0
424042,Nahuel,Molina,Nahuel Molina,Argentina,Argentina,1998-04-06 00:00:00,Right-Back,Defender,right,175.0,13,Club Atlético de Madrid S.A.D.,15000000.0,50000000.0,56.0,1.0
424072,Mathias,Pereira Lage,Mathias Pereira Lage,France,Portugal,1996-11-30 00:00:00,Left Winger,Attack,right,180.0,35,Fußball-Club St. Pauli von 1910,3500000.0,3500000.0,3.0,0.0
424204,Alphonso,Davies,Alphonso Davies,Ghana,Canada,2000-11-02 00:00:00,Left-Back,Defender,left,185.0,27,FC Bayern München,45000000.0,80000000.0,58.0,15.0
425334,Matty,Cash,Matty Cash,England,Poland,1997-08-07 00:00:00,Right-Back,Defender,right,185.0,405,Aston Villa Football Club,22000000.0,28000000.0,24.0,4.0
425918,Jakub,Kiwior,Jakub Kiwior,Poland,Poland,2000-02-15 00:00:00,Centre-Back,Defender,left,189.0,720,Futebol Clube do Porto,27000000.0,30000000.0,42.0,2.0
426620,Pedro,Gonçalves,Pedro Gonçalves,Portugal,Portugal,1998-06-28 00:00:00,Left Winger,Attack,right,173.0,336,Sporting Clube de Portugal,28000000.0,38000000.0,4.0,0.0
428563,Lewis,Ferguson,Lewis Ferguson,Scotland,Scotland,1999-08-24 00:00:00,Central Midfield,Midfield,right,181.0,1025,Bologna Football Club 1909,18000000.0,28000000.0,21.0,1.0
429790,Luka,Ilic,Luka Ilic,Yugoslavia (Republic),Serbia,1999-07-02 00:00:00,Attacking Midfield,Midfield,left,185.0,2497,Real Oviedo S.A.D.,1800000.0,2500000.0,1.0,1.0
429874,Ansgar,Knauff,Ansgar Knauff,Germany,Germany,2002-01-10 00:00:00,Right Winger,Attack,right,180.0,24,Eintracht Frankfurt Fußball AG,15000000.0,15000000.0,30.0,4.0
429915,Maxim,De Cuyper,Maxim De Cuyper,Belgium,Belgium,2000-12-22 00:00:00,Left-Back,Defender,left,182.0,1237,Brighton and Hove Albion Football Club,22000000.0,22000000.0,15.0,4.0
432090,Nicolò,Fagioli,Nicolò Fagioli,Italy,Italy,2001-02-12 00:00:00,Central Midfield,Midfield,right,178.0,430,Associazione Calcio Fiorentina,16000000.0,35000000.0,7.0,0.0
432671,Luca,Philipp,Luca Philipp,Germany,Germany,2000-11-28 00:00:00,Goalkeeper,Goalkeeper,right,192.0,533,Turn- und Sportgemeinschaft 1899 Hoffenheim Fußball-Spielbetriebs,750000.0,750000.0,4.0,0.0
432982,Andreas,Skov Olsen,Andreas Skov Olsen,Denmark,Denmark,1999-12-29 00:00:00,Right Winger,Attack,left,187.0,124,Rangers Football Club,8000000.0,20000000.0,40.0,8.0
433177,Bukayo,Saka,Bukayo Saka,England,England,2001-09-05 00:00:00,Right Winger,Attack,left,178.0,11,Arsenal Football Club,120000000.0,150000000.0,48.0,14.0
433188,Curtis,Jones,Curtis Jones,England,England,2001-01-30 00:00:00,Central Midfield,Midfield,right,185.0,31,Liverpool Football Club,35000000.0,50000000.0,6.0,1.0
433984,Sam,Beukema,Sam Beukema,Netherlands,Netherlands,1998-11-17 00:00:00,Centre-Back,Defender,right,188.0,6195,Società Sportiva Calcio Napoli,25000000.0,28000000.0,,
434116,Alexander,Prass,Alexander Prass,Austria,Austria,2001-05-26 00:00:00,Left Midfield,Midfield,left,182.0,533,Turn- und Sportgemeinschaft 1899 Hoffenheim Fußball-Spielbetriebs,7000000.0,12000000.0,17.0,0.0
434223,Adam,Idah,Adam Idah,Ireland,Ireland,2001-02-11 00:00:00,Centre-Forward,Attack,right,190.0,2288,Swansea City,7000000.0,7000000.0,37.0,6.0
434675,Cody,Gakpo,Cody Gakpo,Netherlands,Netherlands,1999-05-07 00:00:00,Left Winger,Attack,right,193.0,31,Liverpool Football Club,65000000.0,70000000.0,46.0,19.0
435338,,Gabriel,Gabriel,Brazil,Brazil,1997-12-19 00:00:00,Centre-Back,Defender,left,190.0,11,Arsenal Football Club,75000000.0,75000000.0,17.0,1.0
435772,Charles,De Ketelaere,Charles De Ketelaere,Belgium,Belgium,2001-03-10 00:00:00,Attacking Midfield,Midfield,left,192.0,800,Atalanta Bergamasca Calcio S.p.a.,35000000.0,38000000.0,26.0,4.0
435796,Kilian,Fischer,Kilian Fischer,Germany,Germany,2000-10-12 00:00:00,Right-Back,Defender,both,182.0,82,Verein für Leibesübungen Wolfsburg,5000000.0,7500000.0,7.0,0.0
436064,Ramon,Hendriks,Ramon Hendriks,Netherlands,Netherlands,2001-07-18 00:00:00,Centre-Back,Defender,left,189.0,79,Verein für Bewegungsspiele Stuttgart 1893,20000000.0,20000000.0,7.0,0.0
439497,Liam,Scales,Liam Scales,Ireland,Ireland,1998-08-08 00:00:00,Centre-Back,Defender,left,187.0,371,The Celtic Football Club,5000000.0,5000000.0,13.0,1.0
441986,Yann,Bisseck,Yann Bisseck,Germany,Germany,2000-11-29 00:00:00,Centre-Back,Defender,right,196.0,46,Football Club Internazionale Milano S.p.A.,40000000.0,40000000.0,1.0,0.0
442891,Martin,Terrier,Martin Terrier,France,France,1997-03-04 00:00:00,Left Winger,Attack,right,184.0,15,Bayer 04 Leverkusen Fußball,12000000.0,35000000.0,13.0,7.0
443331,Patrick,Osterhage,Patrick Osterhage,Germany,Germany,2000-02-01 00:00:00,Defensive Midfield,Midfield,left,186.0,60,Sport-Club Freiburg,12000000.0,12000000.0,4.0,0.0
443710,Angelo,Stiller,Angelo Stiller,Germany,Germany,2001-04-04 00:00:00,Defensive Midfield,Midfield,left,183.0,79,Verein für Bewegungsspiele Stuttgart 1893,45000000.0,45000000.0,6.0,0.0
445939,Omar,Marmoush,Omar Marmoush,Egypt,Egypt,1999-02-07 00:00:00,Centre-Forward,Attack,right,183.0,281,Manchester City Football Club,60000000.0,75000000.0,46.0,10.0
447661,,Douglas Luiz,Douglas Luiz,Brazil,Brazil,1998-05-09 00:00:00,Central Midfield,Midfield,right,177.0,405,Aston Villa Football Club,20000000.0,70000000.0,18.0,0.0
448258,Josha,Vagnoman,Josha Vagnoman,Germany,Germany,2000-12-11 00:00:00,Right-Back,Defender,right,190.0,79,Verein für Bewegungsspiele Stuttgart 1893,10000000.0,12000000.0,2.0,0.0
448628,Javi,Galán,Javi Galán,Spain,Spain,1994-11-19 00:00:00,Left-Back,Defender,left,172.0,331,Club Atlético Osasuna,2000000.0,12000000.0,,
450241,Angelo,Preciado,Angelo Preciado,Ecuador,Ecuador,1998-02-18 00:00:00,Right-Back,Defender,right,173.0,330,Clube Atlético Mineiro,3800000.0,5000000.0,52.0,0.0
451276,Dominik,Szoboszlai,Dominik Szoboszlai,Hungary,Hungary,2000-10-25 00:00:00,Attacking Midfield,Midfield,right,187.0,31,Liverpool Football Club,100000000.0,100000000.0,61.0,17.0
451677,Christos,Tzolis,Christos Tzolis,Greece,Greece,2002-01-30 00:00:00,Left Winger,Attack,right,179.0,2282,Club Brugge Koninklijke Voetbalvereniging,30000000.0,30000000.0,30.0,9.0
451906,David,Nemeth,David Nemeth,Austria,Austria,2001-03-18 00:00:00,Centre-Back,Defender,both,191.0,35,Fußball-Club St. Pauli von 1910,3000000.0,4000000.0,0.0,0.0
452068,Ayman,Azhil,Ayman Azhil,Germany,Morocco,2001-04-10 00:00:00,Defensive Midfield,Midfield,right,175.0,16,Borussia Dortmund,400000.0,700000.0,0.0,0.0
452477,Junior,Adamu,Junior Adamu,Nigeria,Austria,2001-06-06 00:00:00,Centre-Forward,Attack,right,183.0,371,The Celtic Football Club,4000000.0,8000000.0,9.0,0.0
452607,Alexander,Bah,Alexander Bah,Denmark,Denmark,1997-12-09 00:00:00,Right-Back,Defender,right,183.0,294,Sport Lisboa e Benfica,9000000.0,14000000.0,21.0,1.0
453016,Anthony,Caci,Anthony Caci,France,France,1997-07-01 00:00:00,Right-Back,Defender,both,184.0,39,1. Fußball- und Sportverein Mainz 05,8000000.0,12000000.0,1.0,0.0
453742,Ben,Voll,Ben Voll,Germany,Germany,2000-12-09 00:00:00,Goalkeeper,Goalkeeper,both,195.0,35,Fußball-Club St. Pauli von 1910,500000.0,500000.0,,
453870,Benedict,Hollerbach,Benedict Hollerbach,Germany,Germany,2001-05-17 00:00:00,Centre-Forward,Attack,both,181.0,39,1. Fußball- und Sportverein Mainz 05,8000000.0,12000000.0,2.0,1.0
454567,Orkun,Kökçü,Orkun Kökçü,Netherlands,Türkiye,2000-12-29 00:00:00,Central Midfield,Midfield,both,175.0,114,Beşiktaş Jimnastik Kulübü,25000000.0,35000000.0,47.0,3.0
454863,András,Schäfer,András Schäfer,Hungary,Hungary,1999-04-13 00:00:00,Central Midfield,Midfield,right,178.0,89,1. Fußballclub Union Berlin,4500000.0,5000000.0,41.0,4.0
455661,Nick,Woltemade,Nick Woltemade,Germany,Germany,2002-02-14 00:00:00,Centre-Forward,Attack,right,198.0,762,Newcastle United Football Club,65000000.0,70000000.0,9.0,4.0
458367,Arbër,Hoxha,Arbër Hoxha,Germany,Albania,1998-10-06 00:00:00,Left Winger,Attack,right,185.0,419,GNK Dinamo Zagreb,2500000.0,2500000.0,22.0,2.0
459128,Marco,Brescianini,Marco Brescianini,Italy,Italy,2000-01-20 00:00:00,Central Midfield,Midfield,left,188.0,430,Associazione Calcio Fiorentina,9000000.0,9000000.0,2.0,0.0
459658,Andrea,Cambiaso,Andrea Cambiaso,Italy,Italy,2000-02-20 00:00:00,Left-Back,Defender,both,182.0,506,Juventus Football Club,30000000.0,40000000.0,19.0,3.0
459763,Marco,Carnesecchi,Marco Carnesecchi,Italy,Italy,2000-07-01 00:00:00,Goalkeeper,Goalkeeper,right,191.0,800,Atalanta Bergamasca Calcio S.p.a.,25000000.0,25000000.0,0.0,0.0
460245,Moritz,Jenz,Moritz Jenz,Germany,Germany,1999-04-30 00:00:00,Centre-Back,Defender,right,190.0,82,Verein für Leibesübungen Wolfsburg,5000000.0,7500000.0,,
460939,Tijjani,Reijnders,Tijjani Reijnders,Netherlands,Netherlands,1998-07-29 00:00:00,Central Midfield,Midfield,right,185.0,281,Manchester City Football Club,60000000.0,70000000.0,29.0,6.0
461496,Morten,Hjulmand,Morten Hjulmand,Denmark,Denmark,1999-06-25 00:00:00,Defensive Midfield,Midfield,right,185.0,336,Sporting Clube de Portugal,45000000.0,50000000.0,26.0,1.0
461617,Rodrigo,Riquelme,Rodrigo Riquelme,Spain,Spain,2000-04-02 00:00:00,Left Winger,Attack,right,174.0,150,Real Betis Balompié S.A.D.,6000000.0,25000000.0,2.0,0.0
461943,Daniel,Bragança,Daniel Bragança,Portugal,Portugal,1999-05-27 00:00:00,Central Midfield,Midfield,left,178.0,336,Sporting Clube de Portugal,10000000.0,14000000.0,13.0,0.0
462250,João,Félix,João Félix,Portugal,Portugal,1999-11-10 00:00:00,Second Striker,Attack,right,181.0,18544,Al-Nassr Football Club,25000000.0,100000000.0,50.0,11.0
463600,Lucas,Chevalier,Lucas Chevalier,France,France,2001-11-06 00:00:00,Goalkeeper,Goalkeeper,right,189.0,583,Paris Saint-Germain Football Club,30000000.0,40000000.0,1.0,0.0
463605,Bafodé,Diakité,Bafodé Diakité,France,France,2001-01-06 00:00:00,Centre-Back,Defender,right,184.0,989,Association Football Club Bournemouth,30000000.0,35000000.0,2.0,0.0
463618,Khéphren,Thuram,Khéphren Thuram,Italy,France,2001-03-26 00:00:00,Central Midfield,Midfield,right,192.0,506,Juventus Football Club,40000000.0,40000000.0,4.0,0.0
464333,Ivan,Nekic,Ivan Nekic,Croatia,Croatia,2000-12-24 00:00:00,Centre-Back,Defender,right,185.0,599,NK Varazdin,700000.0,800000.0,8.0,0.0
466794,Eric,García,Eric García,Spain,Spain,2001-01-09 00:00:00,Centre-Back,Defender,right,182.0,131,Futbol Club Barcelona,35000000.0,35000000.0,19.0,0.0
466805,Nico,González,Nico González,Spain,Spain,2002-01-03 00:00:00,Defensive Midfield,Midfield,right,188.0,281,Manchester City Football Club,45000000.0,45000000.0,11.0,0.0
466810,Ansu,Fati,Ansu Fati,Guinea-Bissau,Spain,2002-10-31 00:00:00,Left Winger,Attack,right,178.0,162,Association sportive de Monaco Football Club,15000000.0,80000000.0,10.0,2.0
467250,Yukhym,Konoplya,Yukhym Konoplya,Ukraine,Ukraine,1999-08-26 00:00:00,Right-Back,Defender,right,180.0,660,FC Shakhtar Donetsk,5000000.0,7000000.0,26.0,2.0
467434,Rocco,Reitz,Rocco Reitz,Germany,Germany,2002-05-29 00:00:00,Central Midfield,Midfield,right,176.0,18,Borussia Verein für Leibesübungen 1900 Mönchengladbach,20000000.0,20000000.0,17.0,2.0
467437,Malik,Tillman,Malik Tillman,Germany,United States,2002-05-28 00:00:00,Attacking Midfield,Midfield,right,187.0,15,Bayer 04 Leverkusen Fußball,30000000.0,35000000.0,26.0,3.0
468264,Luke,McCowan,Luke McCowan,Scotland,Scotland,1997-12-09 00:00:00,Central Midfield,Midfield,left,177.0,371,The Celtic Football Club,2000000.0,2500000.0,,
468539,Daniel,Peretz,Daniel Peretz,Israel,Israel,2000-07-10 00:00:00,Goalkeeper,Goalkeeper,right,190.0,180,Southampton FC,2000000.0,5000000.0,10.0,0.0
469709,David,Zec,David Zec,Slovenia,Slovenia,2000-01-05 00:00:00,Centre-Back,Defender,right,190.0,269,Holstein Kiel,2500000.0,2500000.0,2.0,0.0
471055,Marvin,Pieringer,Marvin Pieringer,Germany,Germany,1999-10-04 00:00:00,Centre-Forward,Attack,right,191.0,2036,1. Fußballclub Heidenheim 1846,4000000.0,5500000.0,,
471890,Max,Geschwill,Max Geschwill,Germany,Germany,2001-07-07 00:00:00,Centre-Back,Defender,left,185.0,269,Holstein Kiel,1200000.0,1500000.0,,
474662,Hugo,Magnetti,Hugo Magnetti,France,France,1998-05-30 00:00:00,Central Midfield,Midfield,right,180.0,3911,Stade brestois 29,6000000.0,7000000.0,,
475413,Sacha,Boey,Sacha Boey,France,France,2000-09-13 00:00:00,Right-Back,Defender,right,178.0,141,Galatasaray Spor Kulübü,15000000.0,22000000.0,0.0,0.0
475959,Josko,Gvardiol,Josko Gvardiol,Croatia,Croatia,2002-01-23 00:00:00,Centre-Back,Defender,left,185.0,281,Manchester City Football Club,70000000.0,80000000.0,46.0,4.0
476219,Bojan,Miovski,Bojan Miovski,Macedonia,North Macedonia,1999-06-24 00:00:00,Centre-Forward,Attack,left,189.0,124,Rangers Football Club,2500000.0,4000000.0,39.0,9.0
476344,Emerson,Royal,Emerson Royal,Brazil,Brazil,1999-01-14 00:00:00,Right-Back,Defender,right,183.0,614,Clube de Regatas do Flamengo,7000000.0,30000000.0,10.0,0.0
478573,Ryan,Gravenberch,Ryan Gravenberch,Netherlands,Netherlands,2002-05-16 00:00:00,Defensive Midfield,Midfield,right,190.0,31,Liverpool Football Club,90000000.0,90000000.0,24.0,1.0
480116,Lloyd,Kelly,Lloyd Kelly,England,England,1998-10-06 00:00:00,Centre-Back,Defender,left,189.0,506,Juventus Football Club,20000000.0,20000000.0,10.0,0.0
480267,Ronald,Araujo,Ronald Araujo,Uruguay,Uruguay,1999-03-07 00:00:00,Centre-Back,Defender,right,192.0,131,Futbol Club Barcelona,20000000.0,70000000.0,25.0,1.0
480692,Luis,Díaz,Luis Díaz,Colombia,Colombia,1997-01-13 00:00:00,Left Winger,Attack,right,180.0,27,FC Bayern München,70000000.0,85000000.0,71.0,21.0
480705,Cherif,Ndiaye,Cherif Ndiaye,Senegal,Senegal,1996-01-23 00:00:00,Centre-Forward,Attack,right,190.0,152,Samsunspor,5000000.0,6000000.0,15.0,4.0
483046,Josip,Stanisic,Josip Stanisic,Germany,Croatia,2000-04-02 00:00:00,Right-Back,Defender,both,187.0,27,FC Bayern München,35000000.0,35000000.0,28.0,0.0
484547,Jeremie,Frimpong,Jeremie Frimpong,Netherlands,Netherlands,2000-12-10 00:00:00,Right-Back,Defender,right,172.0,31,Liverpool Football Club,35000000.0,50000000.0,14.0,1.0
485585,Ian,Maatsen,Ian Maatsen,Netherlands,Netherlands,2002-03-10 00:00:00,Left-Back,Defender,left,178.0,405,Aston Villa Football Club,30000000.0,40000000.0,24.0,1.0
485706,Amadou,Onana,Amadou Onana,Senegal,Belgium,2001-08-16 00:00:00,Defensive Midfield,Midfield,right,195.0,405,Aston Villa Football Club,45000000.0,55000000.0,25.0,0.0
485747,Thomas,Keller,Thomas Keller,Germany,Germany,1999-08-05 00:00:00,Centre-Back,Defender,right,186.0,2036,1. Fußballclub Heidenheim 1846,600000.0,600000.0,4.0,0.0
486031,Nico,González,Nico González,Argentina,Argentina,1998-04-06 00:00:00,Left Winger,Attack,left,180.0,13,Club Atlético de Madrid S.A.D.,24000000.0,40000000.0,48.0,6.0
486046,Maarten,Vandevoordt,Maarten Vandevoordt,Belgium,Belgium,2002-02-26 00:00:00,Goalkeeper,Goalkeeper,right,192.0,23826,RasenBallsport Leipzig,8000000.0,11000000.0,0.0,0.0
486049,Jérémy,Doku,Jérémy Doku,Belgium,Belgium,2002-05-27 00:00:00,Left Winger,Attack,right,173.0,281,Manchester City Football Club,65000000.0,65000000.0,39.0,7.0
487469,,Vitinha,Vitinha,Portugal,Portugal,2000-02-13 00:00:00,Defensive Midfield,Midfield,right,172.0,583,Paris Saint-Germain Football Club,110000000.0,110000000.0,35.0,0.0
487474,Francisco,Conceição,Francisco Conceição,Portugal,Portugal,2002-12-14 00:00:00,Right Winger,Attack,left,170.0,506,Juventus Football Club,30000000.0,36000000.0,13.0,3.0
487850,Oladapo,Afolayan,Oladapo Afolayan,England,England,1997-09-11 00:00:00,Right Winger,Attack,right,180.0,35,Fußball-Club St. Pauli von 1910,1000000.0,1000000.0,,
487969,Randal,Kolo Muani,Randal Kolo Muani,France,France,1998-12-05 00:00:00,Centre-Forward,Attack,right,187.0,148,Tottenham Hotspur Football Club,22000000.0,80000000.0,31.0,9.0
488362,Conor,Gallagher,Conor Gallagher,England,England,2000-02-06 00:00:00,Central Midfield,Midfield,right,182.0,148,Tottenham Hotspur Football Club,35000000.0,50000000.0,22.0,1.0
488755,Jakov,Medic,Jakov Medic,Croatia,Croatia,1998-09-07 00:00:00,Centre-Back,Defender,right,193.0,610,AFC Ajax Amsterdam,2000000.0,2500000.0,,
489463,Kyogo,Furuhashi,Kyogo Furuhashi,Japan,Japan,1995-01-20 00:00:00,Centre-Forward,Attack,right,170.0,337,,6000000.0,15000000.0,23.0,5.0
490426,Krépin,Diatta,Krépin Diatta,Senegal,Senegal,1999-02-25 00:00:00,Right Midfield,Midfield,right,175.0,162,Association sportive de Monaco Football Club,6000000.0,21000000.0,57.0,2.0
490609,Lasse,Rieß,Lasse Rieß,Germany,Germany,2001-07-27 00:00:00,Goalkeeper,Goalkeeper,right,192.0,39,1. Fußball- und Sportverein Mainz 05,500000.0,700000.0,,
491704,Benjamín,Rollheiser,Benjamín Rollheiser,Argentina,Argentina,2000-03-24 00:00:00,Right Winger,Attack,left,172.0,221,Santos Futebol Clube,7000000.0,10000000.0,2.0,0.0
491707,Julián,Carranza,Julián Carranza,Argentina,Argentina,2000-05-22 00:00:00,Centre-Forward,Attack,right,182.0,1146,Impulsora del Deportivo Necaxa S.A. de C.V.,5000000.0,6000000.0,2.0,1.0
492319,Franco,Israel,Franco Israel,Uruguay,Uruguay,2000-04-22 00:00:00,Goalkeeper,Goalkeeper,right,190.0,416,Torino Calcio,3000000.0,7000000.0,2.0,0.0
495666,William,Saliba,William Saliba,France,France,2001-03-24 00:00:00,Centre-Back,Defender,right,192.0,11,Arsenal Football Club,90000000.0,90000000.0,31.0,0.0
496094,Karim,Adeyemi,Karim Adeyemi,Germany,Germany,2002-01-18 00:00:00,Right Winger,Attack,left,180.0,16,Borussia Dortmund,50000000.0,60000000.0,11.0,1.0
496656,Reo,Hatate,Reo Hatate,Japan,Japan,1997-11-21 00:00:00,Central Midfield,Midfield,right,172.0,371,The Celtic Football Club,10000000.0,13000000.0,11.0,0.0
496745,Emil,Holm,Emil Holm,Sweden,Sweden,2000-05-13 00:00:00,Right-Back,Defender,right,191.0,506,Juventus Football Club,13000000.0,13000000.0,16.0,2.0
496857,Edon,Zhegrova,Edon Zhegrova,Germany,Kosovo,1999-03-31 00:00:00,Right Winger,Attack,left,180.0,506,Juventus Football Club,14000000.0,25000000.0,45.0,5.0
499758,Hugo,Vetlesen,Hugo Vetlesen,Belgium,Norway,2000-02-29 00:00:00,Central Midfield,Midfield,right,174.0,2282,Club Brugge Koninklijke Voetbalvereniging,3000000.0,7000000.0,6.0,1.0
500054,David,Jurásek,David Jurásek,Czech Republic,Czech Republic,2000-08-07 00:00:00,Left-Back,Defender,left,183.0,62,"SK Slavia Praha, a.s.",5000000.0,8000000.0,15.0,1.0
500763,Marvin,Keller,Marvin Keller,England,Switzerland,2002-07-03 00:00:00,Goalkeeper,Goalkeeper,right,189.0,452,Berner Sport Club Young Boys,7000000.0,9000000.0,1.0,0.0
501049,Erik,Ahlstrand,Erik Ahlstrand,Sweden,Sweden,2001-10-14 00:00:00,Central Midfield,Midfield,left,184.0,1304,Heracles Almelo,500000.0,800000.0,1.0,0.0
502670,Khvicha,Kvaratskhelia,Khvicha Kvaratskhelia,Georgia,Georgia,2001-02-12 00:00:00,Left Winger,Attack,both,183.0,583,Paris Saint-Germain Football Club,90000000.0,90000000.0,48.0,22.0
502821,Riccardo,Calafiori,Riccardo Calafiori,Italy,Italy,2002-05-19 00:00:00,Left-Back,Defender,left,188.0,11,Arsenal Football Club,50000000.0,50000000.0,13.0,0.0
503075,Isak,Hien,Isak Hien,Sweden,Sweden,1999-01-13 00:00:00,Centre-Back,Defender,right,191.0,800,Atalanta Bergamasca Calcio S.p.a.,22000000.0,30000000.0,27.0,0.0
503160,Paul,Nebel,Paul Nebel,Germany,Germany,2002-10-10 00:00:00,Attacking Midfield,Midfield,both,169.0,39,1. Fußball- und Sportverein Mainz 05,15000000.0,24000000.0,0.0,0.0
503482,Min-jae,Kim,Min-jae Kim,"Korea, South","Korea, South",1996-11-15 00:00:00,Centre-Back,Defender,right,190.0,27,FC Bayern München,25000000.0,60000000.0,75.0,4.0
503743,Morgan,Rogers,Morgan Rogers,England,England,2002-07-26 00:00:00,Attacking Midfield,Midfield,right,187.0,405,Aston Villa Football Club,80000000.0,80000000.0,12.0,1.0
503749,Jacob,Ramsey,Jacob Ramsey,England,England,2001-05-28 00:00:00,Central Midfield,Midfield,right,180.0,762,Newcastle United Football Club,35000000.0,42000000.0,16.0,4.0
503770,Folarin,Balogun,Folarin Balogun,United States,United States,2001-07-03 00:00:00,Centre-Forward,Attack,right,178.0,162,Association sportive de Monaco Football Club,30000000.0,30000000.0,23.0,8.0
503881,Aster,Vranckx,Aster Vranckx,Belgium,Belgium,2002-10-04 00:00:00,Central Midfield,Midfield,right,183.0,6574,Unione Sportiva Sassuolo Calcio,7000000.0,12000000.0,9.0,0.0
503991,Yunus,Musah,Yunus Musah,United States,United States,2002-11-29 00:00:00,Central Midfield,Midfield,right,178.0,800,Atalanta Bergamasca Calcio S.p.a.,18000000.0,25000000.0,47.0,1.0
504073,Eduardo,Quaresma,Eduardo Quaresma,Portugal,Portugal,2002-03-02 00:00:00,Centre-Back,Defender,right,185.0,336,Sporting Clube de Portugal,15000000.0,18000000.0,12.0,0.0
504087,Tomás,Araújo,Tomás Araújo,Portugal,Portugal,2002-05-16 00:00:00,Centre-Back,Defender,right,187.0,294,Sport Lisboa e Benfica,28000000.0,32000000.0,1.0,0.0
504090,Paulo,Bernardo,Paulo Bernardo,Portugal,Portugal,2002-01-24 00:00:00,Central Midfield,Midfield,right,180.0,371,The Celtic Football Club,4000000.0,6000000.0,32.0,11.0
504153,Joe,Scally,Joe Scally,United States,United States,2002-12-31 00:00:00,Right-Back,Defender,right,184.0,18,Borussia Verein für Leibesübungen 1900 Mönchengladbach,7000000.0,12000000.0,22.0,0.0
504215,Giovanni,Reyna,Giovanni Reyna,England,United States,2002-11-13 00:00:00,Attacking Midfield,Midfield,right,187.0,18,Borussia Verein für Leibesübungen 1900 Mönchengladbach,4000000.0,42000000.0,34.0,9.0
507341,Fabian,Rieder,Fabian Rieder,Switzerland,Switzerland,2002-02-16 00:00:00,Attacking Midfield,Midfield,left,179.0,167,Fußball-Club Augsburg 1907,8000000.0,15000000.0,26.0,1.0
507345,Leonidas,Stergiou,Leonidas Stergiou,Switzerland,Switzerland,2002-03-03 00:00:00,Right-Back,Defender,right,181.0,2036,1. Fußballclub Heidenheim 1846,3000000.0,7000000.0,6.0,0.0
507479,Darian,Males,Darian Males,Switzerland,Switzerland,2001-05-03 00:00:00,Right Midfield,Midfield,left,188.0,452,Berner Sport Club Young Boys,1500000.0,5000000.0,17.0,0.0
509022,Federico,Gatti,Federico Gatti,Italy,Italy,1998-06-24 00:00:00,Centre-Back,Defender,right,190.0,506,Juventus Football Club,16000000.0,25000000.0,7.0,0.0
512352,Lasse,Rosenboom,Lasse Rosenboom,Germany,Germany,2002-01-19 00:00:00,Right-Back,Defender,right,190.0,269,Holstein Kiel,1200000.0,1500000.0,6.0,0.0
515208,,Pedrinho,Pedrinho,Brazil,Brazil,1998-04-13 00:00:00,Right Winger,Attack,left,172.0,660,FC Shakhtar Donetsk,10000000.0,17000000.0,14.0,3.0
515624,Henri,Koudossou,Henri Koudossou,Germany,Germany,1999-09-03 00:00:00,Right-Back,Defender,right,180.0,167,Fußball-Club Augsburg 1907,1200000.0,2000000.0,,
515650,Takumu,Kawamura,Takumu Kawamura,Japan,Japan,1999-08-28 00:00:00,Defensive Midfield,Midfield,left,183.0,409,Fußballclub Red Bull Salzburg,1500000.0,1700000.0,3.0,1.0
516716,,Bremer,Bremer,Brazil,Brazil,1997-03-18 00:00:00,Centre-Back,Defender,right,188.0,506,Juventus Football Club,35000000.0,60000000.0,6.0,1.0
518505,Jamie,Leweling,Jamie Leweling,Germany,Germany,2001-02-26 00:00:00,Right Winger,Attack,both,185.0,79,Verein für Bewegungsspiele Stuttgart 1893,40000000.0,40000000.0,4.0,1.0
519184,Amar,Dedić,Amar Dedić,Austria,Bosnia-Herzegovina,2002-08-18 00:00:00,Right-Back,Defender,right,180.0,294,Sport Lisboa e Benfica,15000000.0,20000000.0,25.0,1.0
521964,Malick,Thiaw,Malick Thiaw,Germany,Germany,2001-08-08 00:00:00,Centre-Back,Defender,right,194.0,762,Newcastle United Football Club,45000000.0,45000000.0,6.0,0.0
522223,Connor,Metcalfe,Connor Metcalfe,Australia,Australia,1999-11-05 00:00:00,Central Midfield,Midfield,left,183.0,35,Fußball-Club St. Pauli von 1910,2000000.0,2500000.0,32.0,1.0
524285,Luca,Netz,Luca Netz,Germany,Germany,2003-05-15 00:00:00,Left-Back,Defender,left,184.0,703,Nottingham Forest Football Club,6000000.0,10000000.0,17.0,0.0
524315,Hidemasa,Morita,Hidemasa Morita,Japan,Japan,1995-05-10 00:00:00,Central Midfield,Midfield,right,177.0,336,Sporting Clube de Portugal,9000000.0,15000000.0,40.0,6.0
525155,Grégoire,Coudert,Grégoire Coudert,France,France,1999-04-03 00:00:00,Goalkeeper,Goalkeeper,left,192.0,3911,Stade brestois 29,3000000.0,3000000.0,0.0,0.0
525299,Miguel,Gutiérrez,Miguel Gutiérrez,Spain,Spain,2001-07-27 00:00:00,Left-Back,Defender,left,180.0,6195,Società Sportiva Calcio Napoli,17000000.0,25000000.0,2.0,0.0
526466,Elias,Saad,Elias Saad,Germany,Tunisia,1999-12-27 00:00:00,Left Winger,Attack,right,185.0,42,Hannover 96,,,12.0,3.0
526845,Noah,Atubolu,Noah Atubolu,Germany,Germany,2002-05-25 00:00:00,Goalkeeper,Goalkeeper,right,190.0,60,Sport-Club Freiburg,20000000.0,20000000.0,22.0,0.0
528833,Lazar,Samardžić,Lazar Samardžić,Germany,Serbia,2002-02-24 00:00:00,Attacking Midfield,Midfield,left,184.0,800,Atalanta Bergamasca Calcio S.p.a.,17000000.0,20000000.0,26.0,1.0
530173,Julian,Niehues,Julian Niehues,Germany,Germany,2001-04-17 00:00:00,Defensive Midfield,Midfield,right,195.0,2036,1. Fußballclub Heidenheim 1846,1500000.0,1500000.0,,
530696,Irakli,Azarovi,Irakli Azarovi,Georgia,Georgia,2002-02-21 00:00:00,Left-Back,Defender,left,179.0,660,FC Shakhtar Donetsk,2500000.0,5000000.0,22.0,0.0
532776,Amine,Adli,Amine Adli,France,Morocco,2000-05-10 00:00:00,Left Winger,Attack,left,180.0,989,Association Football Club Bournemouth,20000000.0,30000000.0,16.0,1.0
533295,Patrick,Wimmer,Patrick Wimmer,Austria,Austria,2001-05-30 00:00:00,Right Winger,Attack,right,182.0,82,Verein für Leibesübungen Wolfsburg,15000000.0,18000000.0,29.0,1.0
533738,Jonathan,David,Jonathan David,United States,Canada,2000-01-14 00:00:00,Centre-Forward,Attack,both,178.0,506,Juventus Football Club,35000000.0,60000000.0,73.0,37.0
534033,Alexis,Mac Allister,Alexis Mac Allister,Argentina,Argentina,1998-12-24 00:00:00,Central Midfield,Midfield,right,176.0,31,Liverpool Football Club,80000000.0,100000000.0,42.0,6.0
535834,Eliot,Matazo,Eliot Matazo,Belgium,Belgium,2002-02-15 00:00:00,Central Midfield,Midfield,right,170.0,162,Association sportive de Monaco Football Club,2000000.0,8000000.0,22.0,0.0
536482,Junior,Dina Ebimbe,Junior Dina Ebimbe,France,Cameroon,2000-11-21 00:00:00,Right Midfield,Midfield,right,184.0,3911,Stade brestois 29,6000000.0,14000000.0,3.0,0.0
537382,Bryan,Gil,Bryan Gil,Spain,Spain,2001-02-11 00:00:00,Left Winger,Attack,left,175.0,12321,Girona Fútbol Club S. A. D.,12000000.0,30000000.0,5.0,1.0
537844,Anatoliy,Trubin,Anatoliy Trubin,Ukraine,Ukraine,2001-08-01 00:00:00,Goalkeeper,Goalkeeper,right,199.0,294,Sport Lisboa e Benfica,25000000.0,28000000.0,27.0,0.0
537852,Dmytro,Kryskiv,Dmytro Kryskiv,Ukraine,Ukraine,2000-10-06 00:00:00,Central Midfield,Midfield,right,180.0,660,FC Shakhtar Donetsk,5000000.0,7000000.0,3.0,0.0
537854,Artem,Bondarenko,Artem Bondarenko,Ukraine,Ukraine,2000-08-21 00:00:00,Attacking Midfield,Midfield,left,187.0,660,FC Shakhtar Donetsk,8000000.0,10000000.0,4.0,0.0
538964,Thijs,Dallinga,Thijs Dallinga,Netherlands,Netherlands,2000-08-03 00:00:00,Centre-Forward,Attack,right,190.0,1025,Bologna Football Club 1909,12000000.0,18000000.0,1.0,0.0
539043,Luis,Palma,Luis Palma,Honduras,Honduras,2000-01-17 00:00:00,Left Winger,Attack,right,178.0,238,KKS Lech Poznań Spółka Akcyjna,3500000.0,4500000.0,33.0,6.0
539197,Matej,Rynes,Matej Rynes,Czech Republic,Czech Republic,2001-05-30 00:00:00,Left Midfield,Midfield,left,186.0,197,"AC Sparta Praha, a. s.",4500000.0,4500000.0,2.0,0.0
539665,Fredrik,Oppegård,Fredrik Oppegård,Norway,Norway,2002-08-07 00:00:00,Left-Back,Defender,left,175.0,290,Association de la Jeunesse auxerroise,800000.0,800000.0,16.0,1.0
539798,Luca,Jaquez,Luca Jaquez,Switzerland,Switzerland,2003-06-02 00:00:00,Centre-Back,Defender,right,187.0,79,Verein für Bewegungsspiele Stuttgart 1893,10000000.0,10000000.0,1.0,0.0
543771,Kristjan,Asllani,Kristjan Asllani,Albania,Albania,2002-03-09 00:00:00,Defensive Midfield,Midfield,right,179.0,114,Beşiktaş Jimnastik Kulübü,13000000.0,18000000.0,39.0,5.0
544148,Tomas,Cvancara,Tomas Cvancara,Czech Republic,Czech Republic,2000-08-13 00:00:00,Centre-Forward,Attack,right,190.0,371,The Celtic Football Club,2500000.0,12000000.0,8.0,1.0
545331,Mathias,Ross,Mathias Ross,Denmark,Denmark,2001-01-15 00:00:00,Centre-Back,Defender,right,190.0,197,"AC Sparta Praha, a. s.",1000000.0,2000000.0,4.0,0.0
545332,Mikkel,Kaufmann,Mikkel Kaufmann,Denmark,Denmark,2001-01-03 00:00:00,Centre-Forward,Attack,right,189.0,2036,1. Fußballclub Heidenheim 1846,1800000.0,2700000.0,2.0,0.0
546213,,Tuta,Tuta,Brazil,Brazil,1999-07-04 00:00:00,Centre-Back,Defender,right,185.0,24,Eintracht Frankfurt Fußball AG,12000000.0,15000000.0,,
546543,Darwin,Núñez,Darwin Núñez,Uruguay,Uruguay,1999-06-24 00:00:00,Centre-Forward,Attack,right,187.0,1114,Al-Hilal Saudi Football Club,25000000.0,70000000.0,36.0,13.0
548193,Zeno,Debast,Zeno Debast,Belgium,Belgium,2003-10-24 00:00:00,Centre-Back,Defender,right,191.0,336,Sporting Clube de Portugal,30000000.0,30000000.0,24.0,0.0
548348,Kiliann,Sildillia,Kiliann Sildillia,France,France,2002-05-16 00:00:00,Right-Back,Defender,right,186.0,383,Eindhovense Voetbalvereniging Philips Sport Vereniging,5000000.0,18000000.0,17.0,0.0
548729,Zeki,Amdouni,Zeki Amdouni,Switzerland,Switzerland,2000-12-04 00:00:00,Centre-Forward,Attack,both,185.0,1132,Burnley Football Club,9000000.0,15000000.0,27.0,11.0
549006,Gonçalo,Inácio,Gonçalo Inácio,Portugal,Portugal,2001-08-25 00:00:00,Centre-Back,Defender,left,186.0,336,Sporting Clube de Portugal,40000000.0,45000000.0,19.0,2.0
550108,Nicola,Zalewski,Nicola Zalewski,Italy,Poland,2002-01-23 00:00:00,Left Midfield,Midfield,right,175.0,800,Atalanta Bergamasca Calcio S.p.a.,20000000.0,20000000.0,33.0,3.0
550550,Gonçalo,Ramos,Gonçalo Ramos,Portugal,Portugal,2001-06-20 00:00:00,Centre-Forward,Attack,right,185.0,583,Paris Saint-Germain Football Club,35000000.0,50000000.0,22.0,10.0
550580,Shuto,Machino,Shuto Machino,Japan,Japan,1999-09-30 00:00:00,Centre-Forward,Attack,right,185.0,18,Borussia Verein für Leibesübungen 1900 Mönchengladbach,5000000.0,7000000.0,13.0,5.0
550829,Matej,Kovar,Matej Kovar,Czech Republic,Czech Republic,2000-05-17 00:00:00,Goalkeeper,Goalkeeper,right,196.0,383,Eindhovense Voetbalvereniging Philips Sport Vereniging,7000000.0,7000000.0,18.0,0.0
551695,Lassina,Traoré,Lassina Traoré,Burkina Faso,Burkina Faso,2001-01-12 00:00:00,Centre-Forward,Attack,right,183.0,660,FC Shakhtar Donetsk,5000000.0,9000000.0,31.0,13.0
552057,Adam,Hlozek,Adam Hlozek,Czech Republic,Czech Republic,2002-07-25 00:00:00,Centre-Forward,Attack,right,188.0,533,Turn- und Sportgemeinschaft 1899 Hoffenheim Fußball-Spielbetriebs,12000000.0,20000000.0,41.0,4.0
552955,Santiago,Gimenez,Santiago Gimenez,Argentina,Mexico,2001-04-18 00:00:00,Centre-Forward,Attack,left,183.0,5,Associazione Calcio Milan,20000000.0,50000000.0,46.0,6.0
553328,Tochi,Chukwuani,Tochi Chukwuani,Denmark,Denmark,2003-03-24 00:00:00,Defensive Midfield,Midfield,right,187.0,124,Rangers Football Club,5000000.0,5000000.0,20.0,2.0
554903,Mateo,Retegui,Mateo Retegui,Argentina,Italy,1999-04-29 00:00:00,Centre-Forward,Attack,right,186.0,26069,Al-Qadsiah Saudi Football Club,35000000.0,45000000.0,26.0,11.0
555076,Romain,Faivre,Romain Faivre,France,France,1998-07-14 00:00:00,Attacking Midfield,Midfield,left,180.0,290,Association de la Jeunesse auxerroise,5000000.0,15000000.0,8.0,2.0
557149,Kang-in,Lee,Kang-in Lee,"Korea, South","Korea, South",2001-02-19 00:00:00,Attacking Midfield,Midfield,left,173.0,583,Paris Saint-Germain Football Club,28000000.0,30000000.0,44.0,11.0
562948,Hyun-seok,Hong,Hyun-seok Hong,"Korea, South","Korea, South",1999-06-16 00:00:00,Attacking Midfield,Midfield,left,177.0,157,Koninklijke Atletiek Associatie Gent,3000000.0,9000000.0,14.0,0.0
563963,Mohammed,Salisu,Mohammed Salisu,Ghana,Ghana,1999-04-17 00:00:00,Centre-Back,Defender,left,188.0,162,Association sportive de Monaco Football Club,10000000.0,18000000.0,22.0,4.0
564545,Edmond,Tapsoba,Edmond Tapsoba,Burkina Faso,Burkina Faso,1999-02-02 00:00:00,Centre-Back,Defender,right,194.0,15,Bayer 04 Leverkusen Fußball,35000000.0,45000000.0,60.0,4.0
565045,Victor,Olatunji,Victor Olatunji,Nigeria,Nigeria,1999-09-05 00:00:00,Centre-Forward,Attack,right,193.0,6643,Real Salt Lake,2500000.0,3000000.0,,
565424,Johan,Bakayoko,Johan Bakayoko,Belgium,Belgium,2003-04-20 00:00:00,Right Winger,Attack,left,179.0,23826,RasenBallsport Leipzig,22000000.0,45000000.0,18.0,1.0
565435,Arne,Engels,Arne Engels,Belgium,Belgium,2003-09-08 00:00:00,Central Midfield,Midfield,right,185.0,371,The Celtic Football Club,18000000.0,18000000.0,4.0,0.0
565821,Mika,Biereth,Mika Biereth,England,Denmark,2003-02-08 00:00:00,Centre-Forward,Attack,right,187.0,162,Association sportive de Monaco Football Club,18000000.0,30000000.0,9.0,1.0
565822,Harvey,Elliott,Harvey Elliott,England,England,2003-04-04 00:00:00,Attacking Midfield,Midfield,left,170.0,405,Aston Villa Football Club,22000000.0,35000000.0,28.0,14.0
566723,Michael,Olise,Michael Olise,England,France,2001-12-12 00:00:00,Right Winger,Attack,left,184.0,27,FC Bayern München,140000000.0,140000000.0,14.0,4.0
566931,Xavi,Simons,Xavi Simons,Netherlands,Netherlands,2003-04-21 00:00:00,Attacking Midfield,Midfield,right,179.0,148,Tottenham Hotspur Football Club,50000000.0,80000000.0,32.0,6.0
569031,Umut,Tohumcu,Umut Tohumcu,Germany,Germany,2004-08-11 00:00:00,Central Midfield,Midfield,right,175.0,533,Turn- und Sportgemeinschaft 1899 Hoffenheim Fußball-Spielbetriebs,5000000.0,7000000.0,4.0,0.0
569033,Armindo,Sieb,Armindo Sieb,Germany,Germany,2003-02-17 00:00:00,Second Striker,Attack,both,175.0,39,1. Fußball- und Sportverein Mainz 05,3000000.0,4000000.0,2.0,0.0
569366,Enzo,Millot,Enzo Millot,France,France,2002-07-17 00:00:00,Attacking Midfield,Midfield,left,175.0,18487,Al-Ahli Saudi Football Club,28000000.0,42000000.0,4.0,1.0
569383,Chrislain,Matsima,Chrislain Matsima,France,France,2002-05-15 00:00:00,Centre-Back,Defender,right,193.0,167,Fußball-Club Augsburg 1907,22000000.0,22000000.0,13.0,1.0
569387,Valentin,Gendrey,Valentin Gendrey,France,France,2000-06-21 00:00:00,Right-Back,Defender,right,179.0,533,Turn- und Sportgemeinschaft 1899 Hoffenheim Fußball-Spielbetriebs,7000000.0,8500000.0,3.0,0.0
569457,Tim,Breithaupt,Tim Breithaupt,Germany,Germany,2002-02-07 00:00:00,Defensive Midfield,Midfield,right,192.0,167,Fußball-Club Augsburg 1907,2000000.0,3500000.0,3.0,0.0
569598,Youssouf,Fofana,Youssouf Fofana,France,France,1999-01-10 00:00:00,Defensive Midfield,Midfield,right,185.0,5,Associazione Calcio Milan,25000000.0,30000000.0,25.0,3.0
571149,Gjivai,Zechiël,Gjivai Zechiël,Netherlands,Netherlands,2004-06-01 00:00:00,Central Midfield,Midfield,right,171.0,200,Football Club Utrecht,7000000.0,7000000.0,9.0,2.0
571604,Giorgio,Scalvini,Giorgio Scalvini,Italy,Italy,2003-12-11 00:00:00,Centre-Back,Defender,right,194.0,800,Atalanta Bergamasca Calcio S.p.a.,30000000.0,45000000.0,8.0,0.0
572675,Maxi,Araújo,Maxi Araújo,Uruguay,Uruguay,2000-02-15 00:00:00,Left-Back,Defender,left,179.0,336,Sporting Clube de Portugal,25000000.0,25000000.0,27.0,3.0
574201,Grant-Leon,Ranos,Grant-Leon Ranos,Germany,Armenia,2003-07-20 00:00:00,Centre-Forward,Attack,right,180.0,23,Eintracht Braunschweig,1000000.0,1000000.0,23.0,5.0
574671,Strahinja,Pavlović,Strahinja Pavlović,Yugoslavia (Republic),Serbia,2001-05-24 00:00:00,Centre-Back,Defender,left,194.0,5,Associazione Calcio Milan,35000000.0,35000000.0,52.0,4.0
575367,Richard,Ledezma,Richard Ledezma,United States,Mexico,2000-09-06 00:00:00,Right-Back,Defender,right,172.0,6711,Club Deportivo Guadalajara S. A. de C. V.,5500000.0,5500000.0,2.0,1.0
576024,Julián,Alvarez,Julián Alvarez,Argentina,Argentina,2000-01-31 00:00:00,Centre-Forward,Attack,right,170.0,13,Club Atlético de Madrid S.A.D.,90000000.0,100000000.0,49.0,13.0
578392,Maximilian,Beier,Maximilian Beier,Germany,Germany,2002-10-17 00:00:00,Centre-Forward,Attack,right,185.0,16,Borussia Dortmund,40000000.0,40000000.0,7.0,0.0
578680,Hugo,Siquet,Hugo Siquet,Belgium,Belgium,2002-07-09 00:00:00,Right-Back,Defender,right,180.0,2282,Club Brugge Koninklijke Voetbalvereniging,3000000.0,7000000.0,1.0,0.0
579287,Daniel,Svensson,Daniel Svensson,Sweden,Sweden,2002-02-12 00:00:00,Left-Back,Defender,left,183.0,16,Borussia Dortmund,22000000.0,22000000.0,10.0,0.0
580195,Jamal,Musiala,Jamal Musiala,Germany,Germany,2003-02-26 00:00:00,Attacking Midfield,Midfield,right,184.0,27,FC Bayern München,120000000.0,140000000.0,40.0,8.0
580451,Martin,Baturina,Martin Baturina,Switzerland,Croatia,2003-02-16 00:00:00,Attacking Midfield,Midfield,right,172.0,1047,Calcio Como,24000000.0,24000000.0,16.0,1.0
580657,Osame,Sahraoui,Osame Sahraoui,Norway,Morocco,2001-06-11 00:00:00,Left Winger,Attack,right,170.0,1082,Lille Olympique Sporting Club,10000000.0,12000000.0,2.0,0.0
581357,Jan,Schöppner,Jan Schöppner,Germany,Germany,1999-06-12 00:00:00,Central Midfield,Midfield,right,190.0,2036,1. Fußballclub Heidenheim 1846,3500000.0,4500000.0,,
581672,Samuel,Iling-Junior,Samuel Iling-Junior,England,England,2003-10-04 00:00:00,Left Midfield,Midfield,left,182.0,4172,Pisa Sporting Club,8000000.0,13000000.0,16.0,2.0
581678,Jude,Bellingham,Jude Bellingham,England,England,2003-06-29 00:00:00,Attacking Midfield,Midfield,right,186.0,418,Real Madrid Club de Fútbol,140000000.0,180000000.0,46.0,6.0
583199,James,McAtee,James McAtee,England,England,2002-10-18 00:00:00,Attacking Midfield,Midfield,left,180.0,703,Nottingham Forest Football Club,20000000.0,25000000.0,24.0,8.0
583699,Andrej,Ilic,Andrej Ilic,Yugoslavia (Republic),Serbia,2000-04-03 00:00:00,Centre-Forward,Attack,right,189.0,89,1. Fußballclub Union Berlin,6000000.0,6000000.0,1.0,0.0
584254,Maximilian,Breunig,Maximilian Breunig,Germany,Germany,2000-08-14 00:00:00,Centre-Forward,Attack,left,195.0,2036,1. Fußballclub Heidenheim 1846,1000000.0,2000000.0,1.0,0.0
585949,Pierre,Kalulu,Pierre Kalulu,France,France,2000-06-05 00:00:00,Centre-Back,Defender,right,182.0,506,Juventus Football Club,32000000.0,35000000.0,2.0,0.0
585982,,Carlos Augusto,Carlos Augusto,Brazil,Brazil,1999-01-07 00:00:00,Left-Back,Defender,left,184.0,46,Football Club Internazionale Milano S.p.A.,26000000.0,26000000.0,4.0,0.0
586429,Ryan,Flamingo,Ryan Flamingo,Netherlands,Netherlands,2002-12-31 00:00:00,Centre-Back,Defender,right,187.0,383,Eindhovense Voetbalvereniging Philips Sport Vereniging,14000000.0,20000000.0,17.0,0.0
587019,Fin,Stevens,Fin Stevens,England,Wales,2003-04-10 00:00:00,Right-Back,Defender,right,179.0,35,Fußball-Club St. Pauli von 1910,500000.0,600000.0,2.0,0.0
589128,Ayase,Ueda,Ayase Ueda,Japan,Japan,1998-08-28 00:00:00,Centre-Forward,Attack,right,182.0,234,Feyenoord Rotterdam,15000000.0,15000000.0,36.0,16.0
589374,,Milson,Milson,Angola,Angola,1999-10-12 00:00:00,Left Winger,Attack,right,170.0,159,Fudbalski klub Crvena zvezda Beograd,900000.0,900000.0,27.0,4.0
591193,Niels,Nkounkou,Niels Nkounkou,France,France,2000-11-01 00:00:00,Left-Back,Defender,left,180.0,416,Torino Calcio,3500000.0,7500000.0,6.0,0.0
592534,Nicolai,Remberg,Nicolai Remberg,Germany,Germany,2000-06-19 00:00:00,Defensive Midfield,Midfield,right,188.0,41,Hamburger Sport Verein,7000000.0,7000000.0,,
593837,Couhaib,Driouech,Couhaib Driouech,Netherlands,Morocco,2002-04-17 00:00:00,Left Winger,Attack,right,175.0,383,Eindhovense Voetbalvereniging Philips Sport Vereniging,6000000.0,6000000.0,9.0,0.0
593862,Thomas,Beelen,Thomas Beelen,Netherlands,Netherlands,2001-06-11 00:00:00,Centre-Back,Defender,right,190.0,234,Feyenoord Rotterdam,7000000.0,12000000.0,,
594227,Bjorn,Meijer,Bjorn Meijer,Netherlands,Netherlands,2003-03-18 00:00:00,Left-Back,Defender,left,190.0,2282,Club Brugge Koninklijke Voetbalvereniging,3500000.0,10000000.0,13.0,2.0
594991,Mohamed,Bayo,Mohamed Bayo,France,Guinea,1998-06-04 00:00:00,Centre-Forward,Attack,right,187.0,2832,Gaziantep Futbol Kulübü A.Ş.,4000000.0,12000000.0,29.0,8.0
596153,Justin,Njinmah,Justin Njinmah,Germany,Germany,2000-11-15 00:00:00,Right Winger,Attack,right,185.0,86,Sportverein Werder Bremen von 1899,7000000.0,9000000.0,,
596821,Scott,Banks,Scott Banks,Scotland,Scotland,2001-09-26 00:00:00,Right Winger,Attack,left,183.0,35,Fußball-Club St. Pauli von 1910,300000.0,300000.0,7.0,0.0
597432,Leopold,Querfeld,Leopold Querfeld,Austria,Austria,2003-12-20 00:00:00,Centre-Back,Defender,right,190.0,89,1. Fußballclub Union Berlin,18000000.0,18000000.0,5.0,0.0
597880,Dmytro,Riznyk,Dmytro Riznyk,Ukraine,Ukraine,1999-01-30 00:00:00,Goalkeeper,Goalkeeper,right,191.0,660,FC Shakhtar Donetsk,7000000.0,7000000.0,3.0,0.0
598577,Florian,Wirtz,Florian Wirtz,Germany,Germany,2003-05-03 00:00:00,Attacking Midfield,Midfield,right,177.0,31,Liverpool Football Club,110000000.0,140000000.0,38.0,8.0
598629,,Bruno Duarte,Bruno Duarte,Brazil,Brazil,1996-03-24 00:00:00,Centre-Forward,Attack,right,182.0,159,Fudbalski klub Crvena zvezda Beograd,4500000.0,5000000.0,,
599231,Ferran,Jutglà,Ferran Jutglà,Spain,Spain,1999-02-01 00:00:00,Centre-Forward,Attack,right,175.0,940,Real Club Celta de Vigo S. A. D.,7000000.0,14000000.0,,
599419,Max,Rosenfelder,Max Rosenfelder,Germany,Germany,2003-02-10 00:00:00,Centre-Back,Defender,right,186.0,60,Sport-Club Freiburg,6000000.0,8000000.0,11.0,1.0
601143,Nikolas,Veratschnig,Nikolas Veratschnig,Austria,Austria,2003-01-24 00:00:00,Right Midfield,Midfield,right,180.0,39,1. Fußball- und Sportverein Mainz 05,1500000.0,1500000.0,0.0,0.0
601883,Matheus,Nunes,Matheus Nunes,Brazil,Portugal,1998-08-27 00:00:00,Right-Back,Defender,right,183.0,281,Manchester City Football Club,45000000.0,55000000.0,17.0,2.0
604320,Frans,Krätzig,Frans Krätzig,Germany,Germany,2003-01-14 00:00:00,Left-Back,Defender,left,177.0,409,Fußballclub Red Bull Salzburg,2800000.0,3500000.0,3.0,0.0
604327,Gabriel,Vidovic,Gabriel Vidovic,Germany,Croatia,2003-12-01 00:00:00,Left Winger,Attack,right,180.0,419,GNK Dinamo Zagreb,2500000.0,3500000.0,21.0,2.0
604359,Yusuf,Kabadayi,Yusuf Kabadayi,Germany,Germany,2004-02-02 00:00:00,Left Winger,Attack,right,186.0,2832,Gaziantep Futbol Kulübü A.Ş.,1500000.0,1500000.0,7.0,0.0
605268,Igor,Matanovic,Igor Matanovic,Germany,Croatia,2003-03-31 00:00:00,Centre-Forward,Attack,right,194.0,60,Sport-Club Freiburg,10000000.0,10000000.0,8.0,2.0
605396,Samuel,Dahl,Samuel Dahl,Sweden,Sweden,2003-03-04 00:00:00,Left-Back,Defender,left,174.0,294,Sport Lisboa e Benfica,12000000.0,12000000.0,2.0,0.0
606119,Phil,Harres,Phil Harres,Germany,Germany,2002-03-25 00:00:00,Centre-Forward,Attack,right,193.0,269,Holstein Kiel,,,,
606893,Ermal,Krasniqi,Ermal Krasniqi,Yugoslavia (Republic),Kosovo,1998-09-07 00:00:00,Right Midfield,Midfield,right,188.0,255,Legia Warszawa Spółka Akcyjna,1000000.0,2000000.0,13.0,2.0
607720,Jonas,Urbig,Jonas Urbig,Germany,Germany,2003-08-08 00:00:00,Goalkeeper,Goalkeeper,both,189.0,27,FC Bayern München,15000000.0,15000000.0,0.0,0.0
607854,,Éderson,Éderson,Brazil,Brazil,1999-07-07 00:00:00,Central Midfield,Midfield,right,183.0,800,Atalanta Bergamasca Calcio S.p.a.,40000000.0,50000000.0,3.0,0.0
608172,Ardon,Jashari,Ardon Jashari,Switzerland,Switzerland,2002-07-30 00:00:00,Defensive Midfield,Midfield,left,181.0,5,Associazione Calcio Milan,30000000.0,32000000.0,4.0,0.0
608832,Merlin,Röhl,Merlin Röhl,Germany,Germany,2002-07-05 00:00:00,Attacking Midfield,Midfield,right,192.0,29,Everton Football Club,16000000.0,18000000.0,13.0,3.0
610190,Nediljko,Labrovic,Nediljko Labrovic,Croatia,Croatia,1999-10-10 00:00:00,Goalkeeper,Goalkeeper,right,196.0,167,Fußball-Club Augsburg 1907,2000000.0,4500000.0,2.0,0.0
610400,William,Bøving,William Bøving,Denmark,Denmark,2003-03-01 00:00:00,Centre-Forward,Attack,both,176.0,39,1. Fußball- und Sportverein Mainz 05,3500000.0,8000000.0,22.0,3.0
610405,Maurits,Kjaergaard,Maurits Kjaergaard,Denmark,Denmark,2003-06-26 00:00:00,Central Midfield,Midfield,left,192.0,409,Fußballclub Red Bull Salzburg,8000000.0,15000000.0,0.0,0.0
610608,Dominik,Javorcek,Dominik Javorcek,Slovakia,Slovakia,2002-11-02 00:00:00,Left-Back,Defender,left,183.0,62,"SK Slavia Praha, a.s.",450000.0,550000.0,0.0,0.0
612826,,Silas,Silas,DR Congo,DR Congo,1998-10-06 00:00:00,Right Winger,Attack,right,189.0,39,1. Fußball- und Sportverein Mainz 05,3000000.0,25000000.0,20.0,1.0
616341,Nuno,Mendes,Nuno Mendes,Portugal,Portugal,2002-06-19 00:00:00,Left-Back,Defender,left,180.0,583,Paris Saint-Germain Football Club,75000000.0,75000000.0,41.0,1.0
616344,Tiago,Tomás,Tiago Tomás,Portugal,Portugal,2002-06-16 00:00:00,Centre-Forward,Attack,right,180.0,79,Verein für Bewegungsspiele Stuttgart 1893,15000000.0,15000000.0,24.0,2.0
616631,Matteo,Ruggeri,Matteo Ruggeri,Italy,Italy,2002-07-11 00:00:00,Left-Back,Defender,left,187.0,13,Club Atlético de Madrid S.A.D.,20000000.0,20000000.0,16.0,0.0
618472,Castello,Lukeba,Castello Lukeba,France,France,2002-12-17 00:00:00,Centre-Back,Defender,left,184.0,23826,RasenBallsport Leipzig,45000000.0,50000000.0,27.0,0.0
618494,Tyler,Morton,Tyler Morton,England,England,2002-10-31 00:00:00,Defensive Midfield,Midfield,right,185.0,1041,Olympique Lyonnais,25000000.0,25000000.0,13.0,1.0
618898,Erencan,Yardımcı,Erencan Yardımcı,Türkiye,Türkiye,2002-02-04 00:00:00,Centre-Forward,Attack,right,188.0,122,Sportklub Puntigamer Sturm Graz,2000000.0,3000000.0,13.0,6.0
620217,Robin,Hranac,Robin Hranac,Czech Republic,Czech Republic,2000-01-29 00:00:00,Centre-Back,Defender,right,190.0,533,Turn- und Sportgemeinschaft 1899 Hoffenheim Fußball-Spielbetriebs,10000000.0,10000000.0,11.0,1.0
620313,Lucas,Gourna-Douath,Lucas Gourna-Douath,France,France,2003-08-05 00:00:00,Defensive Midfield,Midfield,right,185.0,738,Le Havre Athletic Club,6000000.0,12000000.0,3.0,0.0
620598,Ameen,Al-Dakhil,Ameen Al-Dakhil,Iraq,Belgium,2002-03-06 00:00:00,Centre-Back,Defender,right,187.0,79,Verein für Bewegungsspiele Stuttgart 1893,4000000.0,15000000.0,6.0,0.0
621802,Olivier,Deman,Olivier Deman,Belgium,Belgium,2000-04-06 00:00:00,Left-Back,Defender,left,181.0,86,Sportverein Werder Bremen von 1899,3000000.0,6000000.0,3.0,0.0
623325,Georgiy,Sudakov,Georgiy Sudakov,Ukraine,Ukraine,2002-09-01 00:00:00,Attacking Midfield,Midfield,both,177.0,294,Sport Lisboa e Benfica,28000000.0,35000000.0,33.0,4.0
624258,Conor,Bradley,Conor Bradley,Northern Ireland,Northern Ireland,2003-07-09 00:00:00,Right-Back,Defender,right,181.0,31,Liverpool Football Club,30000000.0,30000000.0,30.0,4.0
627207,Ricardo,Pepi,Ricardo Pepi,United States,United States,2003-01-09 00:00:00,Centre-Forward,Attack,right,185.0,383,Eindhovense Voetbalvereniging Philips Sport Vereniging,25000000.0,25000000.0,34.0,13.0
627228,Yan,Couto,Yan Couto,Brazil,Brazil,2002-06-03 00:00:00,Right Midfield,Midfield,right,168.0,16,Borussia Dortmund,20000000.0,25000000.0,4.0,0.0
627356,Yannik,Lührs,Yannik Lührs,Germany,Germany,2003-09-09 00:00:00,Centre-Back,Defender,right,190.0,16,Borussia Dortmund,700000.0,700000.0,2.0,0.0
627442,Benjamin,Sesko,Benjamin Sesko,Slovenia,Slovenia,2003-05-31 00:00:00,Centre-Forward,Attack,right,195.0,985,Manchester United Football Club,65000000.0,70000000.0,45.0,16.0
629588,Nathan,Ngoumou,Nathan Ngoumou,France,Cameroon,2000-03-14 00:00:00,Right Winger,Attack,right,185.0,18,Borussia Verein für Leibesübungen 1900 Mönchengladbach,3500000.0,7000000.0,2.0,0.0
631007,Filippo,Terracciano,Filippo Terracciano,Italy,Italy,2003-02-08 00:00:00,Centre-Back,Defender,right,186.0,2239,Unione Sportiva Cremonese S.p.A.,4500000.0,4500000.0,1.0,0.0
631222,Raúl,Torrente,Raúl Torrente,Spain,Spain,2001-09-11 00:00:00,Centre-Back,Defender,left,193.0,419,GNK Dinamo Zagreb,3500000.0,4000000.0,1.0,0.0
632349,Jarell,Quansah,Jarell Quansah,England,England,2003-01-29 00:00:00,Centre-Back,Defender,right,190.0,15,Bayer 04 Leverkusen Fußball,45000000.0,45000000.0,1.0,0.0
632896,Alejandro,Francés,Alejandro Francés,Spain,Spain,2002-08-01 00:00:00,Centre-Back,Defender,right,182.0,12321,Girona Fútbol Club S. A. D.,3000000.0,5000000.0,20.0,1.0
633454,Alexander,Bernhardsson,Alexander Bernhardsson,Sweden,Sweden,1998-09-08 00:00:00,Right Winger,Attack,left,185.0,269,Holstein Kiel,3000000.0,3000000.0,9.0,0.0
633668,Giovanni,Fabbian,Giovanni Fabbian,Italy,Italy,2003-01-14 00:00:00,Attacking Midfield,Midfield,right,190.0,430,Associazione Calcio Fiorentina,10000000.0,14000000.0,17.0,4.0
635645,Aurèle,Amenda,Aurèle Amenda,Switzerland,Switzerland,2003-07-31 00:00:00,Centre-Back,Defender,right,194.0,24,Eintracht Frankfurt Fußball AG,8000000.0,9500000.0,5.0,0.0
636688,Alejandro,Balde,Alejandro Balde,Spain,Spain,2003-10-18 00:00:00,Left-Back,Defender,left,177.0,131,Futbol Club Barcelona,55000000.0,60000000.0,7.0,0.0
636695,Marc,Casadó,Marc Casadó,Spain,Spain,2003-09-14 00:00:00,Defensive Midfield,Midfield,right,172.0,131,Futbol Club Barcelona,20000000.0,30000000.0,2.0,0.0
636703,Fermín,López,Fermín López,Spain,Spain,2003-05-11 00:00:00,Attacking Midfield,Midfield,right,174.0,131,Futbol Club Barcelona,100000000.0,100000000.0,6.0,0.0
637446,Alistair,Johnston,Alistair Johnston,Canada,Canada,1998-10-08 00:00:00,Right-Back,Defender,right,180.0,371,The Celtic Football Club,8000000.0,10000000.0,56.0,1.0
638964,Nathan,Butler-Oyedeji,Nathan Butler-Oyedeji,England,England,2003-01-04 00:00:00,Centre-Forward,Attack,right,177.0,527,Football Club Lausanne-Sport,800000.0,1000000.0,,
639414,Young-woo,Seol,Young-woo Seol,"Korea, South","Korea, South",1998-12-05 00:00:00,Right-Back,Defender,right,183.0,159,Fudbalski klub Crvena zvezda Beograd,5000000.0,5000000.0,30.0,0.0
640428,Eduardo,Camavinga,Eduardo Camavinga,Angola,France,2002-11-10 00:00:00,Central Midfield,Midfield,left,182.0,418,Real Madrid Club de Fútbol,50000000.0,100000000.0,28.0,2.0
643574,Kaishu,Sano,Kaishu Sano,Japan,Japan,2000-12-30 00:00:00,Defensive Midfield,Midfield,right,176.0,39,1. Fußball- und Sportverein Mainz 05,25000000.0,25000000.0,11.0,0.0
644032,Cheikh,Niasse,Cheikh Niasse,Senegal,Senegal,2000-01-19 00:00:00,Defensive Midfield,Midfield,right,188.0,276,Verona Hellas Football Club,2500000.0,4000000.0,1.0,0.0
644771,Odilon,Kossounou,Odilon Kossounou,Cote d'Ivoire,Cote d'Ivoire,2001-01-04 00:00:00,Centre-Back,Defender,right,191.0,800,Atalanta Bergamasca Calcio S.p.a.,18000000.0,35000000.0,34.0,0.0
645686,Lamare,Bogarde,Lamare Bogarde,Netherlands,Netherlands,2004-01-05 00:00:00,Defensive Midfield,Midfield,right,185.0,405,Aston Villa Football Club,15000000.0,15000000.0,2.0,0.0
645774,Eren,Dinkçi,Eren Dinkçi,Germany,Türkiye,2001-12-13 00:00:00,Right Winger,Attack,right,188.0,2036,1. Fußballclub Heidenheim 1846,6000000.0,12000000.0,0.0,0.0
646740,,Gavi,Gavi,Spain,Spain,2004-08-05 00:00:00,Central Midfield,Midfield,right,173.0,131,Futbol Club Barcelona,30000000.0,90000000.0,28.0,5.0
648020,,Alexsandro,Alexsandro,Brazil,Brazil,1999-08-09 00:00:00,Centre-Back,Defender,both,191.0,1082,Lille Olympique Sporting Club,18000000.0,20000000.0,3.0,0.0
648779,Wilfried,Singo,Wilfried Singo,Cote d'Ivoire,Cote d'Ivoire,2000-12-25 00:00:00,Centre-Back,Defender,right,190.0,141,Galatasaray Spor Kulübü,25000000.0,28000000.0,30.0,0.0
649016,El Bilal,Touré,El Bilal Touré,Cote d'Ivoire,Mali,2001-10-03 00:00:00,Left Winger,Attack,right,185.0,114,Beşiktaş Jimnastik Kulübü,15000000.0,20000000.0,30.0,9.0
649317,Jhon,Durán,Jhon Durán,Colombia,Colombia,2003-12-13 00:00:00,Centre-Forward,Attack,left,185.0,964,AO FK Zenit Sankt-Peterburg,25000000.0,40000000.0,17.0,3.0
649452,Issa,Kaboré,Issa Kaboré,Burkina Faso,Burkina Faso,2001-05-12 00:00:00,Right-Back,Defender,right,180.0,281,Manchester City Football Club,4000000.0,10000000.0,52.0,2.0
650568,António,Silva,António Silva,Portugal,Portugal,2003-10-30 00:00:00,Centre-Back,Defender,right,187.0,294,Sport Lisboa e Benfica,28000000.0,45000000.0,18.0,0.0
651269,Armin,Gigovic,Armin Gigovic,Sweden,Bosnia-Herzegovina,2002-04-06 00:00:00,Central Midfield,Midfield,right,187.0,452,Berner Sport Club Young Boys,2500000.0,3000000.0,18.0,1.0
651735,Magnus,Knudsen,Magnus Knudsen,Norway,Norway,2001-06-15 00:00:00,Central Midfield,Midfield,right,186.0,678,Aarhus Gymnastik Forening,2500000.0,2500000.0,5.0,0.0
652047,Krystof,Danek,Krystof Danek,Czech Republic,Czech Republic,2003-01-05 00:00:00,Attacking Midfield,Midfield,left,182.0,413,Linzer Athletik-Sport-Klub,2000000.0,2000000.0,2.0,0.0
652054,Martin,Vitík,Martin Vitík,Czech Republic,Czech Republic,2003-01-21 00:00:00,Centre-Back,Defender,right,193.0,1025,Bologna Football Club 1909,10000000.0,15000000.0,9.0,0.0
652275,Hákon Arnar,Haraldsson,Hákon Arnar Haraldsson,Iceland,Iceland,2003-04-10 00:00:00,Attacking Midfield,Midfield,right,178.0,1082,Lille Olympique Sporting Club,22000000.0,22000000.0,28.0,3.0
653610,Igor,Paixão,Igor Paixão,Brazil,Brazil,2000-06-28 00:00:00,Left Winger,Attack,right,168.0,244,Olympique de Marseille,35000000.0,35000000.0,1.0,0.0
654415,Alan,Virginius,Alan Virginius,France,France,2003-01-03 00:00:00,Left Midfield,Midfield,right,180.0,452,Berner Sport Club Young Boys,2500000.0,5000000.0,1.0,0.0
654918,Matteo,Dams,Matteo Dams,Belgium,Belgium,2004-03-09 00:00:00,Left-Back,Defender,left,184.0,18487,Al-Ahli Saudi Football Club,4000000.0,5000000.0,5.0,0.0
654991,Samuel,Mbangula,Samuel Mbangula,Belgium,Belgium,2004-01-16 00:00:00,Left Winger,Attack,right,179.0,86,Sportverein Werder Bremen von 1899,10000000.0,14000000.0,11.0,0.0
655488,Gabriel,Martinelli,Gabriel Martinelli,Brazil,Brazil,2001-06-18 00:00:00,Left Winger,Attack,right,178.0,11,Arsenal Football Club,45000000.0,85000000.0,21.0,3.0
656681,Victor,Boniface,Victor Boniface,Nigeria,Nigeria,2000-12-23 00:00:00,Centre-Forward,Attack,right,190.0,86,Sportverein Werder Bremen von 1899,5000000.0,45000000.0,13.0,1.0
657796,Alaa,Ghram,Alaa Ghram,Tunisia,Tunisia,2001-07-24 00:00:00,Centre-Back,Defender,right,190.0,660,FC Shakhtar Donetsk,1200000.0,1500000.0,6.0,0.0
659459,Carney,Chukwuemeka,Carney Chukwuemeka,Austria,Austria,2003-10-20 00:00:00,Central Midfield,Midfield,right,188.0,16,Borussia Dortmund,20000000.0,25000000.0,1.0,1.0
659513,Soumaïla,Coulibaly,Soumaïla Coulibaly,France,France,2003-10-14 00:00:00,Centre-Back,Defender,left,191.0,3911,Stade brestois 29,7000000.0,9000000.0,4.0,0.0
659542,Elye,Wahi,Elye Wahi,France,Cote d'Ivoire,2003-01-02 00:00:00,Centre-Forward,Attack,right,184.0,417,Olympique Gymnaste Club Nice Côte d'Azur,12000000.0,40000000.0,0.0,0.0
659813,Piero,Hincapié,Piero Hincapié,Ecuador,Ecuador,2002-01-09 00:00:00,Centre-Back,Defender,left,184.0,11,Arsenal Football Club,50000000.0,50000000.0,50.0,3.0
661171,Willian,Pacho,Willian Pacho,Ecuador,Ecuador,2001-10-16 00:00:00,Centre-Back,Defender,left,188.0,583,Paris Saint-Germain Football Club,70000000.0,70000000.0,32.0,2.0
661206,Seedy,Jatta,Seedy Jatta,,Norway,2003-03-18 00:00:00,Centre-Forward,Attack,right,182.0,122,Sportklub Puntigamer Sturm Graz,1000000.0,2500000.0,10.0,1.0
662932,Dane,Murray,Dane Murray,,Scotland,2003-06-26 00:00:00,Centre-Back,Defender,right,193.0,371,The Celtic Football Club,350000.0,350000.0,4.0,1.0
665390,Jaden,Philogene,Jaden Philogene,England,England,2002-02-08 00:00:00,Left Winger,Attack,right,181.0,405,Aston Villa Football Club,18000000.0,18000000.0,9.0,4.0
666234,Mohamed,Simakan,Mohamed Simakan,France,France,2000-05-03 00:00:00,Centre-Back,Defender,right,187.0,18544,Al-Nassr Football Club,20000000.0,35000000.0,7.0,0.0
666977,Aliou,Baldé,Aliou Baldé,Senegal,Guinea,2002-12-12 00:00:00,Left Winger,Attack,right,170.0,257,FC St. Gallen 1879,1500000.0,1500000.0,14.0,1.0
668177,Javi,Serrano,Javi Serrano,Spain,Spain,2003-01-16 00:00:00,Central Midfield,Midfield,right,178.0,13,Club Atlético de Madrid S.A.D.,700000.0,700000.0,6.0,0.0
668207,Petar,Sučić,Petar Sučić,Bosnia-Herzegovina,Croatia,2003-10-25 00:00:00,Central Midfield,Midfield,right,183.0,46,Football Club Internazionale Milano S.p.A.,30000000.0,30000000.0,13.0,1.0
668235,,Marlon Gomes,Marlon Gomes,Brazil,Brazil,2003-12-14 00:00:00,Central Midfield,Midfield,right,184.0,660,FC Shakhtar Donetsk,12000000.0,12000000.0,5.0,1.0
669380,Konstantinos,Koulierakis,Konstantinos Koulierakis,Greece,Greece,2003-11-28 00:00:00,Centre-Back,Defender,left,188.0,82,Verein für Leibesübungen Wolfsburg,25000000.0,25000000.0,19.0,0.0
670103,Andreas,Schjelderup,Andreas Schjelderup,Norway,Norway,2004-06-01 00:00:00,Left Winger,Attack,right,176.0,294,Sport Lisboa e Benfica,20000000.0,20000000.0,8.0,0.0
670681,João,Neves,João Neves,Portugal,Portugal,2004-09-27 00:00:00,Central Midfield,Midfield,right,174.0,583,Paris Saint-Germain Football Club,110000000.0,110000000.0,20.0,3.0
670686,Lucas,Anjos,Lucas Anjos,Portugal,Portugal,2004-07-07 00:00:00,Centre-Forward,Attack,right,186.0,336,Sporting Clube de Portugal,,,4.0,0.0
670882,Jamie,Gittens,Jamie Gittens,England,England,2004-08-08 00:00:00,Left Winger,Attack,right,178.0,631,Chelsea Football Club,35000000.0,50000000.0,16.0,2.0
671594,Kamory,Doumbia,Kamory Doumbia,Mali,Mali,2003-02-18 00:00:00,Attacking Midfield,Midfield,right,170.0,3911,Stade brestois 29,9000000.0,9000000.0,30.0,14.0
673514,Abdoulaye,Ndiaye,Abdoulaye Ndiaye,Senegal,Senegal,2002-04-10 00:00:00,Centre-Back,Defender,left,195.0,130,Parma Calcio 1913,6500000.0,7000000.0,1.0,0.0
675857,Indrit,Tuci,Indrit Tuci,Albania,Albania,2000-09-14 00:00:00,Centre-Forward,Attack,right,191.0,3205,Kayserispor Kulübü,700000.0,1000000.0,5.0,0.0
683620,Antoni,Milambo,Antoni Milambo,Netherlands,Netherlands,2005-04-03 00:00:00,Attacking Midfield,Midfield,right,179.0,1148,Brentford Football Club,20000000.0,20000000.0,8.0,0.0
683812,John,Tolkin,John Tolkin,United States,United States,2002-07-31 00:00:00,Left-Back,Defender,left,170.0,269,Holstein Kiel,2500000.0,4000000.0,10.0,0.0
683840,,Pedri,Pedri,Spain,Spain,2002-11-25 00:00:00,Central Midfield,Midfield,right,174.0,131,Futbol Club Barcelona,150000000.0,150000000.0,38.0,5.0
684315,Nnamdi,Collins,Nnamdi Collins,Germany,Germany,2004-01-10 00:00:00,Centre-Back,Defender,right,188.0,24,Eintracht Frankfurt Fußball AG,20000000.0,20000000.0,1.0,0.0
684318,Samuel,Bamba,Samuel Bamba,Germany,Germany,2004-02-13 00:00:00,Right Winger,Attack,both,179.0,80,VfL Bochum,450000.0,800000.0,5.0,0.0
685742,Egor,Prutsev,Egor Prutsev,Russia,Russia,2002-12-23 00:00:00,Attacking Midfield,Midfield,right,181.0,53,Omladinski fudbalski klub Beograd,1200000.0,1500000.0,2.0,0.0
686965,Juan,Cabal,Juan Cabal,Colombia,Colombia,2001-01-08 00:00:00,Left-Back,Defender,left,186.0,506,Juventus Football Club,9000000.0,9000000.0,2.0,0.0
690429,Robert,Wagner,Robert Wagner,Germany,Germany,2003-07-14 00:00:00,Central Midfield,Midfield,right,181.0,35,Fußball-Club St. Pauli von 1910,1400000.0,1400000.0,3.0,0.0
690799,Anthony,Rouault,Anthony Rouault,France,France,2001-05-29 00:00:00,Centre-Back,Defender,right,186.0,273,Stade Rennais Football Club,12000000.0,12000000.0,,
691786,Morgan,Guilavogui,Morgan Guilavogui,France,Guinea,1998-03-10 00:00:00,Right Winger,Attack,right,189.0,6643,Real Salt Lake,4000000.0,4000000.0,21.0,2.0
691892,Nathaniel,Brown,Nathaniel Brown,Germany,Germany,2003-06-16 00:00:00,Left-Back,Defender,left,176.0,24,Eintracht Frankfurt Fußball AG,35000000.0,35000000.0,2.0,0.0
692737,Aljoscha,Kemlein,Aljoscha Kemlein,Germany,Germany,2004-08-02 00:00:00,Defensive Midfield,Midfield,right,187.0,89,1. Fußballclub Union Berlin,12000000.0,12000000.0,6.0,0.0
692807,Ivan,Gutesa,Ivan Gutesa,Yugoslavia (Republic),Serbia,2002-04-04 00:00:00,Goalkeeper,Goalkeeper,left,189.0,159,Fudbalski klub Crvena zvezda Beograd,1000000.0,1200000.0,0.0,0.0
694928,Samuel,Lino,Samuel Lino,Brazil,Brazil,1999-12-23 00:00:00,Left Winger,Attack,right,177.0,614,Clube de Regatas do Flamengo,17000000.0,30000000.0,1.0,0.0
696028,Noah,Pesch,Noah Pesch,Germany,Croatia,2005-05-18 00:00:00,Left Winger,Attack,right,183.0,18,Borussia Verein für Leibesübungen 1900 Mönchengladbach,600000.0,600000.0,1.0,0.0
696164,Tim,Oermann,Tim Oermann,Germany,Germany,2003-10-06 00:00:00,Centre-Back,Defender,right,189.0,15,Bayer 04 Leverkusen Fußball,4000000.0,5000000.0,10.0,0.0
698678,Hugo,Bueno,Hugo Bueno,Spain,Spain,2002-09-18 00:00:00,Left-Back,Defender,left,180.0,543,Wolverhampton Wanderers Football Club,12000000.0,12000000.0,8.0,0.0
699442,Kacper,Urbański,Kacper Urbański,Poland,Poland,2004-09-07 00:00:00,Attacking Midfield,Midfield,right,183.0,255,Legia Warszawa Spółka Akcyjna,2500000.0,7000000.0,3.0,1.0
699783,Raphael,Onyedika,Raphael Onyedika,Nigeria,Nigeria,2001-04-19 00:00:00,Defensive Midfield,Midfield,right,184.0,2282,Club Brugge Koninklijke Voetbalvereniging,23000000.0,23000000.0,24.0,3.0
701057,Rico,Lewis,Rico Lewis,England,England,2004-11-21 00:00:00,Right-Back,Defender,right,170.0,281,Manchester City Football Club,32000000.0,40000000.0,11.0,1.0
701757,Keke,Topp,Keke Topp,Germany,Germany,2004-03-25 00:00:00,Centre-Forward,Attack,right,192.0,86,Sportverein Werder Bremen von 1899,3500000.0,5000000.0,1.0,0.0
701979,Geny,Catamo,Geny Catamo,Mozambique,Mozambique,2001-01-26 00:00:00,Right Winger,Attack,left,172.0,336,Sporting Clube de Portugal,20000000.0,20000000.0,42.0,15.0
702869,Ismael,Saibari,Ismael Saibari,Spain,Morocco,2001-01-28 00:00:00,Attacking Midfield,Midfield,right,185.0,383,Eindhovense Voetbalvereniging Philips Sport Vereniging,32000000.0,32000000.0,26.0,7.0
705395,Gerard,Martín,Gerard Martín,Spain,Spain,2002-02-26 00:00:00,Left-Back,Defender,left,186.0,131,Futbol Club Barcelona,25000000.0,25000000.0,3.0,0.0
706024,Marko,Ivezic,Marko Ivezic,Yugoslavia (Republic),Serbia,2001-12-02 00:00:00,Centre-Back,Defender,right,191.0,269,Holstein Kiel,1500000.0,3000000.0,1.0,0.0
707327,Martin,Suchomel,Martin Suchomel,Czech Republic,Czech Republic,2002-09-11 00:00:00,Left Midfield,Midfield,,183.0,1897,FC Hradec Králové a.s.,750000.0,1000000.0,15.0,0.0
707572,Pau,Víctor,Pau Víctor,Spain,Spain,2001-11-26 00:00:00,Centre-Forward,Attack,right,184.0,1075,Sporting Clube de Braga,12000000.0,12000000.0,,
708072,Nicolò,Savona,Nicolò Savona,Italy,Italy,2003-03-19 00:00:00,Right-Back,Defender,right,192.0,703,Nottingham Forest Football Club,18000000.0,18000000.0,0.0,0.0
708265,Bradley,Barcola,Bradley Barcola,France,France,2002-09-02 00:00:00,Left Winger,Attack,right,182.0,583,Paris Saint-Germain Football Club,70000000.0,70000000.0,18.0,3.0
708454,Romeo,Vermant,Romeo Vermant,Germany,Belgium,2004-01-24 00:00:00,Centre-Forward,Attack,right,184.0,2282,Club Brugge Koninklijke Voetbalvereniging,11000000.0,11000000.0,10.0,3.0
709726,Hugo,Ekitiké,Hugo Ekitiké,France,France,2002-06-20 00:00:00,Centre-Forward,Attack,right,190.0,31,Liverpool Football Club,90000000.0,90000000.0,7.0,2.0
709957,Álex,Valle,Álex Valle,Spain,Spain,2004-04-25 00:00:00,Left-Back,Defender,left,178.0,1047,Calcio Como,10000000.0,10000000.0,5.0,0.0
711517,Kevin,Paredes,Kevin Paredes,United States,United States,2003-05-07 00:00:00,Left Midfield,Midfield,left,175.0,82,Verein für Leibesübungen Wolfsburg,3000000.0,7500000.0,3.0,0.0
712117,Bobby,Clark,Bobby Clark,England,England,2005-02-07 00:00:00,Central Midfield,Midfield,right,178.0,409,Fußballclub Red Bull Salzburg,1000000.0,1000000.0,1.0,0.0
718756,Daniil,Khudyakov,Daniil Khudyakov,Russia,Russia,2004-01-09 00:00:00,Goalkeeper,Goalkeeper,right,194.0,122,Sportklub Puntigamer Sturm Graz,700000.0,2500000.0,3.0,0.0
719694,Andu,Kelati,Andu Kelati,Germany,Germany,2002-08-13 00:00:00,Left Winger,Attack,right,181.0,269,Holstein Kiel,,,,
720038,Pablo,Torre,Pablo Torre,Spain,Spain,2003-04-03 00:00:00,Attacking Midfield,Midfield,right,173.0,237,Real Club Deportivo Mallorca S.A.D.,5000000.0,7500000.0,21.0,2.0
720162,Justin,Diehl,Justin Diehl,Germany,Germany,2004-11-27 00:00:00,Left Winger,Attack,right,174.0,79,Verein für Bewegungsspiele Stuttgart 1893,1800000.0,3500000.0,8.0,1.0
724104,Fabio,Chiarodia,Fabio Chiarodia,Germany,Italy,2005-06-05 00:00:00,Centre-Back,Defender,left,186.0,18,Borussia Verein für Leibesübungen 1900 Mönchengladbach,3000000.0,3000000.0,3.0,0.0
724129,Matías,Fernández-Pardo,Matías Fernández-Pardo,Belgium,Spain,2005-02-03 00:00:00,Left Winger,Attack,right,188.0,1082,Lille Olympique Sporting Club,30000000.0,30000000.0,0.0,0.0
741090,Jonas,Rouhi,Jonas Rouhi,Sweden,Sweden,2004-01-07 00:00:00,Left-Back,Defender,left,183.0,506,Juventus Football Club,2000000.0,2000000.0,14.0,1.0
741142,Zaid,Romero,Zaid Romero,Argentina,Argentina,1999-12-15 00:00:00,Centre-Back,Defender,left,192.0,3709,Getafe Club de Fútbol S. A. D. Team Dubai,2500000.0,6000000.0,,
741258,Sergi,Domínguez,Sergi Domínguez,Spain,Spain,2005-04-01 00:00:00,Centre-Back,Defender,right,191.0,419,GNK Dinamo Zagreb,2500000.0,2500000.0,0.0,0.0
742201,Giuliano,Simeone,Giuliano Simeone,Italy,Argentina,2002-12-18 00:00:00,Right Winger,Attack,right,173.0,13,Club Atlético de Madrid S.A.D.,40000000.0,40000000.0,9.0,1.0
742521,Jhon,Solís,Jhon Solís,Colombia,Colombia,2004-10-03 00:00:00,Central Midfield,Midfield,right,186.0,12321,Girona Fútbol Club S. A. D.,2500000.0,4000000.0,0.0,0.0
743122,Kyriani,Sabbe,Kyriani Sabbe,Belgium,Belgium,2005-01-26 00:00:00,Right-Back,Defender,right,175.0,2282,Club Brugge Koninklijke Voetbalvereniging,8000000.0,8000000.0,3.0,0.0
743384,Chemsdine,Talbi,Chemsdine Talbi,Belgium,Morocco,2005-05-09 00:00:00,Right Winger,Attack,right,175.0,289,Sunderland Association Football Club,25000000.0,25000000.0,3.0,0.0
743413,Nico,O'Reilly,Nico O'Reilly,England,England,2005-03-21 00:00:00,Left-Back,Defender,left,193.0,281,Manchester City Football Club,50000000.0,50000000.0,2.0,0.0
743587,Vinícius,Tobias,Vinícius Tobias,Brazil,Brazil,2004-02-23 00:00:00,Right-Back,Defender,right,177.0,660,FC Shakhtar Donetsk,6000000.0,6000000.0,1.0,0.0
743591,,Savinho,Savinho,Brazil,Brazil,2004-04-10 00:00:00,Left Winger,Attack,left,176.0,281,Manchester City Football Club,40000000.0,55000000.0,13.0,1.0
744728,Arijon,Ibrahimovic,Arijon Ibrahimovic,Germany,Germany,2005-12-11 00:00:00,Attacking Midfield,Midfield,right,178.0,2036,1. Fußballclub Heidenheim 1846,6000000.0,6000000.0,1.0,0.0
745075,David,Preu,David Preu,Germany,Germany,2004-10-26 00:00:00,Left Winger,Attack,right,172.0,89,1. Fußballclub Union Berlin,400000.0,400000.0,,
745181,Soungoutou,Magassa,Soungoutou Magassa,France,France,2003-10-08 00:00:00,Defensive Midfield,Midfield,right,190.0,379,West Ham United Football Club,17000000.0,17000000.0,8.0,0.0
745200,Maghnes,Akliouche,Maghnes Akliouche,France,France,2002-02-25 00:00:00,Right Winger,Attack,left,183.0,162,Association sportive de Monaco Football Club,50000000.0,50000000.0,6.0,1.0
746910,Mohamed,Amoura,Mohamed Amoura,Algeria,Algeria,2000-05-09 00:00:00,Centre-Forward,Attack,right,170.0,82,Verein für Leibesübungen Wolfsburg,27000000.0,32000000.0,43.0,19.0
750903,Jaouen,Hadjam,Jaouen Hadjam,France,Algeria,2003-03-26 00:00:00,Left-Back,Defender,left,185.0,452,Berner Sport Club Young Boys,8000000.0,9000000.0,16.0,3.0
763079,Abdukodir,Khusanov,Abdukodir Khusanov,Uzbekistan,Uzbekistan,2004-02-29 00:00:00,Centre-Back,Defender,right,186.0,281,Manchester City Football Club,35000000.0,35000000.0,24.0,0.0
765972,Zepiqueno,Redmond,Zepiqueno Redmond,Netherlands,Netherlands,2006-06-22 00:00:00,Centre-Forward,Attack,right,184.0,234,Feyenoord Rotterdam,,,9.0,4.0
775257,Aymen,Sliti,Aymen Sliti,Netherlands,Netherlands,2006-03-24 00:00:00,Left Winger,Attack,left,179.0,234,Feyenoord Rotterdam,3000000.0,3000000.0,1.0,0.0
775605,Pablo,Barrios,Pablo Barrios,Spain,Spain,2003-06-15 00:00:00,Central Midfield,Midfield,right,181.0,13,Club Atlético de Madrid S.A.D.,60000000.0,60000000.0,4.0,0.0
776798,Abdallah,Sima,Abdallah Sima,Senegal,Senegal,2001-06-17 00:00:00,Left Winger,Attack,right,188.0,826,Racing Club de Lens,4000000.0,11000000.0,9.0,0.0
777005,Mert,Kömür,Mert Kömür,Germany,Germany,2005-07-17 00:00:00,Attacking Midfield,Midfield,both,184.0,167,Fußball-Club Augsburg 1907,12000000.0,12000000.0,4.0,0.0
787151,Lukas,Ullrich,Lukas Ullrich,Germany,Germany,2004-03-16 00:00:00,Left-Back,Defender,left,180.0,18,Borussia Verein für Leibesübungen 1900 Mönchengladbach,7000000.0,8000000.0,9.0,0.0
787912,El Chadaille,Bitshiabu,El Chadaille Bitshiabu,France,France,2005-05-16 00:00:00,Centre-Back,Defender,left,196.0,23826,RasenBallsport Leipzig,15000000.0,18000000.0,1.0,0.0
789082,,Vanderson,Vanderson,Brazil,Brazil,2001-06-21 00:00:00,Right-Back,Defender,right,173.0,162,Association sportive de Monaco Football Club,20000000.0,20000000.0,7.0,0.0
789252,Bence,Dárdai,Bence Dárdai,Germany,Hungary,2006-01-24 00:00:00,Attacking Midfield,Midfield,right,189.0,82,Verein für Leibesübungen Wolfsburg,7000000.0,12000000.0,3.0,0.0
792380,Aleksandar,Pavlovic,Aleksandar Pavlovic,Germany,Germany,2004-05-03 00:00:00,Defensive Midfield,Midfield,both,188.0,27,FC Bayern München,75000000.0,75000000.0,9.0,1.0
794349,Julien,Le Cardinal,Julien Le Cardinal,France,France,1997-08-03 00:00:00,Centre-Back,Defender,right,184.0,3911,Stade brestois 29,1500000.0,2500000.0,,
796213,Nelson,Weiper,Nelson Weiper,Germany,Germany,2005-03-17 00:00:00,Centre-Forward,Attack,right,192.0,39,1. Fußball- und Sportverein Mainz 05,10000000.0,15000000.0,17.0,5.0
796221,Mats,Pannewig,Mats Pannewig,Germany,Germany,2004-10-28 00:00:00,Central Midfield,Midfield,,195.0,80,VfL Bochum,2500000.0,2500000.0,,
798043,Tom,Rothe,Tom Rothe,Germany,Germany,2004-10-29 00:00:00,Left-Back,Defender,left,193.0,89,1. Fußballclub Union Berlin,10000000.0,12000000.0,6.0,1.0
800976,Adamo,Nagalo,Adamo Nagalo,Cote d'Ivoire,Burkina Faso,2002-09-22 00:00:00,Centre-Back,Defender,right,188.0,2293,Konyaspor,2500000.0,7000000.0,20.0,0.0
800988,Benjamin,Boakye,Benjamin Boakye,Germany,Germany,2005-03-07 00:00:00,Left Winger,Attack,right,180.0,79,Verein für Bewegungsspiele Stuttgart 1893,1200000.0,1200000.0,3.0,0.0
801734,Mathys,Tel,Mathys Tel,France,France,2005-04-27 00:00:00,Centre-Forward,Attack,right,183.0,148,Tottenham Hotspur Football Club,25000000.0,50000000.0,20.0,12.0
804219,Léo,Scienza,Léo Scienza,Brazil,Brazil,1998-09-13 00:00:00,Attacking Midfield,Midfield,both,175.0,2036,1. Fußballclub Heidenheim 1846,9000000.0,9000000.0,,
804831,Hendry,Blank,Hendry Blank,Germany,Germany,2004-08-21 00:00:00,Centre-Back,Defender,left,189.0,409,Fußballclub Red Bull Salzburg,2500000.0,3000000.0,6.0,0.0
805534,Arjan,Malic,Arjan Malic,Slovenia,Bosnia-Herzegovina,2005-08-28 00:00:00,Right-Back,Defender,right,186.0,122,Sportklub Puntigamer Sturm Graz,1800000.0,1800000.0,2.0,0.0
805714,Renato,Veiga,Renato Veiga,Portugal,Portugal,2003-07-29 00:00:00,Centre-Back,Defender,left,190.0,1050,Villarreal Club de Fútbol S.A.D.,25000000.0,25000000.0,9.0,1.0
806948,Frank,Feller,Frank Feller,Germany,Germany,2004-01-07 00:00:00,Goalkeeper,Goalkeeper,right,183.0,2036,1. Fußballclub Heidenheim 1846,500000.0,500000.0,0.0,0.0
807386,Conrad,Harder,Conrad Harder,Denmark,Denmark,2005-04-07 00:00:00,Centre-Forward,Attack,left,185.0,23826,RasenBallsport Leipzig,20000000.0,24000000.0,12.0,3.0
808664,Florian,Micheler,Florian Micheler,Austria,Austria,2005-05-17 00:00:00,Attacking Midfield,Midfield,right,185.0,533,Turn- und Sportgemeinschaft 1899 Hoffenheim Fußball-Spielbetriebs,500000.0,500000.0,7.0,0.0
809498,Luca,Kerber,Luca Kerber,Germany,Germany,2002-03-10 00:00:00,Central Midfield,Midfield,right,184.0,2036,1. Fußballclub Heidenheim 1846,2000000.0,2500000.0,,
810092,Warren,Zaïre-Emery,Warren Zaïre-Emery,France,France,2006-03-08 00:00:00,Central Midfield,Midfield,right,178.0,583,Paris Saint-Germain Football Club,60000000.0,60000000.0,9.0,1.0
810108,Paul,Hennrich,Paul Hennrich,Germany,Germany,2005-03-06 00:00:00,Left Winger,Attack,left,181.0,533,Turn- und Sportgemeinschaft 1899 Hoffenheim Fußball-Spielbetriebs,1200000.0,1200000.0,2.0,0.0
810895,Eliesse,Ben Seghir,Eliesse Ben Seghir,France,Morocco,2005-02-16 00:00:00,Left Winger,Attack,right,178.0,15,Bayer 04 Leverkusen Fußball,20000000.0,30000000.0,20.0,3.0
810909,Lucas,Michal,Lucas Michal,France,France,2005-06-22 00:00:00,Left Winger,Attack,right,185.0,347,Football Club de Metz,4000000.0,4000000.0,19.0,10.0
811778,Álvaro,Carreras,Álvaro Carreras,Spain,Spain,2003-03-23 00:00:00,Left-Back,Defender,left,186.0,418,Real Madrid Club de Fútbol,60000000.0,60000000.0,9.0,0.0
813437,Isaac,Babadi,Isaac Babadi,Netherlands,Netherlands,2005-04-06 00:00:00,Attacking Midfield,Midfield,right,179.0,1096,Royal Antwerp Football Club,2000000.0,6000000.0,6.0,2.0
815078,Jordy,Makengo,Jordy Makengo,France,France,2001-08-03 00:00:00,Left-Back,Defender,left,191.0,60,Sport-Club Freiburg,6000000.0,6000000.0,,
816580,Tiago,Santos,Tiago Santos,Portugal,Portugal,2002-07-23 00:00:00,Right-Back,Defender,right,175.0,1082,Lille Olympique Sporting Club,12000000.0,15000000.0,0.0,0.0
816585,Can,Uzun,Can Uzun,Germany,Türkiye,2005-11-11 00:00:00,Attacking Midfield,Midfield,right,186.0,24,Eintracht Frankfurt Fußball AG,45000000.0,45000000.0,4.0,0.0
816974,Tygo,Land,Tygo Land,Netherlands,Netherlands,2006-01-11 00:00:00,Central Midfield,Midfield,right,178.0,202,Football Club Groningen,1500000.0,3000000.0,0.0,0.0
818880,Tommaso,Corazza,Tommaso Corazza,Italy,Italy,2004-06-29 00:00:00,Left-Back,Defender,right,174.0,1025,Bologna Football Club 1909,1500000.0,1500000.0,1.0,0.0
819215,Julien,Duranville,Julien Duranville,Belgium,Belgium,2006-05-05 00:00:00,Left Winger,Attack,right,173.0,26,FC Basel 1893 AG,7000000.0,8500000.0,4.0,1.0
822958,Tim,Drexler,Tim Drexler,Germany,Germany,2005-03-06 00:00:00,Centre-Back,Defender,right,186.0,409,Fußballclub Red Bull Salzburg,2500000.0,4000000.0,6.0,0.0
822959,Tom,Bischof,Tom Bischof,Germany,Germany,2005-06-28 00:00:00,Central Midfield,Midfield,left,176.0,27,FC Bayern München,40000000.0,40000000.0,4.0,3.0
825199,Facundo,González,Facundo González,Uruguay,Uruguay,2003-06-06 00:00:00,Centre-Back,Defender,left,193.0,234,Feyenoord Rotterdam,,,0.0,0.0
826224,Arnau,Martínez,Arnau Martínez,Spain,Spain,2003-04-25 00:00:00,Right-Back,Defender,right,182.0,12321,Girona Fútbol Club S. A. D.,10000000.0,15000000.0,12.0,0.0
829838,Hennes,Behrens,Hennes Behrens,Germany,Germany,2005-01-19 00:00:00,Left-Back,Defender,right,175.0,2036,1. Fußballclub Heidenheim 1846,2000000.0,2000000.0,,
830108,Julián,Malatini,Julián Malatini,Argentina,Argentina,2001-05-31 00:00:00,Centre-Back,Defender,right,191.0,86,Sportverein Werder Bremen von 1899,2000000.0,3000000.0,0.0,0.0
838236,Marin,Ljubicic,Marin Ljubicic,Croatia,Croatia,2002-02-28 00:00:00,Centre-Forward,Attack,right,183.0,89,1. Fußballclub Union Berlin,2500000.0,8000000.0,19.0,9.0
845289,James,McConnell,James McConnell,England,England,2004-09-13 00:00:00,Defensive Midfield,Midfield,right,180.0,31,Liverpool Football Club,2000000.0,2000000.0,2.0,0.0
845654,Kenan,Yıldız,Kenan Yıldız,Germany,Türkiye,2005-05-04 00:00:00,Left Winger,Attack,both,187.0,506,Juventus Football Club,75000000.0,75000000.0,27.0,5.0
846310,Oscar,Højlund,Oscar Højlund,Denmark,Denmark,2005-01-04 00:00:00,Central Midfield,Midfield,right,184.0,24,Eintracht Frankfurt Fußball AG,10000000.0,10000000.0,5.0,0.0
848682,Kosta,Nedeljkovic,Kosta Nedeljkovic,Serbia and Montenegro,Serbia,2005-12-16 00:00:00,Right-Back,Defender,right,184.0,23826,RasenBallsport Leipzig,6000000.0,10000000.0,8.0,0.0
849520,Santiago,Castro,Santiago Castro,Argentina,Argentina,2004-09-18 00:00:00,Centre-Forward,Attack,right,179.0,1025,Bologna Football Club 1909,35000000.0,35000000.0,0.0,0.0
851551,Ognjen,Mimović,Ognjen Mimović,Serbia and Montenegro,Serbia,2004-08-17 00:00:00,Right-Back,Defender,right,179.0,45457,,3200000.0,4000000.0,4.0,0.0
853110,Hyun-jun,Yang,Hyun-jun Yang,"Korea, South","Korea, South",2002-05-25 00:00:00,Right Winger,Attack,right,176.0,371,The Celtic Football Club,3000000.0,3000000.0,6.0,0.0
855015,Farès,Chaïbi,Farès Chaïbi,France,Algeria,2002-11-28 00:00:00,Attacking Midfield,Midfield,right,183.0,24,Eintracht Frankfurt Fußball AG,15000000.0,18000000.0,28.0,3.0
855134,Skelly,Alvero,Skelly Alvero,France,France,2002-05-04 00:00:00,Defensive Midfield,Midfield,right,202.0,86,Sportverein Werder Bremen von 1899,2500000.0,4000000.0,,
856068,Jeyland,Mitchell,Jeyland Mitchell,Costa Rica,Costa Rica,2004-09-29 00:00:00,Centre-Back,Defender,right,187.0,122,Sportklub Puntigamer Sturm Graz,1800000.0,2500000.0,21.0,2.0
857818,Yáser,Asprilla,Yáser Asprilla,Colombia,Colombia,2003-11-19 00:00:00,Right Winger,Attack,left,176.0,141,Galatasaray Spor Kulübü,14000000.0,18000000.0,11.0,2.0
858712,,Pedro Henrique,Pedro Henrique,Brazil,Brazil,2002-07-11 00:00:00,Left-Back,Defender,left,177.0,660,FC Shakhtar Donetsk,6000000.0,6000000.0,,
861410,Arda,Güler,Arda Güler,Türkiye,Türkiye,2005-02-25 00:00:00,Attacking Midfield,Midfield,left,175.0,418,Real Madrid Club de Fútbol,90000000.0,90000000.0,27.0,6.0
862297,Nasser,Djiga,Nasser Djiga,Burkina Faso,Burkina Faso,2002-11-15 00:00:00,Centre-Back,Defender,right,192.0,124,Rangers Football Club,6000000.0,10000000.0,11.0,1.0
863759,Bruno,Ogbus,Bruno Ogbus,Switzerland,Switzerland,2005-12-17 00:00:00,Centre-Back,Defender,right,188.0,60,Sport-Club Freiburg,10000000.0,10000000.0,6.0,0.0
864799,Stefan,Bajcetic,Stefan Bajcetic,Spain,Spain,2004-10-22 00:00:00,Defensive Midfield,Midfield,right,185.0,31,Liverpool Football Club,5000000.0,13000000.0,5.0,0.0
866579,Cole,Campbell,Cole Campbell,United States,United States,2006-02-20 00:00:00,Right Winger,Attack,left,170.0,533,Turn- und Sportgemeinschaft 1899 Hoffenheim Fußball-Spielbetriebs,5000000.0,5000000.0,2.0,0.0
872171,Lucas,Beraldo,Lucas Beraldo,Brazil,Brazil,2003-11-24 00:00:00,Centre-Back,Defender,left,186.0,583,Paris Saint-Germain Football Club,20000000.0,30000000.0,5.0,0.0
875328,,Biel,Biel,Brazil,Brazil,2001-04-01 00:00:00,Left Winger,Attack,right,170.0,28844,Al-Taawoun Football Club,4500000.0,5000000.0,,
875332,Arthur,Chaves,Arthur Chaves,Brazil,Brazil,2001-01-29 00:00:00,Centre-Back,Defender,right,188.0,167,Fußball-Club Augsburg 1907,4000000.0,5000000.0,6.0,0.0
881297,Adam,Daghim,Adam Daghim,Denmark,Denmark,2005-09-28 00:00:00,Right Winger,Attack,left,189.0,82,Verein für Leibesübungen Wolfsburg,7500000.0,7500000.0,7.0,1.0
884810,Kjell,Wätjen,Kjell Wätjen,Germany,Germany,2006-02-16 00:00:00,Central Midfield,Midfield,right,184.0,16,Borussia Dortmund,3500000.0,3500000.0,3.0,2.0
884820,Almugera,Kabar,Almugera Kabar,Germany,Germany,2006-06-06 00:00:00,Left-Back,Defender,left,186.0,16,Borussia Dortmund,3000000.0,3000000.0,2.0,0.0
887638,Davide,Bartesaghi,Davide Bartesaghi,Italy,Italy,2005-12-29 00:00:00,Left-Back,Defender,left,193.0,5,Associazione Calcio Milan,23000000.0,23000000.0,5.0,0.0
890719,Ethan,Nwaneri,Ethan Nwaneri,England,England,2007-03-21 00:00:00,Attacking Midfield,Midfield,left,176.0,244,Olympique de Marseille,40000000.0,55000000.0,13.0,3.0
890721,Myles,Lewis-Skelly,Myles Lewis-Skelly,England,England,2006-09-26 00:00:00,Left-Back,Defender,left,178.0,11,Arsenal Football Club,35000000.0,45000000.0,0.0,0.0
893661,Joel,Ordóñez,Joel Ordóñez,Ecuador,Ecuador,2004-04-21 00:00:00,Centre-Back,Defender,right,188.0,2282,Club Brugge Koninklijke Voetbalvereniging,33000000.0,33000000.0,14.0,0.0
894914,Antonio,Nusa,Antonio Nusa,Norway,Norway,2005-04-17 00:00:00,Left Winger,Attack,right,183.0,23826,RasenBallsport Leipzig,32000000.0,32000000.0,20.0,7.0
895937,Marco,Palestra,Marco Palestra,Italy,Italy,2005-03-03 00:00:00,Right-Back,Defender,right,186.0,1390,Cagliari Calcio,30000000.0,30000000.0,1.0,0.0
897423,David,Odogu,David Odogu,Germany,Germany,2006-06-03 00:00:00,Centre-Back,Defender,right,191.0,5,Associazione Calcio Milan,5000000.0,5000000.0,3.0,0.0
897424,Assan,Ouédraogo,Assan Ouédraogo,Germany,Germany,2006-05-09 00:00:00,Central Midfield,Midfield,right,191.0,23826,RasenBallsport Leipzig,28000000.0,28000000.0,1.0,1.0
900195,,Kevin,Kevin,Brazil,Brazil,2003-01-04 00:00:00,Left Winger,Attack,right,176.0,931,Fulham Football Club,30000000.0,30000000.0,5.0,2.0
900909,Paul,Wanner,Paul Wanner,Austria,Austria,2005-12-23 00:00:00,Attacking Midfield,Midfield,left,185.0,383,Eindhovense Voetbalvereniging Philips Sport Vereniging,18000000.0,18000000.0,1.0,0.0
903666,Ethan,Mbappé,Ethan Mbappé,France,France,2006-12-29 00:00:00,Right Winger,Attack,left,180.0,1082,Lille Olympique Sporting Club,9000000.0,9000000.0,0.0,0.0
903693,Senny,Mayulu,Senny Mayulu,France,France,2006-05-17 00:00:00,Central Midfield,Midfield,both,183.0,583,Paris Saint-Germain Football Club,40000000.0,40000000.0,2.0,0.0
903706,Albion,Rrahmani,Albion Rrahmani,Yugoslavia (Republic),Kosovo,2000-08-31 00:00:00,Centre-Forward,Attack,both,188.0,197,"AC Sparta Praha, a. s.",7000000.0,8000000.0,22.0,6.0
913305,Idjessi,Metsoko,Idjessi Metsoko,France,Togo,2002-03-14 00:00:00,Centre-Forward,Attack,,,941,"FC Viktoria Plzeň, a.s.",275000.0,275000.0,0.0,0.0
914562,Désiré,Doué,Désiré Doué,France,France,2005-06-03 00:00:00,Right Winger,Attack,right,181.0,583,Paris Saint-Germain Football Club,90000000.0,90000000.0,5.0,0.0
917120,Tanguy,Zoukrou,Tanguy Zoukrou,France,France,2003-05-07 00:00:00,Centre-Back,Defender,right,189.0,452,Berner Sport Club Young Boys,2000000.0,2000000.0,15.0,0.0
917911,Anis,Hadj Moussa,Anis Hadj Moussa,France,Algeria,2002-02-11 00:00:00,Right Winger,Attack,left,176.0,234,Feyenoord Rotterdam,20000000.0,20000000.0,13.0,0.0
918969,Lamine,Camara,Lamine Camara,Senegal,Senegal,2004-01-01 00:00:00,Central Midfield,Midfield,right,173.0,162,Association sportive de Monaco Football Club,35000000.0,35000000.0,23.0,6.0
919515,Jeanuël,Belocian,Jeanuël Belocian,Guadeloupe,France,2005-02-17 00:00:00,Centre-Back,Defender,left,186.0,82,Verein für Leibesübungen Wolfsburg,12000000.0,20000000.0,7.0,0.0
923595,Max,Moerstedt,Max Moerstedt,Germany,Germany,2006-01-15 00:00:00,Centre-Forward,Attack,right,194.0,533,Turn- und Sportgemeinschaft 1899 Hoffenheim Fußball-Spielbetriebs,7000000.0,7000000.0,5.0,5.0
923915,Antal,Yaakobishvili,Antal Yaakobishvili,Hungary,Hungary,2004-07-12 00:00:00,Centre-Back,Defender,both,193.0,12321,Girona Fútbol Club S. A. D.,500000.0,500000.0,15.0,0.0
923945,Noahkai,Banks,Noahkai Banks,United States,United States,2006-12-01 00:00:00,Centre-Back,Defender,right,193.0,167,Fußball-Club Augsburg 1907,22000000.0,22000000.0,0.0,0.0
924117,Finn,Jeltsch,Finn Jeltsch,Germany,Germany,2006-07-17 00:00:00,Centre-Back,Defender,right,188.0,79,Verein für Bewegungsspiele Stuttgart 1893,30000000.0,30000000.0,4.0,0.0
925862,Esmir,Bajraktarevic,Esmir Bajraktarevic,United States,Bosnia-Herzegovina,2005-03-10 00:00:00,Right Winger,Attack,left,175.0,383,Eindhovense Voetbalvereniging Philips Sport Vereniging,5000000.0,5000000.0,13.0,1.0
926301,Tiago,Pereira Cardoso,Tiago Pereira Cardoso,Luxembourg,Luxembourg,2006-04-07 00:00:00,Goalkeeper,Goalkeeper,right,190.0,18,Borussia Verein für Leibesübungen 1900 Mönchengladbach,1500000.0,1500000.0,7.0,0.0
926694,Arthur,Vermeeren,Arthur Vermeeren,Belgium,Belgium,2005-02-07 00:00:00,Defensive Midfield,Midfield,right,180.0,244,Olympique de Marseille,22000000.0,30000000.0,9.0,0.0
927353,Johan,Manzambi,Johan Manzambi,Switzerland,Switzerland,2005-10-14 00:00:00,Central Midfield,Midfield,right,182.0,60,Sport-Club Freiburg,35000000.0,35000000.0,9.0,3.0
928323,Ibrahim,Salah,Ibrahim Salah,Belgium,Morocco,2001-08-30 00:00:00,Left Winger,Attack,right,186.0,26,FC Basel 1893 AG,2000000.0,6000000.0,0.0,0.0
929887,Adam,Sevinsky,Adam Sevinsky,Czech Republic,Czech Republic,2004-06-19 00:00:00,Centre-Back,Defender,,187.0,197,"AC Sparta Praha, a. s.",4500000.0,4500000.0,7.0,0.0
929943,Francis,Onyeka,Francis Onyeka,Germany,Germany,2007-04-29 00:00:00,Attacking Midfield,Midfield,left,186.0,15,Bayer 04 Leverkusen Fußball,6000000.0,6000000.0,6.0,8.0
930571,Oscar,Gloukh,Oscar Gloukh,Israel,Israel,2004-04-01 00:00:00,Attacking Midfield,Midfield,both,171.0,610,AFC Ajax Amsterdam,15000000.0,25000000.0,28.0,4.0
930767,Giacomo,De Pieri,Giacomo De Pieri,,Italy,2006-12-29 00:00:00,Right Winger,Attack,left,174.0,46,Football Club Internazionale Milano S.p.A.,1500000.0,1500000.0,4.0,0.0
930780,Thomas,Berenbruch,Thomas Berenbruch,Italy,Italy,2005-05-31 00:00:00,Central Midfield,Midfield,left,177.0,46,Football Club Internazionale Milano S.p.A.,1200000.0,1500000.0,5.0,1.0
931415,João,Rego,João Rego,Portugal,Portugal,2005-06-20 00:00:00,Attacking Midfield,Midfield,right,182.0,294,Sport Lisboa e Benfica,3000000.0,3000000.0,1.0,0.0
931838,Hugo,Larsson,Hugo Larsson,Sweden,Sweden,2004-06-27 00:00:00,Central Midfield,Midfield,right,187.0,24,Eintracht Frankfurt Fußball AG,32000000.0,40000000.0,12.0,0.0
935245,Raúl,Asencio,Raúl Asencio,Spain,Spain,2003-02-13 00:00:00,Centre-Back,Defender,right,184.0,418,Real Madrid Club de Fútbol,25000000.0,40000000.0,0.0,0.0
937955,Héctor,Fort,Héctor Fort,Spain,Spain,2006-08-02 00:00:00,Right-Back,Defender,right,185.0,1531,Elche Club de Fútbol S.A.D.,12000000.0,12000000.0,1.0,0.0
937958,,Lamine Yamal,Lamine Yamal,Spain,Spain,2007-07-13 00:00:00,Right Winger,Attack,left,180.0,131,Futbol Club Barcelona,200000000.0,200000000.0,23.0,6.0
938146,Adam,Aznou,Adam Aznou,Spain,Morocco,2006-06-02 00:00:00,Left-Back,Defender,left,178.0,29,Everton Football Club,7000000.0,7000000.0,1.0,0.0
939290,Jayden,Danns,Jayden Danns,England,England,2006-01-16 00:00:00,Centre-Forward,Attack,right,183.0,31,Liverpool Football Club,800000.0,1000000.0,1.0,1.0
939745,Lorenzo,Torriani,Lorenzo Torriani,Italy,Italy,2005-01-31 00:00:00,Goalkeeper,Goalkeeper,right,197.0,5,Associazione Calcio Milan,500000.0,500000.0,4.0,0.0
939964,Jean-Mattéo,Bahoya,Jean-Mattéo Bahoya,France,France,2005-05-07 00:00:00,Left Winger,Attack,right,180.0,24,Eintracht Frankfurt Fußball AG,25000000.0,25000000.0,5.0,2.0
942070,Wessel,Kuhn,Wessel Kuhn,Netherlands,Netherlands,2006-09-16 00:00:00,Centre-Back,Defender,left,185.0,383,Eindhovense Voetbalvereniging Philips Sport Vereniging,500000.0,500000.0,5.0,0.0
942497,Jahmai,Simpson-Pusey,Jahmai Simpson-Pusey,England,England,2005-11-04 00:00:00,Centre-Back,Defender,right,187.0,3,1. Fußball-Club Köln,6000000.0,6000000.0,0.0,0.0
944570,Vasilije,Adžić,Vasilije Adžić,Serbia and Montenegro,Montenegro,2006-05-12 00:00:00,Attacking Midfield,Midfield,right,185.0,506,Juventus Football Club,8000000.0,8000000.0,6.0,2.0
946883,Iván,Fresneda,Iván Fresneda,Spain,Spain,2004-09-28 00:00:00,Right-Back,Defender,right,183.0,336,Sporting Clube de Portugal,12000000.0,15000000.0,3.0,1.0
947360,Kassoum,Ouattara,Kassoum Ouattara,France,France,2004-10-14 00:00:00,Left-Back,Defender,left,184.0,162,Association sportive de Monaco Football Club,12000000.0,12000000.0,3.0,0.0
948278,Jacobo,Ramón,Jacobo Ramón,Spain,Spain,2005-01-06 00:00:00,Centre-Back,Defender,right,196.0,1047,Calcio Como,25000000.0,25000000.0,2.0,0.0
948537,Anrie,Chase,Anrie Chase,Japan,Japan,2004-03-24 00:00:00,Centre-Back,Defender,right,188.0,409,Fußballclub Red Bull Salzburg,2000000.0,5000000.0,6.0,0.0
948913,Daniel,Cummings,Daniel Cummings,,Scotland,2006-04-14 00:00:00,Centre-Forward,Attack,right,185.0,371,The Celtic Football Club,,,3.0,0.0
951217,Lukas,Penxa,Lukas Penxa,,Czech Republic,2004-06-06 00:00:00,Left Midfield,Midfield,,179.0,450,FK Dukla Praha a.s.,400000.0,500000.0,0.0,0.0
952282,Afonso,Moreira,Afonso Moreira,Portugal,Portugal,2005-03-19 00:00:00,Left Winger,Attack,right,176.0,1041,Olympique Lyonnais,10000000.0,10000000.0,2.0,0.0
952779,Andrija,Maksimovic,Andrija Maksimovic,Serbia,Serbia,2007-06-05 00:00:00,Attacking Midfield,Midfield,left,182.0,23826,RasenBallsport Leipzig,12000000.0,15000000.0,4.0,1.0
955448,Tidiam,Gomis,Tidiam Gomis,France,France,2006-08-08 00:00:00,Left Winger,Attack,right,183.0,23826,RasenBallsport Leipzig,5000000.0,5000000.0,5.0,1.0
958937,João,Simões,João Simões,Portugal,Portugal,2007-01-06 00:00:00,Central Midfield,Midfield,left,178.0,336,Sporting Clube de Portugal,15000000.0,15000000.0,3.0,1.0
960057,Juan,Córdoba,Juan Córdoba,Colombia,Colombia,2003-07-11 00:00:00,Right Winger,Attack,left,170.0,419,GNK Dinamo Zagreb,850000.0,1500000.0,7.0,1.0
962110,Pau,Cubarsí,Pau Cubarsí,Spain,Spain,2007-01-22 00:00:00,Centre-Back,Defender,right,184.0,131,Futbol Club Barcelona,80000000.0,80000000.0,10.0,0.0
962111,Andrés,Cuenca,Andrés Cuenca,Spain,Spain,2007-06-11 00:00:00,Centre-Back,Defender,left,186.0,131,Futbol Club Barcelona,,,7.0,0.0
971570,,Endrick,Endrick,Brazil,Brazil,2006-07-21 00:00:00,Centre-Forward,Attack,left,173.0,1041,Olympique Lyonnais,35000000.0,60000000.0,14.0,3.0
974894,David,Mokwa,David Mokwa,France,France,2004-05-03 00:00:00,Centre-Forward,Attack,right,180.0,533,Turn- und Sportgemeinschaft 1899 Hoffenheim Fußball-Spielbetriebs,1000000.0,1000000.0,3.0,1.0
974982,Ousmane,Diomande,Ousmane Diomande,Cote d'Ivoire,Cote d'Ivoire,2003-12-04 00:00:00,Centre-Back,Defender,right,190.0,336,Sporting Clube de Portugal,45000000.0,45000000.0,11.0,0.0
977464,,Arthur,Arthur,Brazil,Brazil,2003-03-17 00:00:00,Right-Back,Defender,right,174.0,15,Bayer 04 Leverkusen Fußball,7000000.0,7000000.0,1.0,0.0
981196,Joaquin,Seys,Joaquin Seys,Belgium,Belgium,2005-03-28 00:00:00,Left-Back,Defender,left,178.0,2282,Club Brugge Koninklijke Voetbalvereniging,17000000.0,17000000.0,2.0,0.0
988987,Matteo,Cocchi,Matteo Cocchi,Italy,Italy,2007-02-01 00:00:00,Left-Back,Defender,left,179.0,46,Football Club Internazionale Milano S.p.A.,1500000.0,1500000.0,1.0,0.0
990732,Ousmane,Touré,Ousmane Touré,France,France,2005-02-18 00:00:00,Centre-Back,Defender,right,187.0,1082,Lille Olympique Sporting Club,500000.0,500000.0,2.0,0.0
997861,Kauã,Santos,Kauã Santos,Brazil,Brazil,2003-04-11 00:00:00,Goalkeeper,Goalkeeper,right,196.0,24,Eintracht Frankfurt Fußball AG,7000000.0,10000000.0,2.0,0.0
997903,Givairo,Read,Givairo Read,Netherlands,Netherlands,2006-06-02 00:00:00,Right-Back,Defender,right,175.0,234,Feyenoord Rotterdam,25000000.0,25000000.0,1.0,0.0
1004834,George,Ilenikhena,George Ilenikhena,Nigeria,Nigeria,2006-08-16 00:00:00,Centre-Forward,Attack,left,185.0,8023,Al-Ittihad Football Club,12000000.0,15000000.0,,
1005240,Christian,Mawissa,Christian Mawissa,France,France,2005-04-18 00:00:00,Centre-Back,Defender,left,184.0,162,Association sportive de Monaco Football Club,15000000.0,15000000.0,5.0,0.0
1009485,Branko,Pavic,Branko Pavic,Croatia,Croatia,2006-11-07 00:00:00,Defensive Midfield,Midfield,,,144,Hrvatski Nogometni Klub Rijeka,400000.0,400000.0,2.0,0.0
1016015,Ngal'ayel,Mukau,Ngal'ayel Mukau,Belgium,DR Congo,2004-11-03 00:00:00,Defensive Midfield,Midfield,left,186.0,1082,Lille Olympique Sporting Club,12000000.0,15000000.0,11.0,0.0
1018259,Gift,Orban,Gift Orban,Nigeria,Nigeria,2002-07-17 00:00:00,Centre-Forward,Attack,right,178.0,276,Verona Hellas Football Club,10000000.0,20000000.0,,
1031774,Jarzinho,Malanga,Jarzinho Malanga,Germany,Germany,2006-07-10 00:00:00,Left Winger,Attack,right,179.0,79,Verein für Bewegungsspiele Stuttgart 1893,1700000.0,1700000.0,11.0,0.0
1033963,,Eguinaldo,Eguinaldo,Brazil,Brazil,2004-08-09 00:00:00,Left Winger,Attack,right,175.0,660,FC Shakhtar Donetsk,5000000.0,5000000.0,3.0,1.0
1035659,Younes,Lachaab,Younes Lachaab,France,France,2005-01-06 00:00:00,Left Winger,Attack,right,176.0,1082,Lille Olympique Sporting Club,50000.0,50000.0,,
1045123,Trey,Nyoni,Trey Nyoni,England,England,2007-06-30 00:00:00,Central Midfield,Midfield,right,180.0,31,Liverpool Football Club,6000000.0,6000000.0,11.0,1.0
1045344,Artem,Stepanov,Artem Stepanov,Ukraine,Ukraine,2007-08-10 00:00:00,Centre-Forward,Attack,right,192.0,200,Football Club Utrecht,1500000.0,1500000.0,5.0,1.0
1057565,Chris-Kévin,Nadje,Chris-Kévin Nadje,Cote d'Ivoire,Cote d'Ivoire,2001-08-14 00:00:00,Attacking Midfield,Midfield,right,190.0,798,Excelsior Rotterdam,,,1.0,0.0
1058368,Francesco,Camarda,Francesco Camarda,Italy,Italy,2008-03-10 00:00:00,Centre-Forward,Attack,right,189.0,1005,Unione Sportiva Lecce,15000000.0,15000000.0,4.0,4.0
1058515,Kacper,Koscierski,Kacper Koscierski,Germany,Germany,2007-06-23 00:00:00,Right-Back,Defender,right,179.0,80,VfL Bochum,700000.0,700000.0,6.0,0.0
1061568,Alexandre,Brito,Alexandre Brito,Portugal,Portugal,2005-07-19 00:00:00,Defensive Midfield,Midfield,right,190.0,336,Sporting Clube de Portugal,75000.0,75000.0,4.0,0.0
1061660,Selvi,Clua,Selvi Clua,Spain,Spain,2005-01-29 00:00:00,Defensive Midfield,Midfield,left,189.0,12321,Girona Fútbol Club S. A. D.,300000.0,300000.0,,
1061665,Jastin,Garcia,Jastin Garcia,Spain,Portugal,2004-01-15 00:00:00,Left Winger,Attack,right,180.0,12321,Girona Fútbol Club S. A. D.,200000.0,200000.0,2.0,0.0
1067904,Bazoumana,Touré,Bazoumana Touré,Cote d'Ivoire,Cote d'Ivoire,2006-03-02 00:00:00,Left Winger,Attack,left,175.0,533,Turn- und Sportgemeinschaft 1899 Hoffenheim Fußball-Spielbetriebs,35000000.0,35000000.0,4.0,2.0
1069512,Jonah,Kusi-Asare,Jonah Kusi-Asare,Sweden,Sweden,2007-07-04 00:00:00,Centre-Forward,Attack,right,196.0,931,Fulham Football Club,4000000.0,4000000.0,9.0,1.0
1072724,John,Mellberg,John Mellberg,England,Sweden,2006-07-30 00:00:00,Centre-Back,Defender,left,188.0,409,Fußballclub Red Bull Salzburg,2000000.0,2000000.0,0.0,0.0
1073997,Shio,Fukuda,Shio Fukuda,Japan,Japan,2004-04-08 00:00:00,Centre-Forward,Attack,right,178.0,18,Borussia Verein für Leibesübungen 1900 Mönchengladbach,800000.0,800000.0,3.0,0.0
1074526,Viggo,Gebel,Viggo Gebel,Germany,Germany,2007-11-22 00:00:00,Attacking Midfield,Midfield,right,175.0,23826,RasenBallsport Leipzig,350000.0,350000.0,1.0,0.0
1082823,,Newerton,Newerton,Brazil,Brazil,2005-06-03 00:00:00,Left Winger,Attack,right,165.0,660,FC Shakhtar Donetsk,6000000.0,6000000.0,,
1097139,Ayyoub,Bouaddi,Ayyoub Bouaddi,France,France,2007-10-02 00:00:00,Central Midfield,Midfield,right,186.0,1082,Lille Olympique Sporting Club,50000000.0,50000000.0,9.0,1.0
1108049,Amara,Nallo,Amara Nallo,,England,2006-11-18 00:00:00,Centre-Back,Defender,both,186.0,31,Liverpool Football Club,1000000.0,1000000.0,1.0,0.0
1108203,Min-su,Kim,Min-su Kim,"Korea, South","Korea, South",2006-01-19 00:00:00,Left Winger,Attack,right,177.0,12321,Girona Fútbol Club S. A. D.,2000000.0,2000000.0,0.0,0.0
1110406,Ibrahim,Osman,Ibrahim Osman,Ghana,Ghana,2004-11-29 00:00:00,Left Winger,Attack,right,179.0,337,,12000000.0,12000000.0,3.0,0.0
1132292,Faik,Sakar,Faik Sakar,Germany,Germany,2008-01-14 00:00:00,Attacking Midfield,Midfield,right,178.0,23826,RasenBallsport Leipzig,,,1.0,0.0
1137274,Leon,Jakirović,Leon Jakirović,Croatia,Croatia,2008-01-16 00:00:00,Centre-Back,Defender,left,191.0,419,GNK Dinamo Zagreb,,,0.0,0.0
1138758,Geovany,Quenda,Geovany Quenda,Guinea-Bissau,Portugal,2007-04-30 00:00:00,Right Winger,Attack,left,172.0,336,Sporting Clube de Portugal,42000000.0,45000000.0,12.0,5.0
1144999,Luck,Zogbé,Luck Zogbé,Cote d'Ivoire,Cote d'Ivoire,2005-03-24 00:00:00,Right-Back,Defender,right,178.0,3911,Stade brestois 29,1500000.0,3000000.0,0.0,0.0
1155608,Amady,Camara,Amady Camara,Mali,Mali,2005-05-28 00:00:00,Centre-Forward,Attack,left,180.0,995,Football Club de Nantes,1200000.0,2000000.0,2.0,0.0
1178758,Malick,Yalcouyé,Malick Yalcouyé,Mali,Cote d'Ivoire,2005-11-18 00:00:00,Central Midfield,Midfield,right,169.0,122,Sportklub Puntigamer Sturm Graz,14000000.0,17000000.0,1.0,0.0
1280281,Abdoulie,Ceesay,Abdoulie Ceesay,The Gambia,The Gambia,2004-01-05 00:00:00,Centre-Forward,Attack,,185.0,35,Fußball-Club St. Pauli von 1910,800000.0,800000.0,7.0,3.0
